Surface,TypeName,Comment,Radius,Thickness,Material,SemiDiameter,Conic,A2,A4,A6,A8,A10,A12,A14,A16
0,Standard,,Inf,Inf,"",Inf,0,NaN,NaN,NaN,NaN,NaN,NaN,NaN,NaN
1,Standard,,Inf,0.2,"",0.631261015033487,0,NaN,NaN,NaN,NaN,NaN,NaN,NaN,NaN
2,Even Asphere,,3.052,1.24,"1.53,56.0",0.804186581548346,-1.6816,0,-0.010491,-0.035682,0.023898,-0.039391,0,0,0
3,Even Asphere,,-2.078,0.41,"",1.04241729326967,1.1166,0,0.016224,0.019824,-0.055354,0.017107,0,0,0
4,Even Asphere,,-0.892,0.82,"1.58,30.0",1.04816828715199,-3.2715,0,-0.027322,0.073636,-0.059771,-0.0077937,0.015014,0,0
5,Even Asphere,,-2.639,0.2,"",1.29351416187316,-1.1677,0,0.035006,0.015424,-0.0021565,-0.0026532,0.0011001,0,0
6,Even Asphere,,1.28,1,"1.53,56.0",1.63764692749719,-3.847,0,0.014719,-0.012455,0.00097271,-0.00011216,4.4541e-06,0,0
7,Even Asphere,,2.15,1.596851854192,"",1.81641899193445,-1.2236,0,-0.023884,0.00053684,-0.003213,0.00090104,-7.7247e-05,0,0
8,Standard,,Inf,Inf,"",2.13582117569849,0,NaN,NaN,NaN,NaN,NaN,NaN,NaN,NaN
