Field,Poly,0.5500
0.0,0.87642509,0.87642509
1.6,0.84617923,0.84617923
3.2,0.75619621,0.75619621
4.8,0.60926073,0.60926073
6.4,0.4137181,0.4137181
8.0,0.21633682,0.21633682
9.6,0.29459798,0.29459798
11.2,0.62304047,0.62304047
12.8,1.0250782,1.0250782
14.4,1.4736078,1.4736078
16.0,1.9593879,1.9593879
17.6,2.4759396,2.4759396
19.2,3.0176119,3.0176119
20.8,3.5793003,3.5793003
22.4,4.1565345,4.1565345
24.0,4.7456879,4.7456879
