Field,Poly,0.5500
0.0,0.42034659,0.42034659
1.7066667,0.41237945,0.41237945
3.4133333,0.39245679,0.39245679
5.12,0.37400191,0.37400191
6.8266667,0.38129301,0.38129301
8.5333333,0.4395175,0.4395175
10.24,0.55528914,0.55528914
11.946667,0.71747265,0.71747265
13.653333,0.91050622,0.91050622
15.36,1.1179538,1.1179538
17.066667,1.3189022,1.3189022
18.773333,1.4813723,1.4813723
20.48,1.5531234,1.5531234
22.186667,1.4595361,1.4595361
23.893333,1.2659728,1.2659728
25.6,2.4462012,2.4462012
