Field,Poly,0.5500
0.0,0.66931277,0.66931277
4.1333333,0.7240491,0.7240491
8.2666667,0.8835954,0.8835954
12.4,1.1346888,1.1346888
16.533333,1.4567552,1.4567552
20.666667,1.823223,1.823223
24.8,2.2031394,2.2031394
28.933333,2.563136,2.563136
33.066667,2.8697404,2.8697404
37.2,3.0923207,3.0923207
41.333333,3.2075697,3.2075697
45.466667,3.20779,3.20779
49.6,3.1181011,3.1181011
53.733333,3.0306712,3.0306712
57.866667,3.1459286,3.1459286
62.0,3.7265894,3.7265894
