Field,Poly,0.5500
0.0,0.95490885,0.95490885
1.6,0.9470456,0.9470456
3.2,0.92538399,0.92538399
4.8,0.89628548,0.89628548
6.4,0.87215221,0.87215221
8.0,0.8730115,0.8730115
9.6,0.92461105,0.92461105
11.2,1.0495835,1.0495835
12.8,1.2575648,1.2575648
14.4,1.5442075,1.5442075
16.0,1.8946427,1.8946427
17.6,2.2810557,2.2810557
19.2,2.6498955,2.6498955
20.8,2.8940741,2.8940741
22.4,2.8087631,2.8087631
24.0,2.3758482,2.3758482
