Field,Poly,0.5500
0.0,1.1276545,1.1276545
1.5333333,1.1050087,1.1050087
3.0666667,1.0389304,1.0389304
4.6,0.93600995,0.93600995
6.1333333,0.81163441,0.81163441
7.6666667,0.70029956,0.70029956
9.2,0.66862625,0.66862625
10.733333,0.78390524,0.78390524
12.266667,1.0421516,1.0421516
13.8,1.4005103,1.4005103
15.333333,1.8296295,1.8296295
16.866667,2.3158375,2.3158375
18.4,2.8544107,2.8544107
19.933333,3.446391,3.446391
21.466667,4.0977506,4.0977506
23.0,4.8196154,4.8196154
