Field,Poly,0.5500
0.0,0.5439503,0.5439503
1.3333333,0.59444131,0.59444131
2.6666667,1.1315441,1.1315441
4.0,2.3211415,2.3211415
5.3333333,4.0848562,4.0848562
6.6666667,6.4138292,6.4138292
8.0,9.3290434,9.3290434
9.3333333,12.865546,12.865546
10.666667,17.070005,17.070005
12.0,22.002115,22.002115
13.333333,27.738745,27.738745
14.666667,34.38243,34.38243
16.0,42.07937,42.07937
17.333333,51.061846,51.061846
18.666667,61.76737,61.76737
20.0,75.293874,75.293874
