Field,Poly,0.5876
0.0,0.1133574,0.1133574
1.3333333,0.11471983,0.11471983
2.6666667,0.12273817,0.12273817
4.0,0.14664727,0.14664727
5.3333333,0.19360401,0.19360401
6.6666667,0.26494005,0.26494005
8.0,0.35948924,0.35948924
9.3333333,0.47629011,0.47629011
10.666667,0.61504555,0.61504555
12.0,0.77595339,0.77595339
13.333333,0.95953057,0.95953057
14.666667,1.166503,1.166503
16.0,1.3977382,1.3977382
17.333333,1.6541983,1.6541983
18.666667,1.9369006,1.9369006
20.0,2.2468757,2.2468757
