File Name,Tan Shift,Sag Shift,Long_0.4861,Long_0.5876,Long_0.6563,Poly,RMS_0.4861,RMS_0.5876,RMS_0.6563,Rel. Ill,Effective F/#
CH321571_Example01P_LensData_21.6_5.6_60,-0.13159947,-0.13159947,-0.13160776,-0.001368239,0.11885515,0.26699211,0.41067344,0.21122786,0.024175809,1,5.8737904
CH346706_Example01P_LensData_21.6_1.9_50,-0.04030123,-0.04030123,-0.040313537,0.008002982,0.062620265,1.6562049,2.4701117,1.383317,0.46263057,1,2.1056026
CN110161666_Example02P_LensData_14.2_2.82_65,-0.000906932,-0.000906932,-0.000907141,0.002756856,0.04797212,0.25651484,0.2876576,0.098816143,0.32386428,1,3.0350927
CN207216120_Example01P_LensData_21.6_2.8_40,0.036871602,0.036871602,0.036856464,0.13993274,0.20823109,0.45969997,0.69972538,0.14820646,0.34984488,1,2.9704239
CN210573001_Example01P_LensData_21.6_14_24,0.65331533,0.65331533,0.65328829,0.037613595,0.61197728,0.13543776,0.1960649,0.016925478,0.12768023,1,14.687888
CN211955965_Example01P_LensData_14.4_1.4_56,-0.04501423,-0.04501423,-0.045012143,-0.05750457,-0.027848951,0.52807322,0.48409845,0.34280251,0.69621772,1,1.89687
Cox1-01_LensData_3.9_5.3_27,0.061287407,0.061287407,0.061288858,-0.020734149,-0.034287561,0.14691687,0.25168267,0.01440258,0.034671285,1,5.623481
Cox1-03_LensData_3.57_5.1_25.4,0.06231732,0.06231732,0.062316867,0.015991466,0.014922021,0.10069417,0.17367049,0.00771703,0.014034176,1,5.2453897
Cox1-04_LensData_3.51_5_25,0.022140487,0.022140487,0.022140631,1.8810848e-05,0.009297204,0.046413298,0.078422529,0.000719703,0.017662717,1,5.2530051
Cox1-05_LensData_3.51_7.6_25,0.014865131,0.014865131,0.014865216,0.000715558,0.011840776,0.013380154,0.02117937,0.000144619,0.009407386,1,8.0791283
Cox1-06_LensData_3.51_3.9_25,0.012769096,0.012769096,0.012769235,0.004463542,0.017434375,0.061149013,0.10080643,0.003553963,0.032296123,1,4.1978817
DE00753329_Example01P_LensData_21.6_2.8_50,-0.047679191,-0.047679191,-0.047702266,-0.009416098,0.042711603,1.9534038,2.1260728,2.0338155,1.6705593,1,3.0528342
DE00975637_Example01P_LensData_107_8_90,-0.14152151,-0.14152151,-0.14155031,0.001977005,0.17170124,0.34978665,0.40049209,0.3785984,0.2516375,1,8.3826398
DE01022027_Example01P_LensData_21.6_3.5_100,-0.10585115,-0.10585115,-0.10585358,0.11070287,0.26529872,0.41663195,0.47259288,0.091898079,0.53754744,1,3.65447
DE01045120_Example01P_LensData_21.6_1.4_50,-0.039605552,-0.039605552,-0.039615947,0.001030534,0.048295413,1.7569974,2.5168543,1.4163755,0.95939781,1,1.4568093
DE01096057_Example01P_LensData_21.6_4_200,0.25489515,0.25489515,0.25488995,0.35810552,0.55616709,1.7216764,1.6645046,1.5050043,1.963898,1,4.1705084
DE01157000_Example01P_LensData_35_4_50,-0.30537784,-0.30537784,-0.30539477,-0.002167177,0.17699161,1.1969798,1.8844303,0.82130671,0.26955468,1,4.1912735
DE01250153_Example02P_LensData_21.63_2.8_25,-0.014585066,-0.014585066,-0.014595806,-0.001597238,0.040211653,0.32627999,0.3976772,0.31944299,0.24327951,1,2.9184279
DE02205380_Example03P_LensData_21.6_3.5_28,-0.022357461,-0.022357461,-0.022365689,-0.001782969,0.042214642,0.58038288,0.57943388,0.66149464,0.48704626,1,3.6570255
DE02206106_Example01P_LensData_21.6_11_1000,0.8893442,0.8893442,0.88938647,-0.003543858,0.74150569,0.75995894,1.0756038,0.38523847,0.65366696,1,11.523776
DE02246966_Example01P_LensData_21.6_4_90,-0.10243165,-0.10243165,-0.10244053,-0.000201281,0.12001062,0.60691228,0.85049027,0.58250065,0.20588067,1,4.1937498
DE02729831_Example01P_LensData_70.5_5.6_100,-0.054406977,-0.054406977,-0.054428066,0.002847159,0.10866515,0.36297539,0.53496599,0.31849661,0.087319526,1,5.8811434
DE03026282_Example01P_LensData_77.5_8_90,-0.17348806,-0.17348806,-0.17350438,0.004000971,0.14355013,0.41663335,0.62009502,0.32660209,0.17193977,1,8.3924384
EP1357414A1_ex1_LensData_3.9_2.88_3.33,-0.011059112,-0.011059112,-0.0363,0.000387,0.0171,0.5064,0.8003,0.3225,0.1574,1,3.0205991
FR1066698_Example01P_LensData_21.6_2.8_50,-0.099592328,-0.099592328,-0.099620051,0.00268038,0.078065878,2.4116536,3.0674963,2.2757053,1.6911096,1,2.9358131
FR1233449_Example01P_LensData_21.6_1.4_35,-0.028484287,-0.028484287,-0.028500276,-0.025110746,-0.000919061,2.7712058,3.3127637,2.8365593,2.0045631,1,1.484442
GB0720808_Example01P_LensData_21.6_3.5_28,-0.089568928,-0.089568928,-0.089575614,0.00289539,0.076928254,0.27113627,0.40642344,0.18716056,0.14260276,1,3.7177576
GB0978797_Example01P_LensData_21.6_4_20,-0.096518029,-0.096518029,-0.096539998,0.000135774,0.072550119,0.74712182,0.99221538,0.69628959,0.45305907,1,4.1994001
GB1408910_Example02P_LensData_21.6_2.3_135,-0.07644813,-0.07644813,-0.076458849,0.001627032,0.14423189,1.3623552,1.6025637,0.78930727,1.5416935,1,2.4239283
HandbookCamFig01_LensData_21_1.3_55,-0.01686528,-0.01686528,-0.01687,0.00988,0.07644,4.2948,4.809,2.9945,4.8211,1,1.290366
HandbookCamFig02_LensData_21_3.2_85,-0.00903863,-0.00903863,-0.009039,0.01828,0.09577,0.3576,0.1299,0.0241,0.6052,1,2.619113
HandbookCamFig03_LensData_21_3.2_35,-0.1167996,-0.1167996,-0.1168,0.08416,0.1917,0.9785,1.6339,0.2226,0.3917,1,3.337258
HandbookCamFig06_LensData_21_1.4_20,0.17027251,0.17027251,0.1702,0.2499,0.3158,1.5118,0.4538,0.9588,2.3941,1,1.433321
HandbookCamFig07_LensData_21_2_24,0.03600815,0.03600815,0.036,0.1198,0.1942,0.6584,0.8131,0.2425,0.7801,1,2.152487
HandbookCamFig08_LensData_21_1.4_27,0.03600815,0.03600815,0.036,0.1198,0.1942,0.6655,0.8131,0.2425,0.7801,1,2.152487
HandbookCamFig12_LensData_21_2.9_200,0.01102091,0.01102091,0.01102,0.05177,0.1574,0.4874,0.2359,0.1758,0.7913,1,2.976627
HandbookCamFig13_LensData_21_2.1_300,-0.27696578,-0.27696578,-0.277,-0.1915,-0.0491,1.8196,1.4809,1.11,2.551,1,2.137866
HandbookCamFig16_LensData_NA_NA_NA,-1.48238947,-1.48238947,-1.482,-1.926,-1.981,1.4383,2.0955,1.0152,0.8856,1,6.187693
Imaging_Optics_Figure_7_19a_LensData_24_4.4_100,0.37993726,0.37993726,0.3799,0.4084,0.4891,0.9932,1.1238,0.8758,0.9641,1,4.608832
Imaging_Optics_Figure_7_19b_LensData_24_4.4_100,0.77156476,0.77156476,0.7715,0.7651,0.8357,1.0738,1.3139,0.9124,0.9489,1,4.616585
Imaging_Optics_Figure_7_20_LensData_23_3.4_100,0.01406117,0.01406117,0.01407,0.0918,0.1949,1.2834,1.436,1.1341,1.2621,0.998824,4.168038
Imaging_Optics_Figure_7_24_LensData_24_4.4_50,0.17920399,0.17920399,0.1792,0.3837,0.4964,0.5857,0.1561,0.5875,0.8121,1,4.739355
Imaging_Optics_Figure_7_28_US1792917_LensData_61.8_4.5_100,0.20529582,0.20529582,0.2052,0.3319,0.4588,0.6197,0.9785,0.4389,0.0453,1,4.708255
Imaging_Optics_Figure_7_6_LensData_1_5_100,0.02783701,0.02783701,0.02783,0.06308,0.08955,0.0693,0.0872,0.0679,0.0468,0.992569,5.32148
Imaging_Optics_Figure_7_7_LensData_1_5_100,0.04692476,0.04692476,0.04692,0.07689,0.09131,0.0415,0.0301,0.0451,0.0471,0.992578,5.319204
JP1963-002613_Example01_Tale12_LensData_21.6_3.5_28,-0.099903753,-0.099903753,-0.099916553,-0.001858438,0.070841375,0.85366772,1.1584534,0.78214296,0.48216586,1,3.6612806
JP1963-026133_Example01_Tale12_LensData_21.6_3.5_28,-0.099903753,-0.099903753,-0.099916553,-0.001858438,0.070841375,0.85366772,1.1584534,0.78214296,0.48216586,1,3.6612806
JP1973-071634_Example02P_LensData_21.6_5.6_15,0.45706478,0.45706478,0.45706176,0.45933783,0.49755809,0.79014126,0.90775427,0.73237381,0.71594721,1,5.8160607
JP1976-023175_Example02P_LensData_21.6_5.6_15,0.45706478,0.45706478,0.45706176,0.45933783,0.49755809,0.79014126,0.90775427,0.73237381,0.71594721,1,5.8160607
JP1976-062037_Example01P_LensData_21.6_2.8_135,-0.17108905,-0.17108905,-0.17109559,0.001124955,0.17141238,0.99737316,1.5583897,0.61266325,0.42464701,1,2.9326447
JP1978-087728_Example01P_LensData_35_4_80,-0.052239699,-0.052239699,-0.052246794,-0.001893556,0.077014298,0.30973215,0.45314491,0.28674636,0.015434295,1,4.2026519
JP1979-030821_Example01P_LensData_21.6_1.8_40,-0.059495975,-0.059495975,-0.059509008,-0.012035492,0.036114677,1.5867797,1.9620023,1.6592485,0.97521816,1,1.8818276
JP1979-055423_Example01P_LensData_21.6_3.5_135,-0.10756592,-0.10756592,-0.10757803,0.021752678,0.19832036,0.61546438,0.90318207,0.54163087,0.16518887,1,3.6640681
JP1979-055424_Example01P_LensData_21.6_4_200,-0.171842,-0.171842,-0.17185001,0.004278223,0.25101452,0.7415416,1.0016148,0.11998579,0.79499872,1,4.1819213
JP1980-017129_Example01P_LensData_21.6_2.8_21,-0.090703354,-0.090703354,-0.090713909,-0.002779903,0.060757076,0.92530664,1.2902947,0.83977184,0.44553342,1,2.9210386
JP1980-028038_Example01_Tale26_LensData_21.6_2.8_55,-0.10413983,-0.10413983,-0.10414223,-0.034788794,0.031872264,1.0472703,1.4456631,0.96641431,0.51616522,1,2.9356128
JP1980-087117_Example01P_LensData_21.6_2.8_24,-0.10244764,-0.10244764,-0.10246159,-0.027367373,0.032215311,1.2437272,1.6836611,1.1477646,0.69892338,1,2.9177904
JP1981-035116_Example01P_LensData_21.6_5.6_600,-0.82434155,-0.82434155,-0.82434471,-1.0014621,-0.27633235,2.0724389,2.4773463,2.428811,0.92121734,1,5.8947315
JP1981-159613_Example01P_LensData_21.6_2.8_300,0.16937646,0.16937646,0.16937726,0.038353551,0.25895567,1.4135693,1.6922596,0.23578013,1.7536246,1,2.9298491
JP1982-108817_Example01P_LensData_21.6_1.8_50,-0.073060443,-0.073060443,-0.073065452,-0.000310095,0.06337015,1.0150929,1.5875716,0.70465957,0.2726029,1,1.8925072
JP1983-014810_Example03P_LensData_21.6_2.8_350,-0.41221984,-0.41221984,-0.41222205,-0.00440622,0.44670334,3.1889735,4.4472987,0.031532316,3.2755452,1,2.9290148
JP1985-111215_ExampleMLP_LensData_21.6_1.7_50,-0.079630296,-0.079630296,-0.07964177,0.003682459,0.072211161,2.9388965,4.3878815,2.388484,0.97620587,1,1.8181683
JP1986-090115_Example04P_LensData_20.57_4.5_105,0.19905987,0.19905987,0.19903166,-0.002536095,0.041488684,0.61355905,0.16258237,0.83467068,0.63738211,1,4.718969
JP1987-244010_Example01P_LensData,-0.086536327,-0.086536327,-0.086547188,0.004448682,0.09648422,3.2456532,5.0937112,2.3423994,0.4123902,1,1.4709212
JP1987-244010_Example02P_LensData,-0.083676429,-0.083676429,-0.083679121,0.001089677,0.10497228,1.1171066,1.674202,0.77851249,0.57857324,1,2.0953508
JP1987-249119_Example04P_LensData_21.6_2.8_20,-0.02144289,-0.02144289,-0.021471152,0.003253558,0.047467597,2.5138426,3.2981286,2.3146929,1.6500785,1,2.9099679
JP1988-017421_Example03P_LensData_21.6_2.8_15,-0.035823901,-0.035823901,-0.035832062,0.003443053,0.054577659,0.82453529,1.1168035,0.79366855,0.4030081,1,2.9268969
JP1989-031113_Example05P_LensData_21.6_2.8_28,-0.45118302,-0.45118302,-0.45120085,-0.38360363,-0.32371529,4.9132836,5.8331352,4.7507864,3.978144,1,2.954696
JP1990-248910_Example01P_LensData_21.6_2.8_15,-0.069225286,-0.069225286,-0.06923516,-0.004452938,0.058315371,1.3225947,1.5733464,1.3622066,0.9574675,1,2.9185912
JP1994-029897_Example04P_LensData_20.6_4.5_105,0.19905987,0.19905987,0.19903166,-0.002536095,0.041488684,0.61355905,0.16258237,0.83467068,0.63738211,1,4.718969
JP1996-110467_Example01P_LensData_21.6_1.8_85,-0.1099108,-0.1099108,-0.10991369,-0.004965441,0.093031088,1.8805754,3.035096,1.0135742,0.60872879,1,1.8839602
JP1997-211319_Example01P_LensData_21.6_3.5_180,0.030093428,0.030093428,0.030095011,0.004693315,0.28911308,0.41301967,0.27339658,0.007537364,0.66102439,1,5.0154476
JP1998-206729_Example01P_LensData_35_4.5_300,0.077835106,0.077835106,0.07783534,0.005858514,0.239541,0.3616588,0.22378222,0.035998697,0.58396651,1,4.8464465
JP1999-231209_Example01P_LensData,-0.002770931,-0.002770931,-0.002770385,0.000104858,0.10895232,0.31654685,0.1714554,0.19168256,0.48421748,1,2.9639328
JP2000-028919_Example01P_LensData_44.8_8_210,-0.052470985,-0.052470985,-0.052472007,-0.002038756,0.20834763,0.07657317,0.047562739,0.048021041,0.11411449,1,8.5451115
JP2000-275517_Example01_Tale24_LensData_4_NA_NA,0.016252372,0.016252372,0.016250176,-1.51E-05,-0.003586496,0.17017008,0.13362819,0.1878385,0.18366755,1,3.7004118
JP2000-292689_Example02P_LensData_33.31_2.8_85,-0.086809078,-0.086809078,-0.086815017,-0.002591021,0.095096312,0.81314944,1.2305152,0.68017011,0.082686188,1,2.9800421
JP2001-033704_Example01P_LensData_21.6_3.5_180,0.14179419,0.14179419,0.14180408,-2.66E-05,0.10616151,0.93078012,1.3055094,0.41886295,0.84808842,1,3.7752535
JP2001-174702_Example01_Tale24_LensData_4.47_NA_NA,-0.03695887,-0.03695887,-0.036953543,-9.89E-05,0.067262859,0.16155438,0.10191338,0.084161381,0.24663733,0.99918317,4.4126404
JP2003-005030_Example06_Tale78_LensData_21.6_2.8_45,-0.11663387,-0.11663387,-0.11664936,-9.94E-05,0.077461325,1.5458623,2.1591448,1.3435168,0.83793019,1,3.0357609
JP2003-185916_Example01P_LensData_34.85_4_120,0.041442975,0.041442975,0.041443071,-0.00435861,0.082529132,0.23352146,0.08852454,0.025183697,0.39386038,1,4.1871642
JP2008-003108_Example01P_LensData_11.3_3.5_8,-0.015612264,-0.015612264,-0.015621508,-6.20E-05,0.050512322,0.54570902,0.65114307,0.59577146,0.33832542,1,3.6600836
JP2008-145584_Example01P_LensData_21.6_2_200,0.11011096,0.11011096,0.11011132,0.018283353,0.12449396,1.3664277,1.7740912,0.15136026,1.5591872,1,2.1463891
JP2011-170128_Example05P_LensData_21.6_1.4_85,-0.067758592,-0.067758592,-0.067758766,0.002037736,0.075624633,1.7513375,2.6192283,0.55236273,1.4269152,1,1.5269419
JP2011-248340_Example01P_LensData_8.2_2.8_10,-0.005318965,-0.005318965,-0.005318259,0.004436749,0.019983081,0.080210185,0.07574853,0.022532463,0.11426053,1,3.0571283
JP2012-234169_Example01P_LensData_14.2_2.8_30,-0.027754447,-0.027754447,-0.02775916,0.000228809,0.031525209,0.57925687,0.84782546,0.48776885,0.22335866,1,3.0349223
JP2012-242690_Example02P_LensData_14.2_1.8_50,-0.024415164,-0.024415164,-0.024415649,0.045618718,0.10454355,0.72195494,0.57013589,0.31010613,1.068848,1,1.9411858
JP2013-003324_Example02P_LensData_10.8_1.4_25,-0.018132357,-0.018132357,-0.01812967,0.001736691,0.030267226,0.65732645,0.69621455,0.082060113,0.89709845,1,1.5168064
JP2013-054269_Example01P_LensData_21.6_2.8_28,-0.075463512,-0.075463512,-0.075460522,-0.00833112,0.049034209,0.44845002,0.70285914,0.30663347,0.12364144,0.99471373,3.0317278
JP2013-104994_Example02P_LensData_21.6_2.8_180,0.07875286,0.07875286,0.078752537,0.002964065,0.087331603,0.52642631,0.60336346,0.079613104,0.67896116,1,3.0581605
JP2013-161076_Example01P_LensData_10.8_1.8_75,-0.032615932,-0.032615932,-0.032614463,-0.000676539,0.061197171,0.57991306,0.21746082,0.057496382,0.97892922,1,1.8717932
JP2013-250290_Example01TCP_LensData_21.6_9_975,0.00449839,0.00449839,0.004498974,-0.012244516,-0.029525946,0.010733452,0.01441546,0.002260631,0.011519768,1,9.4665477
JP2014-026184_Example04P_LensData_14.2_1.8_50,-0.086770638,-0.086770638,-0.086775946,-0.001569588,0.068494246,2.2947065,3.3930996,1.9201357,0.77264982,1,1.8932653
JP2014-145954_Example01P_LensData_14.2_2.8_60,-0.013628556,-0.013628556,-0.013630628,0.00159965,0.044605935,0.19229389,0.26224049,0.16481219,0.12246504,1,3.0656399
JP2015-041003_Example01MLP_LensData_21.6_1.4_50,-0.027910053,-0.027910053,-0.027917781,-0.00263118,0.042858194,1.9347307,2.226965,2.2577306,1.0829717,1,1.5261105
JP2015-096915_Example02P_LensData_21.63_85_18,-0.084861479,-0.084861479,-0.084858876,-0.042844468,0.020149773,0.68828844,0.99638948,0.44041839,0.48421337,1,1.9373775
JP2015-102734_Example01MLP_LensData_21.63_2.8_300,0.25474224,0.25474224,0.25474583,-0.13725695,0.30852584,1.0407883,1.3479798,0.10448975,1.192373,1,4.791407
JP2015-111192_Example01P_LensData_13.66_2.8_24,-0.004226637,-0.004226637,-0.004222171,0.006727948,0.041210186,0.18021677,0.10324512,0.050840685,0.29015499,1,3.019141
JP2015-161792_Example01P_LensData_14_2.8_50,0.16890411,0.16890411,0.1689,0.08651,0.09324,0.087,0.135,0.0283,0.0606,0.993933,6.226905
JP2015-215560_Example01P_LensData_21.63_4_500,0.31962694,0.31962694,0.31962715,-0.000200806,0.33346091,1.0945742,1.4917807,0.068424302,1.167984,1,4.3214553
JP2016-099362_Example06P_LensData_11.15_3.5_30,-0.026456938,-0.026456938,-0.026455259,-0.024725517,0.004109314,0.09380522,0.095183817,0.1278916,0.031337473,1,3.7347588
JP2016-184136_Example07P_LensData_11.6_1.8_8,-0.041253232,-0.041253232,-0.041264247,-2.72E-05,0.037064511,1.9896863,2.7750675,1.7563433,1.0444199,1,1.9702283
JP2016-188967_Example01P_LensData_21.6_18_28,-0.006612377,-0.006612377,-0.006608365,-0.023207582,0.015058877,0.16394807,0.12435636,0.057212878,0.24879527,1,3.0090111
JP2016-191761_MLP_LensData_21.6_2.8_400,0.25926707,0.25926707,0.25926721,0.025693267,0.27364552,1.7155128,2.3302653,0.19264633,1.8334949,1,3.0709931
JP2017-161685_Example02P_LensData_33_4_19,0.10754763,0.10754763,0.10754995,0.059388914,0.10827522,0.33001067,0.46088673,0.1580691,0.29886235,1,4.2758665
JP2017-167327_Example01P_LensData_10.82_1.4_12,0.004629831,0.004629831,0.004629477,-0.00020638,0.02121176,0.50053688,0.17849975,0.10259038,0.84215471,0.99881774,1.5156076
JP2018-005099_Example04P_LensData_21.63_1.4_85,-0.016934057,-0.016934057,-0.016935969,0.000193301,0.060212388,0.87707286,0.65287429,0.27046468,1.3447581,1,1.5302431
JP2018-049102_Example01P_LensData_21.6_2_135,-0.015620102,-0.015620102,-0.015621055,-0.00430576,0.1044495,0.88737874,0.22708217,0.059296016,1.5189604,1,2.1804442
JP2018-132674_Example01P_LensData_33.63_4_135,-0.062801817,-0.062801817,-0.062798689,-0.025677176,0.1010628,0.22278834,0.087426885,0.027004044,0.37487499,1,4.245359
JP2018-205474_Example01P_LensData_34_2.8_90,-0.039564587,-0.039564587,-0.03956739,-0.030311426,0.041423809,0.43562848,0.46366017,0.58432104,0.11359882,1,3.0484134
JP2019-023693_Example01P_LensData_10.82_1.2_45,-0.00795985,-0.00795985,-0.007959685,0.000505956,0.022446619,0.61583697,0.79381951,0.31528706,0.63891329,1,1.3503519
JP2019-090947_Example04P_LensData_21.6_1.8_35,-0.00910742,-0.00910742,-0.009104795,0.003660908,0.046014904,0.49974074,0.34360933,0.099278041,0.78822517,0.99524021,1.9548143
JP2019-144441_Example01P_LensData_21.6_2.8_70,0.048249928,0.048249928,0.048248857,0.010259941,0.05958521,0.33539947,0.36964008,0.08440778,0.44013629,1,3.0425561
JP2019-144477_Example01P_LensData_21.6_1.4_105,0.006364028,0.006364028,0.006363348,0.000564329,0.051532278,0.65731404,0.169551,0.37513852,1.0614654,1,1.5298837
JP2019-152887_Example03P_LensData_21.6_2.8_400,0.19368314,0.19368314,0.19368544,0.002994688,0.24283267,1.5174205,1.9368851,0.17627009,1.7677953,1,3.0258089
JP2019-219472_Example06P_LensData_21.6_1.4_28,-0.007181869,-0.007181869,-0.007172224,0.000417762,0.04165404,0.88391736,0.47944489,0.28115972,1.4265383,1,1.5294567
JP2020-030383_Example01P_LensData_14_1.4_56,-0.012164644,-0.012164644,-0.012166574,-0.000201607,0.030840946,0.66166184,0.78641826,0.11871851,0.82513115,1,1.5248882
JP2020-173366_Example03P_LensData_21.6_1.8_85,-0.004048279,-0.004048279,-0.004050407,0.002257146,0.052440569,0.98959708,1.124585,1.2023468,0.47705125,1,1.9387648
JP2020-190696_Example01MLP_LensData_21.64_4_17,0.015599756,0.015599756,0.01559692,-0.002274301,0.038181949,0.13304835,0.043762549,0.20701444,0.091298699,1,4.3276854
JP2020-190696_Example03MLP_LensData_21.6_2.8_24,-0.04037756,-0.04037756,-0.040377764,0.001982711,0.052708227,0.33947717,0.51365381,0.13000732,0.25493549,0.99503843,3.0789736
JP2021-047297_Example01P_LensData_21.6_2.8_100,0.030971437,0.030971437,0.030969196,-0.002716113,0.066371834,0.23460027,0.23821246,0.31797199,0.085208575,1,3.0950045
JP2021-189351_Example04P_LensData_21.63_2_40,-0.034578633,-0.034578633,-0.034587185,0.000163728,0.040524964,1.2917594,1.9049969,1.0970843,0.41631671,1,2.1362396
JP2021-189377_Example01P_LensData_21.7_4_24,0.036410522,0.036410522,0.03640664,0.000453177,0.038168596,0.19985241,0.16475268,0.27759739,0.12497678,1,4.2542054
JP2022-030896_Example01P_LensData_19.92_2.8_24,0.033976251,0.033976251,0.033978393,0.008484189,0.033836504,0.16829641,0.12218044,0.008989605,0.26450363,1,3.0147614
KR1020140184971_Example01P_LensData_21.6_1.4_50,0.019899018,0.019899018,0.01987908,0.094697343,0.15958615,1.1629693,0.57462804,0.49992783,1.8647702,1,1.5421105
KR1020150155317_Example01P_LensData_21_2_135,0.024145561,0.024145561,0.024143654,0.002242792,0.076307781,0.42261421,0.13805924,0.6699944,0.26049083,1,2.1997169
KR1020200129711_Example02P_LensData_21.6_1.4_85,-0.075922839,-0.075922839,-0.075931673,0.001540582,0.084458236,1.7522511,2.6911642,0.81943032,1.139,1,1.5487239
Note01Fig1_LensData_21_4_21,0.56586609,0.56586609,0.5658,0.5754,0.6073,0.6234,0.7005,0.6089,0.5518,1,4.104015
Note02Fig1_LensData_21_2_50,0.40133719,0.40133719,0.4013,0.4275,0.4795,1.6348,1.8488,1.4593,1.5716,1,2.076019
Note02Fig2_LensData_21_4_50,-0.02642873,-0.02642873,-0.02643,-0.04488,-0.008991,0.1465,0.1863,0.0765,0.1544,1,4.202655
Note03Fig1_LensData_21_1.8_35,-0.15506038,-0.15506038,-0.1551,0.3247,0.5333,7.3721,12.0335,1.3302,4.0582,1,1.861683
Note05Fig1_LensData_21_NA_NA,0.21411091,0.21411091,0.2141,0.3749,0.7828,1.9183,0.5795,0.8351,3.1633,1,2.605846
Note05Fig2_LensData_21_2.5_105,0.13094815,0.13094815,0.1309,0.1575,0.2538,0.63,0.5464,0.2519,0.9104,1,2.616863
Note06Fig1_LensData_21_6_10,0.03710335,0.03710335,0.0371,0.1163,0.1804,0.1181,0.1686,0.0515,0.1036,0.989921,6.294501
Note07Fig1_LensData_21_NA_NA,0.21306819,0.21306819,0.2131,0.2989,0.363,3.2908,4.5728,2.3359,2.474,1,1.567486
Note11-Fig1_LensData_21_2.8_300,0.04967514,0.04967514,0.04967,0.1203,0.2873,0.6065,0.1511,0.1337,1.031,1,3.137118
Note12Fig1_LensData_21_3.5_38,0.10760394,0.10760394,0.1076,0.2041,0.283,0.2534,0.2785,0.1685,0.2944,1,4.17496
Note14-Fig1_LensData_21_2.8_24,0.43912075,0.43912075,0.4391,0.4143,0.4508,0.445,0.5157,0.4203,0.3893,1,4.171759
Note16-Fig1_LensData_21_1.3_58,0.16131166,0.16131166,0.1613,0.2266,0.2986,4.0558,5.3812,1.335,4.3138,0.998044,1.377755
Note17-Fig1_LensData_21_4_28,0.41408484,0.41408484,0.4141,0.3511,0.3778,0.4198,0.5451,0.354,0.3259,1,4.174191
Note19-Fig1_LensData_21_1.5_85,0.24624077,0.24624077,0.2462,0.4014,0.5238,2.9541,3.4266,1.9616,3.2543,1,1.564054
Note20-Fig1_LensData_21_3.7_20,-0.27387644,-0.27387644,-0.2739,-1.27E-05,0.1408,1.5462,2.4665,0.9673,0.3907,1,3.989014
Note21-Fig1_LensData_21_4_105,0.30097016,0.30097016,0.301,0.1932,0.2491,0.5287,0.869,0.1303,0.2577,1,4.183559
Note23-Fig1_LensData_21_2.8_80,0.17085824,0.17085824,0.1709,0.1108,0.1526,0.4997,0.7773,0.1709,0.3401,1,2.938688
Note24-Fig2_LensData_21_NA_0,0.0100253,0.0100253,0.01002,0.03028,0.03952,0.1437,0.0234,0.1512,0.1962,1,3.039099
Note24-Fig3_LensData_21_NA_0,0.17895261,0.17895261,0.179,0.1907,0.1957,1.3553,1.4879,1.3332,1.2326,1,2.901972
Note24-Fig4_LensData_21_NA_0,0.47674553,0.47674553,0.4767,-0.03235,-0.2011,0.9195,1.5443,0.022,0.3885,1,5.188439
Note26-Fig1_LensData_21_2.8_55,-0.13206846,-0.13206846,-0.1321,0.2265,0.4132,2.1267,3.4099,0.5104,1.2963,1,2.922612
Note27-Fig1_LensData_21_1.45_35,-0.11160284,-0.11160284,-0.1116,0.1339,0.2827,3.601,5.6975,1.4682,2.0698,1,1.879833
Note30-Fig1_LensData_21_3_135,-0.20021303,-0.20021303,-0.2002,0.3207,1.435,3.6784,1.0143,0.4841,6.2712,1,3.142272
Note31-Fig1_LensData_21_2_200,0.40332807,0.40332807,0.4033,0.3015,0.5224,3.6901,5.7653,0.9755,2.5808,1,2.088432
Note32-Fig1_LensData_21_1.85_85,0.18562209,0.18562209,0.1856,0.2815,0.3869,1.5197,1.7464,0.9626,1.7182,1,2.089238
Note32-Fig2_LensData_21_2_135,-0.39434628,-0.39434628,-0.3943,-0.1016,0.09614,2.3986,3.2458,0.9005,2.4319,1,2.417561
Note33-Fig1_LensData_21_2.8_35,0.13173641,0.13173641,0.1317,0.4708,0.6318,2.1618,3.3428,0.9476,1.3953,1,2.875169
Note34-Fig1_LensData_21_2_50,0.02645203,0.02645203,0.02643,0.3672,0.5337,3.4323,5.1051,0.976,2.8857,0.993965,2.098456
Note36-Fig1_LensData_21_2_85,-0.42719616,-0.42719616,-0.4272,-0.4036,-0.3386,3.749,5.169,2.9664,2.5782,1,2.132615
Note37-Fig1_LensData_21_2.5_35,0.34371558,0.34371558,0.3437,0.3224,0.3381,0.9266,1.0687,0.8937,0.7969,1,2.608569
Note38-Fig1_LensData_21_2.8_35,0.95390663,0.95390663,0.9539,1.065,1.147,2.5138,2.8822,2.4114,2.1991,1,2.866982
Note38-Fig2_LensData_21_2.8_35,0.39876978,0.39876978,0.3987,0.4795,0.5429,1.0559,1.2483,0.9498,0.9404,0.971802,3.4394
Note38-Fig3_LensData_21_2.8_35,-0.25685089,-0.25685089,-0.2569,-1.46E-05,0.1402,2.5933,4.19,1.5505,0.464,1,2.932505
Note40-Fig1_LensData_21_2_58,0.17378363,0.17378363,0.1738,0.2988,0.382,1.0364,0.7872,0.8291,1.3839,1,2.074227
Note41-Fig1_LensData_21_1.4_85,-0.1618925,-0.1618925,-0.1619,0.02812,0.1529,2.566,3.801,0.293,2.2845,1,1.883539
Note43-Fig1_LensData_21_4_135,0.36396952,0.36396952,0.364,0.3982,0.5197,0.4351,0.4812,0.353,0.4603,1,4.362106
Note44-Fig1_LensData_21_1.4_50,0.0118495,0.0118495,0.01183,0.1517,0.2434,3.9772,3.0067,2.9664,5.442,1,1.464986
Note45-Fig1_LensData_21_2.5_105,0.41410699,0.41410699,0.4141,0.3522,0.4145,1.3479,2.0309,0.7829,0.8442,1,2.601212
Note53-Fig1_LensData_21_3.5_15,0.11431716,0.11431716,0.1143,0.2426,0.3286,0.5422,0.7442,0.3265,0.4708,1,3.556693
Note57-Fig1_LensData_21_2.85_28,0.61380918,0.61380918,0.6138,0.9377,1.106,2.8463,3.9822,2.005,2.1039,1,2.882823
Note59-Fig1_LensData_21_1.85_105,0.38318312,0.38318312,0.3832,0.3838,0.4752,2.0002,2.0949,1.7603,2.1249,1,1.876857
Note60-Fig1_LensData_21_1.8_50,0.17963075,0.17963075,0.1796,0.2803,0.3612,1.1876,0.6846,0.9077,1.7141,1,1.909394
Samy&Gao-1(220deg)_LensData_2.85_4_4.5,0.00800348,0.00800348,0.008002009,0.002215145,0.005264804,0.073346035,0.078209772,0.080577269,0.059409242,1,4.1883074
Samy&Gao-2(220deg)_LensData_2.85_3.8_1.5,0.023265171,0.023265171,0.023263139,0.019263431,0.021426725,0.0150593,0.014253334,0.017997398,0.012380781,1,3.9677515
US00252682-1_LensData_11.13_3.1_25,0.022131193,0.022131193,0.022128451,0.04727186,0.072639815,0.15642782,0.2059754,0.063558559,0.16414455,1,3.2733052
US002645973_Example01P_LensData_21.6_1.5_85,-0.11376156,-0.11376156,-0.11377876,0.002670161,0.10425567,4.9851767,7.31843,4.2638285,1.6781863,1,1.5772597
US002645974_Example01P_LensData_21.6_3.5_28,-0.001338355,-0.001338355,-0.001347148,0.00480904,0.027014202,0.97634486,1.1746839,0.95253096,0.75667051,1,3.6689721
US002645975_Example01P_LensData_21.6_3.2_35,0.008478358,0.008478358,0.008474658,-0.00324219,0.016188188,0.35425343,0.3552359,0.421129,0.27008203,1,3.1455988
US002681594_Example01P_LensData_21.6_1.8_50,-0.043973774,-0.043973774,-0.043987796,0.003019482,0.054797091,2.6730935,3.6864341,2.0828325,1.8730453,1,1.908784
US002720140_Example03P_LensData_39.5_4_150,-0.16942092,-0.16942092,-0.16942841,-0.003976867,0.17586225,0.55002321,0.79290099,0.5227997,0.074599445,1,4.2007743
US002721499_Example02_Tale01_LensData_21.6_4.5_21,-0.025540046,-0.025540046,-0.025549556,-0.003785033,0.03037696,0.34204062,0.34531475,0.37856814,0.29735374,1,4.7170749
US002724994_Example02P_LensData_21.6_2.8_80,-0.10089242,-0.10089242,-0.1009117,0.004603177,0.10664337,1.2227776,1.9636896,0.6972825,0.37851786,1,2.9421492
US002779239_Example01P_LensData_21.6_2.8_28,-0.021786234,-0.021786234,-0.02179209,0.000520835,0.029326898,0.32412177,0.46454656,0.30016801,0.096231101,1,2.9380753
US002838978_Example01P_LensData_21.6_2.8_50,-0.095291584,-0.095291584,-0.095312587,0.002300001,0.075819329,1.2210849,1.7002121,1.0925532,0.62349921,1,2.9345438
US002854890_Example01P_LensData_21.6_1.8_35,-0.054418038,-0.054418038,-0.054427514,-0.002221962,0.042519748,2.8097966,3.6610368,2.6569889,1.7950183,1,1.8865687
US002896506_Example01_Tale03_LensData_21.6_1.8_35,-0.058119679,-0.058119679,-0.058133688,0.00127824,0.047474756,3.207005,4.8868623,2.3908886,1.1211031,1,1.8892645
US002995980_Example01P_LensData_21.6_2.8_90,-0.1773463,-0.1773463,-0.17736816,-0.00367032,0.12941113,1.7420987,2.6897727,1.3112074,0.38804775,1,2.9325094
US003037426_Example01P_LensData_7.4_5.7_5.7,-0.012339085,-0.012339085,-0.012362682,0.000485855,0.023422344,2.6674534,2.4582267,2.8528679,2.6766003,1,1.9046557
US003038380_Example01P_LensData_21.63_NA_35,0.43713333,0.43713333,0.43713114,0.003627578,-0.15103165,1.4382934,2.4007779,0.080829952,0.6601485,1,4.1953376
US003108152_Example02P_LensData_21.6_2.8_135,-0.14274107,-0.14274107,-0.14274966,-0.00352896,0.15165099,0.92956928,1.2042886,1.0384602,0.25216353,1,2.9304687
US003376091_Example01P_LensData_78_5.6_75,-0.18764669,-0.18764669,-0.18765746,-0.00169324,0.14850617,0.4454534,0.67673339,0.35524481,0.10544779,1,5.9441196
US003410632_Example02P_LensData_27.5_4_35,-0.090568486,-0.090568486,-0.090580898,-0.000951805,0.072183267,1.061317,1.3708866,0.99630161,0.71220385,1,4.2005866
US003467462_Example01P_LensData_44.8_4_300,-0.2666716,-0.2666716,-0.26669714,0.000730562,0.34243903,1.3139308,2.0815693,0.72267665,0.56925443,0.99458524,4.2415472
US003490825_Example01P_LensData_21.6_4.5_85,0.016595985,0.016595985,0.016565404,0.00196985,0.0767676,0.89544287,1.1213083,0.90794891,0.56899064,1,4.7010798
US003502393_Example01P_LensData_44.8_4_600,-0.45461462,-0.45461462,-0.45459031,-0.003675868,0.78973598,3.0365139,1.5692709,1.642368,4.7435499,1,4.2084093
US003502394_Example01P_LensData_21.6_4_300,-0.23651706,-0.23651706,-0.23651637,-0.0017992,0.36818703,1.0389469,1.1932661,0.027821183,1.3466901,1,4.1943942
US003506336_Example01P_LensData_21.6_2_35,-0.13265113,-0.13265113,-0.13266806,-0.004683901,0.078640964,2.9976532,4.0312255,2.7491556,1.7745816,1,2.096755
US003506339_Example01P_LensData_21.6_3.5_28,-0.11189862,-0.11189862,-0.11190689,0.001653102,0.079625003,0.56652363,0.85727824,0.45017931,0.15893297,1,3.6621106
US003507558_Example01P_LensData_21.6_2_35,-0.10542367,-0.10542367,-0.10543474,-0.001144135,0.070256079,2.1610842,2.887783,2.0354796,1.2362793,1,2.090209
US003515462_Example01P_LensData_21.6_4_17,-0.048572892,-0.048572892,-0.048589584,0.021514977,0.087697124,0.46230632,0.50620908,0.50867787,0.35521907,1,4.1860125
US003524697_Example01_Tale06_LensData_10.8_5.6_10,-0.06841496,-0.06841496,-0.068428188,0.002870953,0.059588655,0.63105615,0.83720503,0.56693616,0.4151707,1,5.8722863
US003524697_Example01P_LensData_10.8_5.6_6,-0.048547213,-0.048547213,-0.048555414,-0.004353388,0.030810307,0.40332388,0.53336198,0.36317112,0.26766062,1,5.8725518
US003536379_Example01P_LensData_21.6_6.3_800,0.007561297,0.007561297,0.007563361,0.055640308,0.61909619,0.51095067,0.39358742,0.043010502,0.79148645,1,6.2376209
US003545845_Example01P_LensData_21.6_3.5_24,-0.090433216,-0.090433216,-0.090441028,-0.004717168,0.065607888,0.73375898,0.97125804,0.70200905,0.42314047,1,3.6620309
US003549241_Example02P_LensData_21.6_4_20,-0.079788152,-0.079788152,-0.079796598,-0.004902427,0.058559549,0.63640583,0.82919984,0.60818387,0.39695988,1,4.1799075
US003552833_Example01P_LensData_21.6_2.8_60,-0.24610117,-0.24610117,-0.24611273,-0.231066,-0.18018998,2.8407857,3.5212519,2.7515875,2.0590632,1,2.9497237
US003560079_Example01_Tale44_LensData_21.6_1.4_50,-0.071389277,-0.071389277,-0.071405719,-0.002808998,0.059620811,3.8693426,6.0332203,2.6674233,1.1834446,1,1.4893749
US003576360_Example01_Tale27_LensData_21.6_1.4_35,-0.068102885,-0.068102885,-0.068117093,-0.000895179,0.055184076,3.0006173,3.0734178,3.3822035,2.4750585,1,1.4589908
US003584935_Example01P_LensData_21.6_2.8_35,-0.016510853,-0.016510853,-0.016518435,0.002784766,0.058949629,0.56314053,0.34957023,0.75131418,0.51449919,1,2.9386808
US003589798_Example02P_LensData,-0.01205082,-0.01205082,-0.01206049,0.081045815,0.14844901,0.42761254,0.55117626,0.44725083,0.21149207,1,2.9259806
US003615126_Example01P_LensData_21.6_2.8_38,-0.1091506,-0.1091506,-0.10915979,0.00126186,0.070534343,0.692371,0.91950076,0.54619615,0.54251352,0.9973584,2.9557603
US003622227_Example01_Tale14_LensData_21.6_2.8_24,-0.14432699,-0.14432699,-0.14433723,-0.087444781,-0.033372827,1.9501699,2.6906072,1.7132277,1.1112928,1,2.9304871
US003649104_Example03P_LensData_21.6_2_50,-0.095007469,-0.095007469,-0.095018275,0.001497818,0.075083395,2.0380351,2.5085775,2.0797133,1.3574213,1,2.0883497
US003663095_Example02P_LensData_21.6_5.6_15,-0.014728694,-0.014728694,-0.014735572,0.004157013,0.049113208,0.32913785,0.43899168,0.30841653,0.19277115,1,5.8591807
US003731989_Example01P_LensData_21.6_2.8_35,-0.049704155,-0.049704155,-0.049712883,0.00693873,0.064880914,0.71568192,0.94396254,0.72015615,0.35624662,1,2.9311634
US003738736_Example03P_LensData_21.6_1.2_50,-0.053342759,-0.053342759,-0.053354478,0.003256461,0.060812474,4.5328811,6.5261544,4.0940688,1.5129257,1,1.270214
US003740120_Example03P_LensData_21.6_2.8_28,-0.085867029,-0.085867029,-0.085875001,-0.006713151,0.056198441,1.0186326,1.4557422,0.89048024,0.44799195,1,2.92491
US003743384_Example01P_LensData_21.6_11_360,0.50863009,0.50863009,0.50863413,0.000921053,0.70236855,0.27856923,0.40344663,0.023702104,0.26357442,1,11.537808
US003748022_Example01P_LensData_21.6_2.8_35,-0.088208098,-0.088208098,-0.08821707,-0.005007921,0.0613788,1.516928,2.2526035,1.2830247,0.42759451,1,2.0811388
US003749478_Example02P_LensData_21.63_28_100,-0.13371424,-0.13371424,-0.1337173,-0.000966975,0.13269679,0.69810777,1.0666905,0.4815653,0.30385799,1,2.9308763
US003774991_Example03P_LensData_43.45_8_800,0.076350746,0.076350746,0.076345656,-0.002077725,0.59109073,0.22894591,0.050850798,0.12444377,0.37306386,1,8.3933548
US003804494_Example01P_LensData_21.63_5_200,-0.13368524,-0.13368524,-0.1336926,0.003590362,0.26088906,0.34660034,0.46229797,0.23384278,0.30330434,1,5.2393574
US003817603_Example01P_LensData_21.6_1.7_50,-0.08832295,-0.08832295,-0.0883312,0.001395639,0.071906042,2.5847265,3.7507284,2.2356296,0.98814457,1,1.7810858
US003819253_Example01P_LensData_21.6_4.5_300,-0.091319931,-0.091319931,-0.091331418,-0.00357958,0.32465823,0.39961075,0.36750322,0.49455383,0.31531592,1,4.7096936
US003827781_Example01P_LensData_21.6_5.4_600,-0.16568236,-0.16568236,-0.16568839,-0.000618136,0.68911375,0.42808304,0.25462807,0.18307374,0.67187336,1,6.8122861
US003830559_Example01P_LensData_21.6_2_24,-0.11105823,-0.11105823,-0.11106946,-0.003267071,0.0697808,1.8065352,1.9648265,1.9579189,1.4480049,1,2.0787704
US003838911_Example01P_LensData_21.6_3.5_135,-0.2363747,-0.2363747,-0.23637613,0.0043407,0.21496677,0.76986186,1.1821404,0.24679921,0.56541671,1,3.6546133
US003844640_Example01P_LensData_21.6_2_35,-0.034312199,-0.034312199,-0.034332817,0.004732237,0.05137144,1.9459125,2.5948793,1.8636662,1.0738136,1,2.068144
US003848972_Example01P_LensData_21.6_4.5_85,-0.054216133,-0.054216133,-0.054223451,-0.002629548,0.080399963,0.71424177,0.9388193,0.79601813,0.12408626,1,2.0972077
US003850509_Example01P_LensData_21.6_3.5_16,-0.033340765,-0.033340765,-0.033356731,-0.004640188,0.041584857,0.83641852,0.97868895,0.86542309,0.62609796,1,3.6606596
US003862794_Example02P_LensData_21.6_2.1_28,-0.08556667,-0.08556667,-0.085582931,-0.004572299,0.057481484,1.7993258,2.6330735,1.5242343,0.67553972,1,2.0764269
US003864027_Example01P_LensData_21.6_6.4_400,-0.19084932,-0.19084932,-0.19086234,0.002247411,0.49223352,0.34503107,0.38282623,0.2681396,0.37240373,1,6.6013118
US003874770_Example01_Tale38_LensData_21_2.8_35,0.46477888,0.46477888,0.46475205,0.56348635,0.63734641,1.3783396,1.6765263,1.2182293,1.1851739,1,2.8891168
US003874771_Example05P_LensData_21.6_1.4_50,-0.03157901,-0.03157901,-0.031590077,0.001348254,0.048568991,2.2413377,3.1135588,2.1903223,0.76093597,1,1.4845005
US003884556_Example03P_LensData_21.6_3.5_21,-0.032445154,-0.032445154,-0.032458179,-0.004199397,0.040869844,0.57343655,0.7367854,0.57483395,0.33645452,1,3.660342
US003884556_Example04P_LensData_21.6_2.8_24,-0.031961659,-0.031961659,-0.031975125,-0.006334838,0.037510489,1.0540273,1.1318166,1.1565212,0.84520439,1,2.9205812
US003884557_Example01P_LensData_21.63_3.5_50,-0.031659425,-0.031659425,-0.031664371,-0.001378779,0.05003981,0.23940847,0.36752904,0.1503629,0.11942634,1,3.6746809
US003936153_Example01P_LensData,-0.048968728,-0.048968728,-0.048980583,0.00608956,0.066155667,1.3699397,1.9110711,1.230256,0.68152927,1,2.9290891
US003938883_Example01P_LensData_21.6_2.8_24,-0.088642983,-0.088642983,-0.088661077,0.001035275,0.073379189,1.2554544,1.8890159,0.99866411,0.40346754,1,2.9225306
US003973832_Example02P_LensData,-0.052131639,-0.052131639,-0.052147021,0.046756319,0.12173596,1.3060905,1.9103861,1.0899692,0.52915905,1,2.9213178
US003975089_Example01P_LensData_21.63_2.8_38,0.1555267,0.1555267,0.15550002,-0.000360978,-0.002390795,2.1329646,2.8056384,1.717289,1.6816439,1,2.9729621
US003994576_Example01P_LensData_21.6_2.8_40,0.000384139,0.000384139,0.000375057,0.000375057,0.000375057,0.64848595,0.75160932,0.62186117,0.55675328,1,3.0362503
US003997247_Example11P_LensData_24.7_5.6_40,-0.027117284,-0.027117284,-0.027119429,-0.000212593,0.048565253,0.063745797,0.091480386,0.056553342,0.024972756,1,5.8750146
US004029397_Example02P_LensData_21.6_3.5_18,0.026245227,0.026245227,0.026210051,0.004826658,0.033141236,2.8814987,3.1638025,2.9139668,2.5314532,0.99629855,3.6833046
US004045128_Example01P_LensData_21.6_4.5_400,-0.093024018,-0.093024018,-0.093026034,-0.001906807,0.42922008,0.75042687,0.33471446,0.033220426,1.2555015,1,4.7127965
US004046459_Example02P_LensData_21.6_2.8_28,-0.058495802,-0.058495802,-0.058504705,-0.001552154,0.057160404,0.73676936,0.97346537,0.73977378,0.36549584,1,2.9327112
US004057330_Example02P_LensData_21.6_2.8_135,-0.15058048,-0.15058048,-0.1505871,0.001472434,0.17072356,0.99820454,1.5290809,0.74198523,0.31718499,1,2.9305695
US004062630_Example05_Tale30_LensData_21.6_2_135,-0.12671675,-0.12671675,-0.12672273,0.003793923,0.15302943,1.3262012,1.9441724,0.80839856,0.91821261,1,2.0915909
US004063802_Example01P_LensData_21.6_2_85,-0.12403038,-0.12403038,-0.12403898,-0.048862598,0.043076766,1.7400541,2.0439548,1.9613609,1.02892,1,2.1424275
US004094588_Example01P_LensData_21.8_1.4_50,-0.03853291,-0.03853291,-0.038543675,0.009974294,0.065345362,2.5384307,4.0661635,1.5260967,0.68427604,1,1.4914754
US004099843_Example06P_LensData_21.6_1.2_50,-0.060089385,-0.060089385,-0.060100651,0.000323125,0.059106064,3.2513384,4.9365554,2.6118875,0.7225433,1,1.3004374
US004099850_Example05P_LensData_21.6_3.5_28,-0.069133628,-0.069133628,-0.069142615,0.008838672,0.076997276,0.68636589,0.97031377,0.61230738,0.31123186,1,3.6651244
US004123144_Example08P_LensData_21.6_2_50,-0.033931688,-0.033931688,-0.033940946,0.036089268,0.098811204,1.2476265,1.7958284,1.1411877,0.37736774,1,2.1011273
US004124276_Example03P_LensData,0.74909253,0.74909253,0.74904835,0.94226896,1.0783804,2.3732082,2.8940946,2.1267121,1.9994157,1,2.916248
US004147410_Example01P_LensData_21.6_3.8_50,-0.076476586,-0.076476586,-0.076496494,-0.003684669,0.10521815,0.83042175,0.92845317,0.93284838,0.58014607,0.99599987,4.1015922
US004154508_Example02MLP_LensData_21.6_4.5_300,0.16035482,0.16035482,0.16035438,0.003396563,0.23460153,0.54309249,0.77155618,0.058124025,0.53494954,1,4.7111376
US004154508_Example02P_LensData_21.6_4.5_300,0.16035482,0.16035482,0.16035438,0.003396563,0.23460153,0.54309249,0.77155618,0.058124025,0.53494954,1,4.7111376
US004170403_Example01P_LensData_21.6_2.8_35,-0.093345467,-0.093345467,-0.093358574,0.001911005,0.07263665,0.93604793,1.359305,0.80652473,0.36106078,1,2.9293516
US004176913_Example02_Tale31_LensData_22.1_2_200,-0.019081134,-0.019081134,-0.019084784,-0.00689048,0.1302045,1.1704455,1.4142486,1.2639573,0.71564027,1,2.0961356
US004192577_Example01P_LensData_21.6_3.5_135,-0.083801098,-0.083801098,-0.083808561,0.001890555,0.1531867,0.63613156,0.93671703,0.21877226,0.53729877,1,3.7633021
US004206971_ExampleMLP_LensData_21.6_2_200,-0.10479609,-0.10479609,-0.1048001,-0.003408162,0.16789111,2.0953092,3.1776143,1.201909,1.276379,1,2.0951396
US004210388_Example01P_LensData_21.6_2_21,-0.060647985,-0.060647985,-0.060661164,-0.000308905,0.055429561,1.0078124,1.3706733,0.98098047,0.45386043,1,2.0722396
US004214816_Example01P_LensData_21.6_2.8_135,-0.14786556,-0.14786556,-0.14786849,0.00067607,0.16903703,0.65077921,0.8664198,0.31149407,0.65025297,1,2.9317769
US004234242_Example03_Tale60_LensData_21.6_1.8_50,-0.079754246,-0.079754246,-0.079762119,-0.003222614,0.062171057,2.2352969,2.9631671,2.1762293,1.2138055,1,1.8918507
US004241983_Example01P_LensData_21.6_4.5_500,0.31982235,0.31982235,0.31981714,0.04440016,0.42923741,0.8985615,1.0871892,0.014845145,1.1135697,1,4.7091562
US004251133_Example03P_LensData_21.6_4_300,-0.074348498,-0.074348498,-0.0743502,-0.001614712,0.32232636,0.63223232,0.53678392,0.22142924,0.9284316,1,4.1892482
US004260223_Example01P_LensData_21.6_2.8_55,-0.056463413,-0.056463413,-0.056464214,0.004843674,0.069031519,0.40619221,0.60125533,0.34718594,0.11371142,1,2.9366919
US004266860_Example02P_LensData_21.6_3.5_35,-0.13743184,-0.13743184,-0.13743948,-0.010028888,0.10028618,0.8399464,1.2655346,0.6826214,0.22131443,1,3.6641724
US004277149_Example07P_LensData,-0.078435961,-0.078435961,-0.07844706,0.000994801,0.064976894,1.7683529,2.761808,1.2818091,0.33256179,1,2.0969787
US004289385_Example01P_LensData_10.2_2.8_50,-0.059852888,-0.059852888,-0.059859567,0.0034794,0.063978672,1.0758909,1.4607524,1.0005093,0.58121159,1,2.9393798
US004293197_Example01P_LensData_21.6_4_300,0.25523059,0.25523059,0.25522994,0.000127957,0.29908682,1.2708574,1.5342061,0.41037686,1.5241515,1,4.1980029
US004303312_Example01P_LensData_21.6_3.5_70,-0.08670895,-0.08670895,-0.086728121,0.059193499,0.26555801,0.649267,0.93835435,0.52669991,0.32668213,1,3.6599668
US004303314_Example01_Tale80_LensData_21.6_2.8_100,-0.10320826,-0.10320826,-0.10321783,0.002060703,0.12344418,1.0366523,1.4778338,0.98970714,0.24582751,1,2.9312037
US004303314_Example03_Tale76_LensData_21.6_2.8_135,-0.24631372,-0.24631372,-0.2463253,-0.003154539,0.20103092,1.8281812,2.9176589,1.2199283,0.1605649,1,2.9300806
US004324458_Example03P_LensData_21.6_5.6_300,-0.26472581,-0.26472581,-0.26472806,0.11179622,0.54308956,0.418362,0.30523826,0.060469268,0.6544107,1,5.8615867
US004333714_Example01P_LensData_21.6_2.8_28,0.020245916,0.020245916,0.020240187,-0.000832732,0.029124475,0.26610709,0.064038161,0.41299959,0.1943435,1,2.9336575
US004338001_Example02_Tale10_LensData_21.6_2.8_180,-0.01463038,-0.01463038,-0.014637727,0.001899975,0.14565267,0.63217519,0.77416742,0.58772154,0.50416722,1,2.9284378
US004392724_Example01P_LensData_21.6_2.8_105,-0.12944397,-0.12944397,-0.12944019,-0.00328683,0.13307128,0.5932016,0.7873472,0.25729649,0.60790403,1,2.9272508
US004396256_Example01P_LensData_21.6_1.4_85,-0.076411012,-0.076411012,-0.076419997,0.024049169,0.11897696,2.548464,3.9959715,1.7629269,0.63898852,1,1.470219
US004435049_Example05P_LensData_21.6_2_100,0.02527788,0.02527788,0.02527,0.05889,0.1393,0.7481,0.2921,0.1644,1.2516,0.994659,2.124605
US004437734_Example01_Tale69_LensData_21.6_4_120,-0.63141718,-0.63141718,-0.63144898,0.000610249,0.53284103,2.3874663,3.6532019,1.8989605,0.38477464,1,4.1974858
US004447137_Example02P_LensData_21.6_1.8_135,-0.050056137,-0.050056137,-0.050061004,0.004190281,0.12577325,0.85987964,0.84248781,0.85120858,0.88534581,1,1.8839056
US004448497_Example01P_LensData_21_1.4_50,-0.043603464,-0.043603464,-0.043614406,0.003767079,0.058165938,2.5820318,3.8013938,2.276996,0.60444922,1,1.4746592
US004457596_Example01_Tale33_LensData_21.6_2.8_35,-0.093565607,-0.093565607,-0.09358422,0.003744551,0.06585133,1.4526712,1.8353674,1.3828486,1.0246545,1,2.9232243
US004477153_Example01P_LensData_21.6_3.5_20,-0.081178481,-0.081178481,-0.081188447,-0.001236871,0.07079447,0.90316033,1.2508243,0.81404819,0.46889212,1,3.6643465
US004487485_Example01P_LensData_37.5_2.8_45,-0.050519847,-0.050519847,-0.050533152,-0.001988184,0.070398247,0.98257938,1.5792507,0.61166119,0.16800138,1,2.9159444
US004493536_Example01P_LensData_21.6_2.8_28,0.022039081,0.022039081,0.022024586,0.004962026,0.032808662,1.1250345,0.88350273,1.3187302,1.1302572,1,2.9323827
US004514051_Example01P_LensData_21.6_NA_NA,0.061012222,0.061012222,0.061049813,0.006337732,-0.02770043,1.96339,2.4626548,1.8029213,1.4998358,0.9915502,2.5770085
US004514051_ExampleML01P_LensData_21.6_2.8_180,-0.016589984,-0.016589984,-0.016597335,-4.05E-05,0.14371663,0.64157828,0.79393509,0.6039234,0.4897057,1,2.9285129
US004514051_ExampleML02P_LensData_21.6_1.8_50,-0.067969663,-0.067969663,-0.067979734,-0.00096471,0.061324168,2.2395072,3.0415473,2.1354949,1.1112285,1,1.8897038
US004545654_Example05P_LensData_21.6_2.8_400,0.16347841,0.16347841,0.16347261,0.065380187,0.35017159,1.3102418,1.3079885,0.083254085,1.8526833,1,3.0365953
US004550987_Example01P_LensData_21.6_4_200,-0.07310708,-0.07310708,-0.073121797,0.024916526,0.24743149,0.62798906,0.86974791,0.2654299,0.59682184,1,4.1841982
US004560253_Example02P_LensData_21.6_4_70,-0.10384629,-0.10384629,-0.10386633,0.002479686,0.11550656,1.1872582,1.5457104,1.1426437,0.7306784,1,4.2738827
US004568150_Example04P_LensData_21.6_4_65,-0.065348133,-0.065348133,-0.065363825,-0.003679672,0.16541354,0.57884091,0.83068894,0.56089792,0.022799345,1,4.4424198
US004621909_Example03_Tale16_LensData_21.6_1.2_50,-0.10482657,-0.10482657,-0.10483825,-0.065224395,-0.013724077,4.9932592,7.4102947,4.1410644,1.6543978,1,1.2708917
US004666260_Example01P_LensData_21.6_4_200,0.14099451,0.14099451,0.14100109,0.053760655,0.21540029,0.81625984,0.77030703,0.48677011,1.0809821,1,4.1924314
US004673258_Example01P_LensData_21.6_4.5_100,-0.17472735,-0.17472735,-0.17474377,0.002116809,0.16208671,0.79384286,1.1903288,0.65166467,0.22138199,1,4.7217872
US004690517_Example01P_LensData_21.6_2.8_20,-0.042024536,-0.042024536,-0.042036094,0.000662956,0.049535826,1.1695075,1.4202353,1.1875045,0.82219727,1,2.9284337
US004708445_Example06P_LensData_21.6_2_50,-0.091949351,-0.091949351,-0.09195001,0.00389901,0.077458813,0.96621189,1.4288095,0.8266814,0.27531363,1,2.1590903
US004728179_ExampleMLP_LensData_21.6_1.8_50,-0.060213151,-0.060213151,-0.060221798,-0.003901092,0.053500125,1.5907823,2.2836428,1.4513586,0.5199023,1,1.9588215
US004732459_Example04P_LensData_21.6_2_300,0.018945006,0.018945006,0.018936662,-0.000820478,0.1949416,1.3225362,1.1462276,1.5028106,1.2942291,1,2.0914237
US004764000_Example08P_LensData,-0.033851136,-0.033851136,-0.033855672,0.002945987,0.10187865,0.64689739,0.8253534,0.73645239,0.17848899,1,2.9674219
US004770509_Example04P_LensData_21.6_3.3_35,-0.12224357,-0.12224357,-0.1222668,-0.003867239,0.097306828,1.6279382,1.9264208,1.6562754,1.2231938,1,3.4467968
US004770516_Example05P_LensData_21.6_2.8_100,-0.043286836,-0.043286836,-0.043291153,0.004300208,0.10303103,0.69460267,1.0104007,0.2256772,0.61284492,1,2.9361495
US004792215_Example03P_LensData_21.6_4_35,-0.061743855,-0.061743855,-0.061752502,-0.003195774,0.077175671,0.60395308,0.754865,0.62187082,0.37112464,1,4.2944861
US004792219_Example03P_LensData_21.6_2_90,-0.026608565,-0.026608565,-0.026612108,-0.002599507,0.068351221,0.70566824,0.99563329,0.61046056,0.36049309,1,2.1601733
US004793698_Example01P_LensData_21.6_2.8_135,-0.27987068,-0.27987068,-0.27987872,0.003834742,0.23644564,1.8901194,3.0591142,0.62224327,0.98604666,1,2.9309657
US004826301_Example04P_LensData_21.6_2.8_135,-0.033971829,-0.033971829,-0.03396243,-0.003074737,0.11828397,0.30533577,0.20364214,0.14136767,0.46715613,1,3.5619576
US004908639_Example02_Tale32_LensData_21.6_2_135,-0.082387374,-0.082387374,-0.082389889,0.000994962,0.13143283,1.0018226,1.2858039,0.7725106,0.87228514,1,2.0951402
US004923292_Example02P_LensData_21.6_2.8_50,-0.011167722,-0.011167722,-0.011174257,0.003695436,0.052308242,0.44221401,0.66211683,0.38001688,0.062033657,1,2.9407457
US004934797_Example03P_LensData_21.6_2_24,-0.031309969,-0.031309969,-0.031325594,-0.27474811,-0.33615453,5.5721286,3.309201,6.3761259,6.4451577,1,2.0872172
US004986643_Example05_Tale72_LensData_21.6_2.8_105,0.024063776,0.024063776,0.024058215,0.037322515,0.12843842,0.66454376,0.59524002,0.14710551,0.97411729,1,3.0013191
US005000550_Example01P_LensData_21.6_2.8_20,-0.082595417,-0.082595417,-0.082604949,3.9792094e-05,0.073286139,1.338124,1.8312957,1.2264867,0.716808,1,2.9294657
US005161060_Example01P_LensData_21.6_1.4_35,-0.021888513,-0.021888513,-0.021903973,0.005888446,0.036171768,1.0324191,1.2115372,0.73409624,1.0913055,1,1.4906272
US005233474_Example01P_LensData_21.6_2.8_28,-0.047778969,-0.047778969,-0.047783348,0.008059461,0.066753519,0.61712887,0.89675752,0.55869979,0.16194023,1,2.9264145
US005249079_Example01P_LensData_21.6_3.5_35,-0.14080656,-0.14080656,-0.14082076,-0.001313747,0.12538911,1.1184968,1.5099132,1.0646657,0.58288478,1,3.7772217
US005257137_Example01P_LensData_21.6_2.8_50,-0.041916949,-0.041916949,-0.041919112,0.006463739,0.080815494,0.40017498,0.30374086,0.57838897,0.23157664,1,2.9096083
US005325234_Example03P_LensData_21.6_2.8_200,-0.050319676,-0.050319676,-0.05035201,-0.00528,0.23687425,1.7903699,2.3522676,1.3475766,1.505705,0.98322946,3.1783891
US005434713_Example02_Tale53_LensData_21.6_2.8_16,-0.14789869,-0.14789869,-0.1479026,-0.076956465,-0.010509453,1.0714791,1.3447873,1.0850221,0.67710905,1,2.9324759
US005490012_Example01P_LensData_21.6_2.8_20,-0.12753224,-0.12753224,-0.12753993,-0.001837619,0.088155077,1.1529631,1.7283873,0.92213807,0.38769903,1,3.0218748
US005557473_Example03P_LensData_21.6_2.8_28,-0.021094178,-0.021094178,-0.021101758,-0.000222747,0.045090417,0.8261711,0.87949398,0.93050453,0.63900526,1,2.9890941
US005579169_Example01P_LensData_21.6_2.8_13,-0.059533623,-0.059533623,-0.059537233,-0.000680621,0.060052092,0.28089979,0.36035491,0.32197133,0.05650555,1,3.00477
US005640277_Example01_Tale41_LensData_21.6_1.4_85,-0.093813624,-0.093813624,-0.093818887,-0.001003521,0.087640031,3.0629134,4.6039867,2.5829271,0.5254611,1,1.495816
US005710669_Example11P_LensData_21.6_2.8_17,-0.061543525,-0.061543525,-0.061551715,-0.012029121,0.048057737,1.0730129,1.4429239,1.0195898,0.57660824,1,3.0393691
US005751485_Example01P_LensData_21.6_2.8_60,-0.24786129,-0.24786129,-0.2478982,-0.00201395,0.25839595,1.0673833,1.4680308,1.0170536,0.47792137,0.99872337,5.3663296
US00583336-2-scaled_LensData_22.5_4.5_50,-1.3094363,-1.3094363,-1.3094075,-0.75115594,-0.49729705,1.4759225,2.1982931,0.72018917,1.0880609,1,4.7797153
US005899585_Example01P_LensData_21.6_3.5_28,-0.10023365,-0.10023365,-0.10024665,0.024407017,0.12732049,0.81095845,1.1038754,0.773406,0.39530133,1,3.6158922
US006115188_Example01P_LensData_21.6_2.8_300,0.17214232,0.17214232,0.17213683,0.002023559,0.20841471,1.0547797,1.243046,0.13821117,1.3316962,1,3.0358065
US006115188_Example22P_LensData_21.6_4_600,0.38532012,0.38532012,0.38531985,-0.020766112,0.4079135,1.3557031,1.8530197,0.032565467,1.4418911,0.99334024,4.3506858
US006115188_Example24P_LensData_21.6_4_500,0.38453167,0.38453167,0.38453095,0.000328905,0.33460916,1.2208662,1.7243323,0.079129453,1.221458,1,4.2979396
US006359739_Example05P_LensData_21.6_4_200,0.11350178,0.11350178,0.11349962,0.005689032,0.14896848,0.30954424,0.31759341,0.11861124,0.41535371,1,4.1883999
US006560042_Example03P_LensData_21.6_1.8_31,-0.034414615,-0.034414615,-0.034417707,0.003878379,0.050228039,1.222745,1.8092131,0.17247403,1.0873438,1,1.8755547
US007161746_Example09P_LensData_14.2_2.8_10.5,-0.030622473,-0.030622473,-0.030629435,0.000688374,0.051529246,0.60061234,0.64155172,0.69985401,0.42523091,1,3.0143685
US007218457_Example03P_LensData_21.6_2.8_105,0.10331461,0.10331461,0.10331465,0.10098187,0.1756076,1.0591579,0.74607476,0.89338897,1.4179828,0.99997788,3.0183132
US007408719_Example01P_LensData_11.4_2_150,0.025164778,0.025164778,0.025164881,0.017676518,0.10825373,1.0465993,0.66117824,0.44828497,1.6272659,1,2.0884441
US007411746_Example01P_LensData_14.2_3.2_21,-0.036382242,-0.036382242,-0.036384428,0.001001295,0.046747813,0.25609057,0.38759643,0.21322065,0.032451355,1,3.4555047
US007542219_Example01P_LensData_15.3_2.4_70,-0.05627162,-0.05627162,-0.056279885,-0.001855325,0.073686196,0.96603327,1.4505712,0.82708551,0.10692746,1,2.6198429
US007656591_Example01P_LensData_29.3_2.8_45,-0.075761649,-0.075761649,-0.075769152,-0.000553583,0.081560776,0.90502275,1.257624,0.86830576,0.34874844,1,3.0243204
US007706085_Example01P_LensData_11.2_2.8_25,-0.052401346,-0.052401346,-0.052402376,-0.000744554,0.046824705,0.37689883,0.57866375,0.059870942,0.29617888,1,3.0491366
US007715116_Example07P_LensData_21.6_4_300,0.18662488,0.18662488,0.18661295,0.002857188,0.22154588,0.4228541,0.28525242,0.2029663,0.6433137,1,4.2883724
US007715118_Example01P_LensData_14.2_2.8_35,-0.032856265,-0.032856265,-0.032857912,0.009434121,0.062468132,0.22727021,0.21205617,0.013419399,0.33137192,1,3.0114172
US007864451_Example01P_LensData_21.6_2.8_100,-0.003105125,-0.003105125,-0.00310758,-0.024440092,0.038604584,0.32771156,0.43377899,0.29528327,0.21639819,1,3.0932437
US007898744_Example02P_LensData_21.6_2.8_60,-0.018803839,-0.018803839,-0.018804717,0.070576834,0.19690501,0.48613162,0.092643959,0.2546611,0.79720554,1,3.4412247
US008203795_Example05P_LensData_14.8_2.8_60,0.012822907,0.012822907,0.012818969,0.14101035,0.26646237,0.75904343,0.1366649,0.57352196,1.1750898,1,3.3121576
US008755132_Example01P_LensData_11.45_2.8_17,-0.070844992,-0.070844992,-0.070842414,0.007513008,0.05282748,0.30865778,0.30746844,0.17264339,0.4018287,1,3.0411865
US008767319_Example01P_LensData_21.6_1.4_85,-0.074890035,-0.074890035,-0.074892879,-0.000180927,0.081643451,1.7236195,2.5521237,0.69540664,1.3840762,1,1.5228054
US008854747_Example01P_LensData_13.6_2_22,-0.024483468,-0.024483468,-0.024485555,-0.00202455,0.019970316,0.52405688,0.81517117,0.39287822,0.071059805,1,2.1476818
US008970966_Example02P_LensData_21.6_2.8_40,-0.077523972,-0.077523972,-0.077520837,-0.016540811,0.037121811,0.72005946,1.0651761,0.60504347,0.2340494,1,2.9405683
US009063253_Example01P_LensData_21.6_2.8_90,-0.095751546,-0.095751546,-0.095753782,0.001588594,0.18012536,1.1995669,0.90652318,0.9162004,1.6296241,0.99381361,3.435889
US010048474_Example01P_LensData_11.15_2.8_60,-0.24221356,-0.24221356,-0.24221063,-0.005201347,0.23314435,0.60369652,0.423882,0.303933,0.90625452,1,4.3205534
US010107992_Example04P_LensData_10.8_4_300,0.18030564,0.18030564,0.18030454,0.002951421,0.21096093,0.62618481,0.84456565,0.017004273,0.6802514,0.99993668,4.2742319
US010168507_Example04P_LensData_14.2_2_50,0.010862806,0.010862806,0.010837833,0.002015555,0.026616357,0.37578599,0.089167021,0.17967599,0.61920199,1,2.1657227
US010191254_Example10P_LensData_21.63_2_28,0.010406125,0.010406125,0.010396996,0.013464349,0.051072014,0.64884949,0.97272208,0.35721089,0.43500475,1,2.1497099
US010571651_Example01P_LensData_33.63_2.8_50,-0.00701554,-0.00701554,-0.007016985,-0.003927441,0.066988452,0.29166604,0.16776531,0.10274556,0.4653014,1,3.0217127
US01786916-1_LensData_20.8_1.5_59,-0.056192375,-0.056192375,-0.056200656,0.15915207,0.27628052,4.7783314,7.5915611,1.1689384,3.0820668,1,1.5602274
US01998704-1_LensData_9.1_3.3_25,-0.02146968,-0.02146968,-0.021472666,0.061686018,0.11102803,0.30787484,0.47160184,0.07323302,0.23788522,1,3.5107609
US02012822-1_LensData_8.12_2.2_25,0.023930678,0.023930678,0.023928803,0.044061981,0.066632888,0.16400794,0.10354069,0.11781186,0.2368449,1,2.3425456
US02019985-1_LensData_0.359_2_1,-0.094341824,-0.094341824,-0.094342247,0.00375216,0.057652367,0.43208662,0.69141604,0.006989397,0.28634165,1,3.4225362
US02029806-1_LensData_6.23_2.4_25,0.017051295,0.017051295,0.017049307,0.043363607,0.067094173,0.19235385,0.23628139,0.10082571,0.21214451,1,2.5970592
US02031792-2_LensData_25_12.5_25,-0.015032098,-0.015032098,-0.015033722,0.026202316,0.065690869,0.01396113,0.019208714,0.001956376,0.014558069,1,13.092889
US02076190-1_LensData_3.51_2.7_25,-0.006649764,-0.006649764,-0.006650699,0.021892543,0.045259869,0.13847022,0.18418883,0.034414171,0.14970687,1,2.9737336
US02105799-1_LensData_11.13_4.9_25,0.093215314,0.093215314,0.093209245,0.12593353,0.15547705,0.11410261,0.13806453,0.091979853,0.10740629,1,4.8243235
US02106077-1_LensData_10.1_4.5_25,-0.002841941,-0.002841941,-0.002841623,-0.008174402,0.009145617,0.030810716,0.029517102,0.00884251,0.043571222,1,5.0370805
US02116264-1_LensData_27.77_10_25,-0.02925525,-0.02925525,-0.029257365,0.033113933,0.079549511,0.031092393,0.046417116,0.003817604,0.027038637,1,10.486753
US02117252-1_LensData_10.1_3.4_25,0.061496883,0.061496883,0.061495185,0.037644638,0.044681267,0.11255171,0.18097236,0.050478663,0.052005491,1,3.6257019
US02124301-1_LensData_9.1_4.9_25,0.040172152,0.040172152,0.040167653,0.10088924,0.14130551,0.10243418,0.13893786,0.059397875,0.092986279,1,5.2574416
US02124356-1_LensData_11.13_3_25,0.048359903,0.048359903,0.04835766,0.049925987,0.066791101,0.10025517,0.10705951,0.078987114,0.1115912,1,3.1543664
US02126126-1_LensData_567.13_16.7_100,0.017302691,0.017302691,0.017271616,0.61005671,0.94001393,0.10776048,0.16903754,0.034465321,0.071241938,1,17.422455
US02130760-1_LensData_0.359_2.2_1,-0.015256362,-0.015256362,-0.015256006,-0.004127793,0.017165373,0.03561656,0.021938062,0.006042984,0.057339531,1,4.5848218
US02158179-1_LensData_6.23_4_25,-0.046191363,-0.046191363,-0.046192243,0.02082988,0.070235521,0.16563347,0.24475489,0.014297154,0.14897642,1,4.3831636
US02158201-1_LensData_8.12_5.6_25,0.011904297,0.011904297,0.011903259,0.026069372,0.043933873,0.027735208,0.030207469,0.015435254,0.034014513,1,5.5199152
US02158202-1_LensData_4.86_2.2_25,0.014982539,0.014982539,0.014981208,0.029449701,0.045649828,0.12014195,0.088001953,0.076145726,0.17251015,0.98838177,2.3386888
US02158507-1_LensData_4.23_12_24,-0.008060922,-0.008060922,-0.008061927,0.02376517,0.058932755,0.011645662,0.014909894,0.002637383,0.0133268,1,12.423291
US02164028-1_LensData_5.31_4_25,-0.098407976,-0.098407976,-0.098408815,0.015341614,0.076097753,0.32277713,0.51886591,0.011017647,0.20787496,1,4.1994144
US02165328-1_LensData_12_3.8_62,-0.10904364,-0.10904364,-0.10905435,-1.44E-05,0.085424609,0.72910073,0.97295368,0.6880756,0.41794345,1,3.9815941
US02170428-1_LensData_9.1_2.7_25,0.012607817,0.012607817,0.012605268,0.057662192,0.091792441,0.22261754,0.28285391,0.10141437,0.24162886,1,2.8824783
US02171274-1_LensData_4.41_6.6_25,-0.041960349,-0.041960349,-0.041960392,0.006044444,0.046158431,0.047212639,0.066944244,0.00150294,0.046939422,0.99487705,6.9477692
US02171274-2_LensData_5.31_10_25,0.13949712,0.13949712,0.13949717,0.008041891,-0.01481681,0.062627745,0.10740982,0.001147053,0.015116818,1,10.368786
US02171640-1_LensData_9.1_3.1_25,-0.037164343,-0.037164343,-0.037165544,0.02543373,0.06605419,0.29030404,0.44718368,0.035891958,0.2270855,1,3.2639261
US02171641-1_LensData_9.6_3.2_25,0.017026555,0.017026555,0.017024536,0.039251506,0.066110444,0.13380464,0.16616237,0.056547628,0.15133896,1,3.3651151
US02186621-2_LensData_11.13_3_25,-0.05442718,-0.05442718,-0.05442847,0.027269413,0.076077035,0.35916302,0.55828987,0.032885326,0.27244303,1,3.2326639
US02186622-1_LensData_14.43_4.9_25,-0.040379327,-0.040379327,-0.04038419,0.10123202,0.17811642,0.26827688,0.42467865,0.064111305,0.17735627,1,5.1443725
US02187780-1_LensData_5.31_2.5_25,0.053924427,0.053924427,0.053922687,0.040248453,0.048484937,0.21071538,0.34082131,0.086323388,0.097938863,1,2.6007545
US02194413-1_LensData_8.12_3.3_25,-0.028669434,-0.028669434,-0.028670005,0.011240378,0.043330604,0.1737918,0.25469128,0.012947374,0.15992338,1,3.4801956
US02250337-1_LensData_11.13_3.1_25,0.01390321,0.01390321,0.0139,0.03588,0.06118,0.1371,0.1772,0.0527,0.1489,1,3.308276
US02252681-1_LensData_8.12_3.5_25,0.01472143,0.01472143,0.01472,0.01116,0.0279,0.0469,0.0173,0.0085,0.0789,1,3.830973
US02252682-1_LensData_8.12_3.4_25,-0.013053634,-0.013053634,-0.013055185,0.03286963,0.0665258,0.18189589,0.2722721,0.041803168,0.15290108,1,3.6362331
US02254511-1_LensData_12.74_3_25,-0.025533635,-0.025533635,-0.025536791,0.067141588,0.11941101,0.4720192,0.74126569,0.1148325,0.32518465,1,3.1085196
US02259004-1_LensData_10.1_3.1_25,-0.054425746,-0.054425746,-0.05442718,0.030904443,0.077643929,0.40504807,0.64831198,0.04888826,0.2636159,1,3.2398737
US02270234-1_LensData_8.12_4.5_25,-0.013445092,-0.013445092,-0.013447133,0.041059076,0.085639643,0.11795818,0.16792386,0.025851607,0.11347102,1,4.8478546
US02288502-1_LensData_11.66_6.3_25,-0.001534322,-0.001534322,-0.001537519,0.063211693,0.10619148,0.073308507,0.10945196,0.021990159,0.06049061,1,6.6097325
US02297452-1_LensData_5.31_2.4_25,0.01723138,0.01723138,0.01723,0.03504,0.05719,0.1461,0.128,0.0837,0.2015,0.998524,2.54043
US02298090-1_LensData_9.6_4.7_25,-0.010098792,-0.010098792,-0.010101938,0.061801857,0.11031356,0.13408933,0.20036022,0.034994524,0.11212053,1,5.154404
US02310502-1_LensData_8.12_3.2_25,-0.011188257,-0.011188257,-0.011189233,0.022200607,0.049758998,0.14749906,0.21137254,0.031624821,0.13996228,1,3.3930071
US02325275-1_LensData_22.51_8.9_25,-0.037073798,-0.037073798,-0.037079358,0.093371138,0.16471863,0.085439836,0.13551442,0.016319246,0.057178845,1,9.0877529
US02336207-1_LensData_8.12_2.9_25,-0.10240959,-0.10240959,-0.10241051,0.019911361,0.084626482,0.55612127,0.89467877,0.026498204,0.35589373,1,3.2876734
US02336300-1_LensData_14.43_4.9_25,0.002293597,0.002293597,0.002290627,0.05772485,0.097033608,0.10025423,0.14694671,0.031091789,0.087136103,1,5.2944328
US02338614-1_LensData_13.29_8.3_25,-0.033480128,-0.033480128,-0.033482697,0.053621318,0.10605972,0.05695406,0.088712029,0.011443348,0.041599527,1,8.6710727
US02343385-1_LensData_9.6_5.4_25,-0.00198245,-0.00198245,-0.001985,0.03302,0.06978,0.064,0.0846,0.0126,0.0704,1,5.833973
US02343629-1_LensData_13.29_6.3_25,-0.025815607,-0.025815607,-0.025817398,0.036367807,0.07752195,0.068914191,0.10465123,0.012264592,0.056082061,1,6.6015508
US02346062-1_LensData_9.6_10_25,-0.19317654,-0.19317654,-0.19317892,0.049031425,0.15826694,0.10859924,0.1787661,0.00777055,0.057997314,1,10.62703
US02348667-1_LensData_10.1_3.9_25,-0.045268856,-0.045268856,-0.045270279,0.033077082,0.080381333,0.205852,0.31985818,0.027697005,0.15507661,1,4.1794727
US02350035-1_LensData_9.1_2.8_25,-0.00550913,-0.00550913,-0.00551,0.009206,0.03323,0.1132,0.1146,0.0155,0.1582,1,3.020013
US02363712-1_LensData_9.6_4.7_25,-0.057800654,-0.057800654,-0.057802572,0.042320867,0.097777162,0.19081776,0.30218632,0.026349322,0.13123795,1,4.9626425
US02379392-1_LensData_13.29_3_25,-0.022580467,-0.022580467,-0.022580044,-0.010557206,0.012783583,0.081767143,0.058507362,0.028073491,0.12588234,1,3.4128659
US02380207-1_LensData_8.12_10_25,-0.014560192,-0.014560192,-0.014562584,0.047718908,0.094331858,0.027033545,0.039592266,0.00618126,0.024221523,1,10.812166
US02382669-1_LensData_5.31_10_25,-0.005776363,-0.005776363,-0.005777231,0.017165913,0.049007503,0.014415374,0.017315041,0.002647309,0.01779298,1,10.416715
US02391209-1(1)_LensData_14.43_4.3_25,-0.45644263,-0.45644263,-0.45644695,0.079018931,0.30708643,1.5556705,2.5802293,0.078032567,0.77243758,1,4.236448
US02391209-1_LensData_29_2_49.7,-0.082601542,-0.082601542,-0.082618692,-1.93E-05,0.063623367,3.4988104,4.7046715,3.182659,2.1122904,1,2.1154869
US02397714-2_LensData_9.6_5.4_25,0.11311416,0.11311416,0.1131146,-0.005967556,-0.019099215,0.14501633,0.25015098,0.006855291,0.021603234,1,6.5930213
US02416443-1_LensData_9.6_4.7_25,0.003909254,0.003909254,0.003908406,0.022751149,0.05214994,0.037661494,0.017600938,0.011540812,0.061742862,1,5.0839117
US02417736-1_LensData_9.6_10_25,-0.035814647,-0.035814647,-0.035815469,0.019991723,0.058482258,0.025193648,0.03829789,0.002933107,0.020708165,1,10.360906
US02418001-1_LensData_13.29_5_25,-0.1463968,-0.1463968,-0.14639751,0.01181904,0.097671328,0.22684322,0.36319409,0.003739052,0.14983195,1,5.8602519
US02430548-1_LensData_14.43_7.6_25,0.019772428,0.019772428,0.019770886,0.033099765,0.060794664,0.017123293,0.013561137,0.008129963,0.025092246,1,8.1199627
US02432387-1_LensData_9.6_3.3_25,-0.005246801,-0.005246801,-0.005249097,0.046557584,0.083886715,0.21329886,0.31404654,0.058685808,0.18552617,1,3.4971764
US02437505-1_LensData_4.86_6.6_25,-0.006217641,-0.006217641,-0.006218674,0.029492663,0.066144067,0.032159832,0.037763271,0.009181462,0.039904893,1,7.1052291
US02441093-2_LensData_5.31_10.4_25,0.03247298,0.03247298,0.03247,0.009596,0.01995,0.0127,0.0212,0.0012,0.0059,1,10.124194
US02443156-1_LensData_6.7_8.3_25,0.00537583,0.00537583,0.005376,-0.001544,0.01716,0.0099,0.0089,0.0003,0.0147,1,8.665419
US02452909-1_LensData_3.96_10_25,0.013507725,0.013507725,0.013507678,0.00258687,0.026520515,0.009611399,0.010079545,0.000365354,0.013244103,1,10.323799
US02458636-1_LensData_5.77_7.6_25,-0.019183483,-0.019183483,-0.019184991,0.032039042,0.071555121,0.044007125,0.064745473,0.008592958,0.039294604,1,7.7238596
US02466424-1_LensData_14.43_5.2_25,-0.01369908,-0.01369908,-0.0137,0.0193,0.05089,0.0617,0.086,0.01,0.0627,1,5.545214
US02466424-2_LensData_14.43_4.7_25,-0.00378044,-0.00378044,-0.003782,0.02116,0.04961,0.0603,0.0768,0.0128,0.0697,1,4.999832
US02475938-1_LensData_14.43_8.3_25,-0.049847767,-0.049847767,-0.049847682,-0.002157904,0.035004466,0.03388588,0.050754913,0.000658377,0.029466319,1,8.7684676
US02487749-1_LensData_9.1_3.3_25,0.005930443,0.005930443,0.005930372,0.003591669,0.022602805,0.064879157,0.073373466,0.005983285,0.08490259,1,3.5529795
US02499264-2_LensData_11.13_3.8_25,0.014479507,0.014479507,0.014476887,0.051070857,0.084778958,0.13363329,0.18285336,0.050616142,0.13257535,1,4.0194802
US02502508-1_LensData_8.12_5_25,0.03164179,0.03164179,0.03164,0.0779,0.1171,0.0994,0.1354,0.0464,0.0955,1,5.180144
US02518719-1_LensData_20.98_10_25,-0.015672014,-0.015672014,-0.015672917,0.015447864,0.04723143,0.018580478,0.026084792,0.002414824,0.018693708,1,10.355398
US02528212-1_LensData_9.6_3.3_25,-0.08450762,-0.08450762,-0.08451,0.01042,0.06595,0.4,0.6342,0.0147,0.2786,1,3.39428
US02532751-1_LensData_0.359_2.2_1,0.051259425,0.051259425,0.051257102,0.042508748,0.056148969,0.079065876,0.096194197,0.050649151,0.083280118,1,3.5154291
US02532752-1_LensData_11.13_3.6_25,0.11033207,0.11033207,0.11033044,0.032889826,0.021246364,0.29434357,0.50508227,0.030006431,0.062497421,1,3.7865859
US02541484-1_LensData_6.7_2.5_25,-0.00481289,-0.00481289,-0.004812763,0.000948915,0.016565121,0.074119832,0.021242593,0.001459641,0.12660122,1,2.6174731
US02548569-1(1)_LensData_11_2_25,-0.092057261,-0.092057261,-0.092057051,0.00507436,0.079436433,0.380232,0.55144282,0.006641105,0.35999422,1,3.4601925
US02559875-1_LensData_14.43_6.3_25,-0.58289804,-0.58289804,-0.58288724,-0.2734273,-0.12415275,0.30828045,0.48483108,0.093172128,0.20339195,1,7.6246451
US02562012-1_LensData_14.43_6.3_25,-0.038334828,-0.038334828,-0.038336767,0.039118596,0.086183436,0.12103129,0.18634684,0.017818885,0.094356029,1,5.4162101
US02574995-1_LensData_14.43_3.7_25,-0.31907254,-0.31907254,-0.31907051,-0.0522144,0.072713505,0.75832126,1.2349407,0.068616583,0.44200308,1,4.205965
US02576436-1_LensData_5.77_8.9_25,0.037802416,0.037802416,0.03780254,-0.002642631,0.006270363,0.021258671,0.036321884,0.000706548,0.006001234,1,9.6482819
US02586866-8_LensData_3.96_2.2_25,-0.070931376,-0.070931376,-0.070931514,0.005428011,0.04865576,0.59278966,0.93904751,0.009523498,0.41508773,1,2.4684333
US02594020-1_LensData_9.6_4.2_25,0.060129654,0.060129654,0.060129945,0.002390287,0.023300053,0.19515217,0.33393241,0.01135341,0.051121048,0.95327046,4.4189234
US02600207-3_LensData_9.6_2.7_25,0.020576386,0.020576386,0.020573837,0.041368199,0.066470579,0.17046775,0.1984285,0.063764135,0.20913638,1,2.8752794
US02600208-1_LensData_9.6_4.7_25,-0.013644606,-0.013644606,-0.013645246,0.017944052,0.049262972,0.060579036,0.076227935,0.01064494,0.071312312,1,4.9463693
US02600610-1_LensData_9.6_2.8_25,0.00081103,0.00081103,0.0008092,0.04234,0.07783,0.1922,0.2437,0.0648,0.2173,1,3.046842
US02601367-1_LensData_6.7_4.2_25,-0.037970466,-0.037970466,-0.037970139,0.003526879,0.036004911,0.092518439,0.13266529,0.003341292,0.089820612,1,4.3559219
US02601369-1_LensData_0.26_2.8_1,-0.001143469,-0.001143469,-0.00114394,-5.68E-07,0.001082301,0.048746384,0.050886096,0.050918669,0.044119434,1,2.9166663
US02601592-1_LensData_14.43_6.6_25,-0.20048361,-0.20048361,-0.2004852,0.021179939,0.12642335,0.24249861,0.39711446,0.006518548,0.13665409,1,6.9471561
US02601593-1_LensData_14.43_6.6_25,0.041418026,0.041418026,0.041415046,0.050824004,0.076154205,0.028146268,0.026905158,0.015671037,0.037512242,1,6.9000344
US02601594-1_LensData_14.43_5.8_25,0.02253465,0.02253465,0.022532566,0.030769136,0.054065489,0.030746006,0.028013763,0.0105905,0.044034316,1,6.1140859
US02601805-1(1)_LensData_9.1_2.8_25,-0.24657906,-0.24657906,-0.24657902,-0.004794393,0.10608362,1.3815418,2.2707244,0.011998143,0.75474495,1,3.0104486
US02601805-1_LensData_21_2_200,-0.66055729,-0.66055729,-0.66055441,-0.22209702,0.083227817,6.4420493,10.636063,1.8613564,2.8123857,1,2.1035943
US02604013-1_LensData_2.63_1.7_25,-0.058868777,-0.058868777,-0.058869144,0.008937588,0.045657335,1.1228638,1.8063828,0.04603342,0.71925745,0.9605687,1.7476524
US02614461-1_LensData_4.89_3.2_23,-0.17049697,-0.17049697,-0.17050247,0.1117882,0.24039349,1.3258822,2.1825453,0.18284052,0.69062038,1,3.3629115
US02622479-1_LensData_9.6_4.5_25,-0.01129139,-0.01129139,-0.011292166,0.019956322,0.051271021,0.064766112,0.080541862,0.012487384,0.077078021,1,4.7837122
US02622480-1_LensData_14.43_5.6_25,-0.031590703,-0.031590703,-0.031591804,0.026447815,0.067590706,0.08214727,0.12329779,0.012277179,0.06993889,1,5.8182649
US02623434-1_LensData_16.24_5.4_25,-0.057867869,-0.057867869,-0.057871493,0.052391695,0.11522674,0.15773515,0.24835193,0.016807976,0.11260524,1,6.0869777
US02627204-2_LensData_12.19_3.6_25,0.01233332,0.01233332,0.01233,0.02338,0.04636,0.0709,0.0603,0.0227,0.1046,1,3.757961
US02627205-3_LensData_11.66_3.6_25,0.09101859,0.09101859,0.09102,0.03257,0.02999,0.2097,0.3603,0.0332,0.0316,1,3.769625
US02629285-1_LensData_5.31_8.3_25,0.026367694,0.026367694,0.026367281,0.007359237,0.024312428,0.014730638,0.021386779,0.001337248,0.013848917,1,8.7107893
US02641966-1_LensData_11.13_3.5_25,0.004778452,0.004778452,0.004776448,0.034379851,0.064383264,0.1381879,0.19099845,0.03698782,0.13942445,1,3.7682581
US02645156-1_LensData_13.29_6.6_25,-0.002069419,-0.002069419,-0.002068036,-0.027291588,-0.013911244,0.033397686,0.055034542,0.011325757,0.013752917,1,8.0867012
US02645157-1_LensData_11.13_5.4_25,0.050652066,0.050652066,0.050648723,0.06737718,0.091468989,0.039841897,0.035841084,0.031278556,0.049991987,1,5.7243691
US02645973-1_LensData_8.12_3_25,-0.009405125,-0.009405125,-0.009406407,0.026188908,0.055777716,0.18603802,0.26639944,0.040429273,0.17671232,1,3.1756269
US02645974-1_LensData_16.24_6.8_25,0.062317763,0.062317763,0.062315383,0.049411336,0.061647065,0.021731386,0.027702398,0.016589661,0.019342174,1,7.3078919
US02645975-1_LensData_9.1_4.3_25,0.039541782,0.039541782,0.039540011,0.035030244,0.048440843,0.0408495,0.043129218,0.029099289,0.047949421,1,4.4117947
US02646721-1_LensData_11.13_3.1_25,0.019369576,0.019369576,0.0193694,-0.002430912,0.004682107,0.13309626,0.22245235,0.027541504,0.053854076,1,3.2511981
US02662447-1_LensData_11.13_3.1_25,0.018800189,0.018800189,0.018797984,0.040930291,0.067283811,0.13213135,0.1559549,0.055575317,0.15800486,1,3.2882816
US02663221-1_LensData_9.6_5.4_25,-0.020015136,-0.020015136,-0.020016227,0.024586875,0.059193476,0.063283316,0.091060018,0.010624446,0.06007935,1,5.7583686
US02670659-2_LensData_14.43_8.3_25,0.03440726,0.03440726,0.0344,0.065,0.09755,0.0266,0.0334,0.0124,0.0292,1,8.713173
US02671380-1_LensData_12.19_6.4_25,0.052929542,0.052929542,0.052928736,0.017099847,0.017786563,0.043954133,0.075543639,0.006937493,0.006397437,1,6.420504
US02676517-1_LensData_12.76_6.3_24,0.040210425,0.040210425,0.040207439,0.055913987,0.079696571,0.038120729,0.047947655,0.022361739,0.039503732,1,6.5702893
US02682198-1_LensData_10.1_3.3_25,-0.00294173,-0.00294173,-0.002942,0.006442,0.03193,0.082,0.055,0.0056,0.1308,1,3.547715
US02683396-1_LensData_11.66_3.3_25,0.026354547,0.026354547,0.026352608,0.03559638,0.057629382,0.081411555,0.064545616,0.042764993,0.11784966,1,3.4924935
US02687063-1_LensData_9.1_3.3_25,-0.005274891,-0.005274891,-0.005275359,0.013955973,0.038416193,0.078246242,0.075636418,0.017197189,0.11113421,1,3.4951405
US02687064-1_LensData_9.6_4.7_25,-0.019418108,-0.019418108,-0.01941976,0.036681926,0.076346997,0.12112132,0.18326938,0.026536285,0.098586433,1,4.8745457
US02696758-1_LensData_16.24_7.8_25,-0.067622608,-0.067622608,-0.067624086,0.036400288,0.11230008,0.078807376,0.11826542,0.00895359,0.067564271,1,8.0737967
US02701982-1_LensData_8.12_2.3_25,-0.011996387,-0.011996387,-0.011997204,0.017408588,0.04582614,0.30454417,0.42675335,0.053978091,0.30530215,1,2.3835578
US02718174-1_LensData_9.6_2.4_25,0.005289651,0.005289651,0.005287355,0.050712772,0.084325268,0.31252259,0.44206819,0.11791855,0.2892785,1,2.6248988
US02720139-1_LensData_13.29_3.5_25,0.031008758,0.031008758,0.031006313,0.042627845,0.068631826,0.086400648,0.071546483,0.042321351,0.12443962,1,3.7376099
US02720814-1_LensData_6.7_4.5_25,0.055470362,0.055470362,0.055466625,0.07299317,0.096627934,0.071337125,0.079584026,0.052541849,0.078566489,1,4.7445394
US02720816-1_LensData_8.12_4.7_25,0.000693346,0.000693346,0.000691403,0.038874012,0.070289188,0.079647925,0.1117231,0.023910056,0.077315158,1,4.9688077
US02721499-3_LensData_18.16_5.4_25,0.078212774,0.078212774,0.078209944,0.063409245,0.081673382,0.057547729,0.092069735,0.022397042,0.030931536,1,6.0877013
US02721501-1_LensData_9.6_4.7_25,-0.004064125,-0.004064125,-0.004065747,0.041629805,0.077405043,0.082227281,0.11259771,0.027840228,0.082647775,1,4.904716
US02724992-1_LensData_9.6_4.9_25,-0.01177361,-0.01177361,-0.01177533,0.031885331,0.067818549,0.060511699,0.079176128,0.011561371,0.067693961,1,5.580816
US02724994-1_LensData_13.29_4.7_25,0.008985408,0.008985408,0.008983188,0.036987685,0.067908771,0.070448175,0.088818071,0.01958196,0.081343304,1,4.9924267
US02730015-1_LensData_20.98_8.9_25,0.05503122,0.05503122,0.055025503,0.10651249,0.14447617,0.039312895,0.055891989,0.02026931,0.033192645,1,9.138106
US02730017-1_LensData_6.7_8.9_25,-0.016003539,-0.016003539,-0.016004549,0.025099204,0.06294789,0.023104946,0.031554698,0.004570867,0.024185199,1,9.5005799
US02731884-1_LensData_9.6_4.9_25,0.022940554,0.022940554,0.022937143,0.067500516,0.10568849,0.084103472,0.11077916,0.036860716,0.087117438,1,5.2450176
US02732762-1_LensData_9.1_4.9_25,0.13802074,0.13802074,0.13801685,0.1715016,0.20762504,0.24742185,0.21642386,0.2379138,0.28321449,1,5.2587976
US02736234-1_LensData_5.31_4.5_25,0.024039601,0.024039601,0.024037501,0.041732614,0.064941821,0.048573405,0.047740048,0.027163122,0.063727385,1,4.7732807
US02744447-2_LensData_14.43_4.7_25,0.02049087,0.02049087,0.020488543,0.04092254,0.06995386,0.063089414,0.073561928,0.02439887,0.0770335,1,4.992815
US02750839-1_LensData_11.66_5.4_25,-0.040761993,-0.040761993,-0.040762991,0.021819422,0.063646821,0.088404352,0.13434838,0.008713099,0.072942326,1,5.77558
US02760406-1_LensData_8.12_3.7_25,0.03441666,0.03441666,0.034412374,0.084556575,0.12603089,0.18511306,0.25289438,0.087211868,0.17674575,1,3.9163759
US02764062-1_LensData_12.74_5.4_25,-0.00249184,-0.00249184,-0.002494377,0.052790183,0.093503483,0.078837009,0.11382549,0.023767193,0.071587006,1,5.8328377
US02771006-1_LensData_8.12_2.4_25,-0.14819427,-0.14819427,-0.14819473,0.008900839,0.087193039,1.1649579,1.8950848,0.019418854,0.69257317,0.89660646,2.6243974
US02771817-1_LensData_9.6_4.7_25,-0.39162953,-0.39162953,-0.3916302,0.005406277,0.1837346,0.73731673,1.2133878,0.003850107,0.39822494,1,5.2316698
US02772601-2_LensData_16.24_5.6_25,-0.025739632,-0.025739632,-0.025741319,0.029558347,0.072753203,0.084586137,0.12339074,0.011497588,0.078147133,1,5.8501514
US02774280-1_LensData_12.74_6.3_25,0.10394786,0.10394786,0.10394779,0.007333189,-0.010919087,0.11970626,0.20503879,0.002567489,0.030680158,1,6.4531343
US02777363-1_LensData_8.12_2.7_25,0.015015639,0.015015639,0.015013658,0.041574074,0.070216888,0.20141274,0.26674099,0.085875329,0.20778822,0.98914287,2.9392301
US02784643-1_LensData_11.13_3_25,0.023167595,0.023167595,0.023164741,0.056323603,0.08582804,0.21220785,0.29236643,0.096501117,0.20076333,1,3.1096279
US02785602-1_LensData_1.66_4.2_19,-0.003470372,-0.003470372,-0.003470378,0.000151865,0.002173645,0.005392501,0.008638821,6.7632876e-05,0.003550127,1,5.8547991
US02792749-1_LensData_18.16_6.6_25,0.030099469,0.030099469,0.030098391,0.013900693,0.033579752,0.021794087,0.025725281,0.003078712,0.027453199,1,7.0224382
US02793565-1_LensData_14.43_4.9_25,-0.05886535,-0.05886535,-0.05886,-0.01329,0.03307,0.0972,0.1302,0.0117,0.1062,1,5.287504
US02799207-1_LensData_9.6_4.7_25,0.005779101,0.005779101,0.005777117,0.03424805,0.0656688,0.073708811,0.096006207,0.019854861,0.0817775,1,4.9885947
US02799207-3_LensData_9.1_5_25,-0.008706503,-0.008706503,-0.008707451,0.012899188,0.042058658,0.053253917,0.061483139,0.005008584,0.068576066,1,5.2421086
US02807983-2_LensData_7.17_3.3_25,-0.085126692,-0.085126692,-0.085122469,-0.10136774,-0.082290795,0.18872265,0.23522992,0.15125163,0.16922925,1,3.839744
US02810322-1_LensData_6.7_10_25,-0.004444046,-0.004444046,-0.004446103,0.039086991,0.078194307,0.022000268,0.030604198,0.005383248,0.022055364,1,10.45668
US02818776-1_LensData_14.43_4.1_25,0.005170815,0.005170815,0.005169263,0.025092944,0.05075493,0.071901526,0.087433848,0.017357846,0.086968475,1,4.4003454
US02818777-1_LensData_10.1_5.4_25,0.003574657,0.003574657,0.003572351,0.047784538,0.084801592,0.062579492,0.084684591,0.020720911,0.064402969,1,5.8548099
US02824492-3_LensData_5.31_4.9_25,-0.005696078,-0.005696078,-0.005696424,0.003946251,0.02983689,0.040256772,0.034618278,0.001803371,0.060499138,1,5.231993
US02824493-2_LensData_6.7_4.1_25,-0.061139724,-0.061139724,-0.061138303,-0.02920071,0.002914105,0.097266785,0.12713899,0.029964258,0.10639691,1,4.3898675
US02824494-1_LensData_12.74_3.3_25,0.015727948,0.015727948,0.015725699,0.039250735,0.066930037,0.12662357,0.15438527,0.045368852,0.14902161,1,3.4987557
US02824495-1_LensData_16.24_8.3_25,-0.048547971,-0.048547971,-0.048549321,0.035024447,0.12110103,0.059670135,0.078834626,0.007469199,0.066414516,1,8.6762126
US02826116-1_LensData_13.29_4.6_25,-0.000432373,-0.000432373,-0.000433396,0.018393182,0.045990938,0.057089359,0.068839946,0.012052682,0.069952694,1,4.9966758
US02827835-1_LensData_2.63_3_25,0.02669166,0.02669166,0.02669,0.02127,0.02654,0.0619,0.0952,0.0318,0.0378,1,3.191862
US02828671-1_LensData_13.29_2.2_25,-0.046815461,-0.046815461,-0.046816869,0.026532338,0.069957376,0.71980938,1.141796,0.081530146,0.49399526,1,2.3362839
US02833181-1_LensData_5.31_8.3_25,0.01226977,0.01226977,0.01227,0.01528,0.03815,0.0104,0.003,0.0033,0.0174,1,8.736133
US02845845-1_LensData_29.79_10_25,0.08716229,0.08716229,0.08716,0.04331,0.07473,0.0265,0.0421,0.0066,0.0171,1,10.944367
US02849918-1_LensData_16.24_6.6_25,-0.02073344,-0.02073344,-0.020734734,0.026482638,0.058668871,0.047050221,0.071024697,0.007973123,0.039154713,1,6.9898121
US02850945-1_LensData_2.63_5_25,-0.10041472,-0.10041472,-0.10041478,0.002635368,0.058531265,0.1853398,0.29719752,0.00094166,0.12134776,1,5.2336159
US02854889-1_LensData_12.74_4.9_25,0.014933997,0.014933997,0.014931406,0.051401412,0.087357533,0.069490535,0.085679056,0.027278137,0.080011286,1,5.2321121
US02861500-1_LensData_5.31_2.5_25,0.003974109,0.003974109,0.003973157,0.02105904,0.042482833,0.13878471,0.14962502,0.046965852,0.18218165,0.99000219,2.615681
US02862418-1_LensData_6.7_4_25,0.096219938,0.096219938,0.096216596,0.074724259,0.095402249,0.11961269,0.17247908,0.071716125,0.089606663,0.9995988,4.1776373
US02892381-1_LensData_11.13_5.8_25,0.023672092,0.023672092,0.023674686,-0.028491962,-0.028411996,0.10707526,0.18399825,0.014384886,0.018249634,1,6.1703587
US02894431-1_LensData_8.12_2.3_25,-0.01195328,-0.01195328,-0.01195,0.02509,0.05359,0.3604,0.5349,0.0731,0.3133,0.882511,2.366149
US02895379-1_LensData_6.7_3.3_25,-0.011777672,-0.011777672,-0.011777176,-0.008053625,0.014895699,0.060283353,0.026792209,0.014089203,0.099929574,1,3.6931765
US02896506-1_LensData_15.62_3.2_25,0.007952216,0.007952216,0.007949096,0.05279465,0.08912989,0.24052047,0.35111361,0.067815594,0.21370672,1,3.3919208
US02897723-1_LensData_7.64_7.6_25,-0.15155408,-0.15155408,-0.1516,0.002421,0.08195,0.1187,0.1927,0.0006,0.0717,1,8.170323
US02897724-1_LensData_11.13_1.9_25,-0.007331282,-0.007331282,-0.007331739,0.009160728,0.032967548,0.23902241,0.22208467,0.024011124,0.34856421,0.93119321,2.0372901
US02906173-1_LensData_8.12_8.3_25,-0.010295151,-0.010295151,-0.010296883,0.033826873,0.072320597,0.032615075,0.046678658,0.00714047,0.03100558,1,8.7105991
US02906174-1_LensData_12.74_4.9_25,0.045519019,0.045519019,0.045516401,0.048224197,0.065433402,0.036244357,0.032897385,0.027241483,0.046006782,1,5.2239033
US02920528-1_LensData_9.6_3.3_25,0.018226414,0.018226414,0.018224442,0.03905795,0.069503596,0.12579798,0.14136099,0.052267004,0.15735508,1,3.4940592
US02959100-1_LensData_14.43_4.5_25,-0.051635509,-0.051635509,-0.05163518,0.013149096,0.077574755,0.086903607,0.074161933,0.028802218,0.12777774,1,4.9456823
US02959100-2_LensData_14.43_4.9_25,-0.04099154,-0.04099154,-0.04099,0.05596,0.1186,0.1618,0.2463,0.0345,0.1291,1,5.235326
US02967459-1_LensData_18.16_7.6_25,-0.002581655,-0.002581655,-0.002583966,0.04315915,0.081907243,0.041901376,0.060903266,0.010889415,0.037939275,1,8.0365899
US02968221-1_LensData_16.24_4.9_25,0.01840531,0.01840531,0.018402858,0.041542596,0.070652451,0.060190006,0.073719465,0.021294194,0.070572717,1,5.2591623
US02983192-1_LensData_14.43_3.5_25,0.025203001,0.025203001,0.025201139,0.035223093,0.058230611,0.072543406,0.056416291,0.03759481,0.10578974,1,3.7372267
US02991696-1_LensData_8.12_2.4_25,0.089512147,0.089512147,0.089510471,0.042888294,0.040834656,0.48464314,0.82320984,0.10297365,0.12790192,1,2.5262261
US02995980-1_LensData_9.1_4.6_25,-0.021090398,-0.021090398,-0.021091753,0.024133057,0.062899483,0.080993209,0.11322865,0.010501933,0.082150359,1,5.3325067
US03005379-1_LensData_9.1_3_25,0.003526952,0.003526952,0.003525243,0.031533098,0.059234747,0.17530063,0.24271785,0.050318402,0.17534832,1,3.1787887
US03006249-1_LensData_21_2_37,0.070427904,0.070427904,0.070424871,0.054203888,0.067562931,0.073029546,0.10309563,0.041931503,0.060108105,1,4.2829136
US03012476-1_LensData_36_2_100,0.004538876,0.004538876,0.004538002,0.016669881,0.038800623,0.090678872,0.08091276,0.023322111,0.13257895,1,3.1910158
US03018688-1_LensData_9.1_4.5_25,-0.010810265,-0.010810265,-0.010812091,0.037869718,0.075457098,0.10611967,0.15371464,0.025088258,0.097603995,0.98352984,4.7664539
US03023671-2_LensData_14.43_3.3_25,0.0309342,0.0309342,0.030931064,0.062015944,0.091478317,0.15943416,0.21339454,0.081401637,0.15522339,1,3.5577575
US03029698-1_LensData_12.74_3.3_25,-0.071614371,-0.071614371,-0.07161524,0.011611439,0.06352276,0.32788147,0.50962957,0.010454151,0.25037408,1,3.5957839
US03030860-1_LensData_9.1_4.7_25,-0.098963721,-0.098963721,-0.098965338,0.035312827,0.11514024,0.25882692,0.40692552,0.019672976,0.18707943,1,4.9987285
US03033081-1_LensData_5.5_3.6_25.4,-0.019392663,-0.019392663,-0.019394451,0.040901962,0.083295292,0.20425402,0.30379315,0.046323168,0.17527978,1,3.7339861
US03038380-1_LensData_14_7.7_25,-0.025340727,-0.025340727,-0.025341475,0.020670815,0.064622281,0.034576001,0.045649547,0.004620062,0.038487315,1,8.0644116
US03043193-1_LensData_9.4_3_25,0.012595958,0.012595958,0.012593756,0.041878118,0.071169959,0.16065763,0.21419188,0.058831859,0.16761047,1,3.3441481
US03451745-1_LensData_37_1.5_100,-0.061078645,-0.061078645,-0.061085023,0.075584691,0.20977645,2.951189,3.537742,0.36273616,3.6716962,1,1.5766109
US03515462-1_LensData_127_4.2_100,0.90403918,0.90403918,0.90395139,1.2474751,1.5979744,1.6669974,2.3089748,1.0425109,1.3850804,1,4.3800226
US03524697-1_LensData_17_6_10,0.13642168,0.13642168,0.13641081,0.22681362,0.2967627,0.16147218,0.2230599,0.10281169,0.13376783,1,6.2864001
US03524697-2_LensData_22_5.6_10,0.17371112,0.17371112,0.17369431,0.17257277,0.2200525,0.39864471,0.46811164,0.40933854,0.30011044,1,5.8756616
US03560079-1_LensData_21_2_50,0.000302026,0.000302026,0.000294391,0.10558926,0.18884353,1.3605226,1.877528,0.25991096,1.400143,1,2.0990286
US03737214-1_LensData_16.5_3_9,0.11629038,0.11629038,0.11626124,0.12874428,0.16859044,2.9732104,4.2764472,2.2566531,1.7718512,1,3.1043494
US03741630-1_LensData_1.41_3_1,0.006587995,0.006587995,0.00658711,0.012690218,0.019371358,0.028731742,0.005232092,0.015872501,0.046874598,1,3.1310893
US03850509-1_LensData_0.57_3.5_0.48,-0.019182633,-0.019182633,-0.019183363,0.014897248,0.029300166,0.13017727,0.21572897,0.019421343,0.062627383,0.98269883,3.7305106
US03887269-1_LensData_21.7_11_925,-0.32143176,-0.32143176,-0.32141884,-0.15119145,0.47846145,0.15759253,0.065930308,0.019536944,0.26415472,1,11.549004
US03915558-1_LensData_21.7_1.5_40,-0.07220173,-0.07220173,-0.0722,0.03687,0.1359,1.2168,1.5778,0.123,1.3919,1,2.090845
US03997248-1_LensData_21.7_2_100,-0.12895846,-0.12895846,-0.12895693,-0.12070806,-0.029177772,1.8228361,2.3042334,1.2176422,1.7821476,1,2.1063204
US04013349-1_LensData_21.7_4_25,0.043536082,0.043536082,0.04353299,0.024631238,0.028515863,0.079612591,0.10990019,0.048679785,0.067577516,1,4.2903417
US04099843-1_LensData_21.7_1.2_55,0.23902629,0.23902629,0.23900885,0.30888845,0.38672514,3.8633896,4.8388004,2.9828516,3.5307143,0.9930673,1.3236944
US04182550-1_LensData_41_1.4_100,0.18124361,0.18124361,0.18122195,0.26659238,0.38847017,3.3772762,2.8012346,1.2587293,4.9786212,1,1.5043944
US04235519-1_LensData_56_2_96,0.54621831,0.54621831,0.54616477,0.92871415,1.1946519,5.1152196,6.5963145,3.0873925,5.0451022,1,2.0708693
US04251133-1_LensData_0.074_4_1,-0.00185516,-0.00185516,-0.001855,0.0001292,0.00191,0.0062,0.0089,0.0001,0.006,1,4.301993
US04273415-1_LensData_14_4.8_50,0.056018697,0.056018697,0.056009371,0.11266699,0.17875743,0.13970306,0.10693631,0.055114361,0.2099473,1,5.0047074
US04331391-1_LensData_76_4.9_75,0.28445425,0.28445425,0.2844,0.3222,0.3906,0.4077,0.2142,0.5012,0.4489,1,5.211593
US04364644-1_LensData_21_2_50,0.26701078,0.26701078,0.266997,0.25184397,0.28593728,0.97189919,1.1156147,0.85373736,0.92752389,1,2.1046665
US04390250-1_LensData_21.7_2.9_33,0.052779374,0.052779374,0.05276878,0.09295652,0.13939625,0.48833589,0.49089587,0.38378903,0.57196421,0.96882495,3.3576197
US04396255-1_LensData_21_2_40,0.10597188,0.10597188,0.106,0.1314,0.1839,1.3629,1.855,0.8507,1.1866,1,2.086681
US04403836-1_LensData_4.4_7_100,0.01930497,0.01930497,0.0193,0.02942,0.03267,0.0117,0.0159,0.009,0.0086,1,9.181377
US04412726-1_LensData_1.35_2.9_1,0.008715816,0.008715816,0.008715138,0.010840895,0.014188546,0.024435674,0.030477197,0.013913427,0.025862396,1,3.0193041
US04426137-1_LensData_15_2.5_100,-0.021119383,-0.021119383,-0.02112674,0.1051139,0.23126003,0.96936978,1.1433807,0.16781984,1.2180108,1,2.6185347
US04431273-1_LensData_17.8_2.8_12,0.28979842,0.28979842,0.2897629,0.68465409,0.86109835,2.8831113,4.4376347,1.4031237,1.8098713,1,2.8759576
US04443068-1_LensData_14_6_590,0.13838695,0.13838695,0.13839183,0.085289775,0.0421421,0.20831106,0.19942288,0.19751586,0.22671235,1,6.6565928
US04443070-1_LensData_21_2_100,0.1931919,0.1931919,0.1932,0.1336,0.2049,1.2881,1.7611,0.3384,1.3272,1,2.104047
US04447137-1_LensData_21_2_134,0.01551198,0.01551198,0.015507632,0.080277777,0.21020694,0.8759188,0.30266328,0.16578942,1.4773659,1,2.1964891
US04448497-1_LensData_41_1.4_100,0.15214616,0.15214616,0.15212436,0.21604242,0.32756916,3.0083079,1.704526,1.7286496,4.6104351,1,1.472741
US04483597-1_LensData_15_2_200,6.0800586e-05,6.0800586e-05,5.598784e-05,0.057139475,0.19297607,1.2519497,0.77403514,0.16349631,2.0189781,1,2.0852245
US04514052-1_LensData_41_2_100,0.025016908,0.025016908,0.02500868,0.15248733,0.28097321,1.8068992,2.4370609,0.56160548,1.8814854,1,2.0971741
US04553823-1_LensData_21.7_2_52,0.080033831,0.080033831,0.080024218,0.13468612,0.20176499,0.67968805,0.3281652,0.41368161,1.0521895,1,2.2198246
US04621909-1_LensData_21.7_1.5_51,0.04275618,0.04275618,0.04275,0.08075,0.1428,1.2968,0.4475,0.6694,2.0969,1,1.580345
US04647161-1_LensData_20_3.7_15,0.27324436,0.27324436,0.27321536,0.42828006,0.52621165,0.45717087,0.36220914,0.33242026,0.62073901,1,3.8682486
US04666260-2_LensData_11_4_200,-0.20212577,-0.20212577,-0.20211423,-0.14897124,-0.034058671,0.55667006,0.87767684,0.19832897,0.34640101,1,4.2018564
US04709998-1_LensData_12_3.7_100,-0.014835242,-0.014835242,-0.014835441,0.014006422,0.082899188,0.15152445,0.058753718,0.010417651,0.25557474,1,3.880452
US04717245-2_LensData_21.6_1_50,0.03464691,0.03464691,0.03463,0.08672,0.1513,3.3381,2.269,1.6736,5.0477,1,1.048225
US04786152-1_LensData_11_2.9_100,-0.035483676,-0.035483676,-0.035488835,0.041408399,0.12949913,0.76001285,1.1127609,0.66130902,0.23935791,1,3.0407877
US04786153-1_LensData_21_2.9_51,0.17848136,0.17848136,0.17846168,0.34427977,0.56766705,0.37268594,0.225546,0.16086696,0.58303966,1,4.9424762
US04807983-1_LensData_21.7_2.7_50,0.093952421,0.093952421,0.09394676,0.11293161,0.17060065,0.36851009,0.48018172,0.14685577,0.39402787,1,2.8940083
US04852984-1_LensData_25_1.4_100,-0.033652418,-0.033652418,-0.033652401,0.007869957,0.10888522,1.6139551,0.59561655,0.25602373,2.7192363,1,1.4687169
US04923292-1_LensData_21.7_2.9_50,0.03346027,0.03346027,0.033454755,0.055145285,0.11702577,0.32274129,0.12459597,0.09625239,0.53637407,1,3.0578381
US04951078-1_LensData_21_7_500,-0.20601238,-0.20601238,-0.206,-0.1295,-0.103,0.0486,0.0762,0.0299,0.0193,1,7.897572
US04966449-1_LensData_21_6_233,-0.086160845,-0.086160845,-0.086167992,0.11624989,0.30751371,0.23945487,0.29304619,0.030632702,0.29189291,1,6.2688402
US04978205-1_LensData_21.7_2.9_297,0.052565723,0.052565723,0.052553181,0.079793834,0.1486876,0.56088571,0.41218696,0.28839558,0.83108858,1,3.042378
US04986643-1_LensData_21.7_2.9_104,-0.04084606,-0.04084606,-0.04085,0.002846,0.1101,0.4243,0.3079,0.0457,0.6658,1,3.036074
US05321554-4_LensData_18_2.9_15,0.034214065,0.034214065,0.034206436,0.063303177,0.10767321,0.29685066,0.11503041,0.40996867,0.28819202,1,3.0437331
US05323270-1_LensData_21.7_3.7_394,-0.18122526,-0.18122526,-0.18124758,-0.051879803,0.19303554,1.448773,1.7349406,1.632619,0.78826764,1,3.8646509
US05323270-5_LensData_21.7_4_600,0.34117778,0.34117778,0.3411646,0.23192424,0.36842754,1.0206113,1.7069377,0.21963535,0.40381451,1,4.2973057
US05325234-1_LensData_21.7_3_195,0.21442914,0.21442914,0.21439545,0.31448203,0.49816688,1.4764721,1.6395152,1.0076947,1.6841767,1,3.2770192
US05331467-1_LensData_21_7.5_1000,-0.32008706,-0.32008706,-0.3201,-0.3607,-0.4449,0.4499,0.4272,0.4298,0.49,0.988548,8.607568
US05402268-1_LensData_21_4_200,0.088654297,0.088654297,0.088651055,0.084823431,0.14989289,0.15917204,0.17796906,0.079400357,0.19501234,1,4.1991723
US05434713-1_LensData_21.7_3_15,-0.003238879,-0.003238879,-0.003241989,0.068807665,0.1322709,0.21121987,0.10703547,0.08468033,0.3394321,1,3.1349344
US05438455-1_LensData_21_3_400,-0.083453305,-0.083453305,-0.083449645,-0.021945762,0.01670895,0.19369198,0.32283659,0.04274186,0.080618956,1,3.137556
US05490014-1_LensData_21_2.8_195,-0.02096745,-0.02096745,-0.02097,0.02566,0.09819,0.5734,0.8258,0.5324,0.1456,1,2.979997
US05557473-1_LensData_21_2.8_28,0.011724247,0.011724247,0.011712399,0.015380027,0.05293376,1.08236,0.93104801,1.2603815,1.0291247,1,2.9283743
US05589988-1_LensData_21.7_1.9_35,-0.13845995,-0.13845995,-0.1384,-0.07725,0.01495,1.0766,0.8802,0.4906,1.569,1,1.951725
US05589988-4_LensData_21.7_1.5_28,-0.08191162,-0.08191162,-0.08192,-0.02516,0.057,3.3043,3.8544,2.6236,3.319,0.997254,1.685382
US05598299-1_LensData_21.7_2.9_100,-0.073787562,-0.073787562,-0.073789982,-0.024793357,0.095111933,0.79715784,0.96179807,0.09735617,0.98582357,1,3.0426527
US05610769-1_LensData_21_4.2_590,-0.17818709,-0.17818709,-0.1782,-3.83E-05,0.1096,1.4662,1.7211,1.429,1.202,0.995608,4.498195
US05623371-1_LensData_21.7_5_55,0.055372759,0.055372759,0.055344082,0.20542815,0.45665249,0.38222915,0.49015457,0.12620625,0.42675267,0.99281723,5.3594953
US05627685-1_LensData_21_3_295,-0.039352966,-0.039352966,-0.039356483,0.04182148,0.13626035,0.34965026,0.37661432,0.028389336,0.47341485,1,3.1476185
US05631780-1_LensData_22_2.8_24,-0.51308726,-0.51308726,-0.51308953,-0.49580255,-0.45818353,4.3464371,5.2222791,4.178527,3.4557575,1,2.9573032
US05631780-3_LensData_19_1.8_24,0.018273859,0.018273859,0.018270551,0.066518475,0.11416859,0.73510527,0.99946341,0.49032096,0.61789765,1,1.8808039
US05631780-4_LensData_21_1.8_24,0.024429069,0.024429069,0.024427823,0.074518497,0.12334183,1.1073777,0.32131113,0.91811871,1.65308,1,1.8788977
US05737129-1_LensData_21_7_68,-0.17112876,-0.17112876,-0.17110431,-0.29919691,-0.23795695,0.30235745,0.51125739,0.092673771,0.065479374,1,7.3628763
US05745306-1_LensData_21.7_2.9_295,-0.11017721,-0.11017721,-0.1101786,-0.029599711,0.063994254,0.55539648,0.71274672,0.11940561,0.63492532,1,3.0460772
US05745306-2_LensData_21_4.1_495,-0.0632716,-0.0632716,-0.06328,0.0707,0.2067,0.1869,0.2286,0.0216,0.2282,1,5.885307
US05745306-3_LensData_21.7_6.3_496,-0.18153451,-0.18153451,-0.18153728,0.043547658,0.19436013,0.23608845,0.35696867,0.013219763,0.19902734,1,6.610332
US05757555-1_LensData_21.7_4.1_295,-0.26294286,-0.26294286,-0.26294503,-0.075381632,0.038900206,0.68663335,1.0787475,0.12358486,0.48520781,1,4.3015888
US05757555-6_LensData_21_4_392,0.29541294,0.29541294,0.29540407,-0.10656131,-0.20766847,0.56092017,0.55711418,0.46356021,0.64701627,1,5.776993
US05805359-1_LensData_21.7_2.9_27,0.036562115,0.036562115,0.036555691,0.12511481,0.18855751,0.33853001,0.3820741,0.18536084,0.40431232,1,3.0086421
US05808808-1_LensData_21.7_2.9_16,-0.036778568,-0.036778568,-0.036775165,0.026647835,0.078579846,0.16843183,0.13240317,0.072709509,0.24958079,1,3.125663
US05909319-3_LensData_21_4_200,0.00593553,0.00593553,0.00593,0.06043,0.1033,0.228,0.2193,0.1368,0.2985,1,4.263502
US05917663-1_LensData_21_2.9_29,0.21696917,0.21696917,0.2169628,0.22569086,0.27913077,1.2058418,1.4892804,0.95314917,1.1116265,1,3.019289
US05917663-2_LensData_21_2.9_28,-0.012123621,-0.012123621,-0.01213319,0.028378146,0.082733258,0.82290447,0.99663107,0.86968818,0.53092778,1,3.033767
US05920436-1_LensData_23_1_24,-0.12827785,-0.12827785,-0.12827511,-0.066795087,-0.026435104,3.0963489,4.0960301,1.650997,3.0428401,1,1.0494003
US05930056-1_LensData_25_4.6_68,0.068780101,0.068780101,0.068771197,0.13502976,0.23813259,0.22359801,0.22602275,0.068875782,0.30685185,1,4.8260758
US05946136-1_LensData_21.7_2.9_61,-0.1960847,-0.1960847,-0.1961,-3.93E-05,0.2688,0.7229,0.9869,0.7365,0.2265,1,5.509858
US06115188-1_LensData_21_3_295,0.018773573,0.018773573,0.0187688,0.00847621,0.035305158,0.14585177,0.064851424,0.058007399,0.23716587,1,3.1410282
US06115188-10_LensData_21_4_490,0.16004225,0.16004225,0.16,0.02827,0.03008,0.3671,0.6342,0.0264,0.0362,1,4.18793
US06115188-15_LensData_21_4.2_590,0.07005544,0.07005544,0.07005,0.03399,0.08699,0.1412,0.1531,0.0379,0.187,1,4.399365
US06115188-22_LensData_21_4.1_585,-0.03971231,-0.03971231,-0.039713167,-0.021611469,0.042687813,0.13599373,0.097768826,0.033397838,0.21168071,1,4.3173678
US06115188-7_LensData_21_3_392,0.039668356,0.039668356,0.039665163,-0.018404843,-0.008563519,0.20018247,0.32058908,0.072641304,0.11029484,1,3.1382038
US06154324-1_LensData_35_3.8_123,0.051376952,0.051376952,0.051372805,0.00368774,0.090304434,0.20937305,0.12372978,0.0728498,0.33300912,1,3.9866755
US06239919-2_LensData_21.7_2.9_588,0.1775707,0.1775707,0.17755925,0.20291238,0.29111321,0.43753138,0.30295504,0.26537971,0.6419447,1,3.0480825
US06317275-1_LensData_33.4_2.9_148,0.014255398,0.014255398,0.014252942,0.06073695,0.17259426,0.41221926,0.24697636,0.078257577,0.66532141,1,3.0411571
US06366412-1_LensData_51_6.8_100,-0.12657978,-0.12657978,-0.12659967,-0.098231037,0.050622205,0.37140638,0.32870832,0.32291141,0.44889549,1,7.0636691
US06384975-1_LensData_21_3_133,-0.097286608,-0.097286608,-0.097282429,-0.025405489,0.1181185,0.51158164,0.43705812,0.053926782,0.76890794,1,3.1428018
US06476982-1_LensData_3.4_2_5.7,0.074571352,0.074571352,0.074565228,0.084854236,0.092962805,0.31967102,0.36461781,0.30551327,0.28334463,1,2.0902837
US06549343-1_LensData_21_1.8_95,0.083718303,0.083718303,0.083705186,0.20986167,0.35064918,1.0923244,0.59232597,0.43256341,1.744006,0.99301804,2.3504317
US06580568-1_LensData_34_5.7_292,0.00507432,0.00507432,0.005071781,0.011607378,0.15019246,0.1459838,0.058825039,0.007571598,0.24579687,1,5.9652689
US06844991-1_LensData_14_2.9_10,0.09296726,0.09296726,0.092959274,0.089178849,0.11698285,0.22359313,0.12753955,0.1427452,0.33665878,1,3.0379381
US06891684-1_LensData_21.7_2.9_50,-0.31669128,-0.31669128,-0.31668347,2.988937e-06,0.28625118,0.89905125,1.2161929,0.11157104,0.96607777,1,3.9616636
US06917479-1_LensData_2.5_2.8_4.6,0.04043552,0.04043552,0.04044,0.0413,0.04534,0.4338,0.5104,0.4012,0.3782,1,2.928516
US06927926-1_LensData_12_2.9_300,-0.054234789,-0.054234789,-0.054235888,0.035642333,0.11450043,0.20634788,0.27185299,0.024077765,0.23076948,1,4.1007599
US07023628-1_LensData_NA_2_1.7,0.035589136,0.035589136,0.035585003,0.05757597,0.070494319,0.19759206,0.24488411,0.17777388,0.15986271,1,2.0775191
US07054076-1_LensData_3.6_3.3_10,0.016381243,0.016381243,0.016380722,0.011544878,0.016738998,0.031151415,0.043370307,0.016543974,0.027505371,1,3.4958034
US07057831-1_LensData_21.7_4.2_360,0.27207339,0.27207339,0.27203436,0.74683535,1.4573715,1.941524,2.3496022,0.69121171,2.3043744,1,4.3915096
US07061695-1_LensData_3_3_5,0.010678473,0.010678473,0.01067773,0.052083809,0.071525322,0.25811675,0.110523,0.24637915,0.35630709,1,3.0237628
US07095571-1_LensData_3_3_3.8,-0.032146152,-0.032146152,-0.032145269,-0.004711532,0.008152968,0.13458595,0.13514921,0.094803999,0.16458137,1,3.1682778
US07154681-1_LensData_2.8_2.8_8.1,0.11910893,0.11910893,0.1191085,0.12968908,0.1404187,0.99527964,1.1546506,0.93374496,0.87558382,1,2.9014437
US07161746-1_LensData_14_2.9_10,0.091946077,0.091946077,0.091938089,0.089171449,0.11654407,0.22037012,0.11834273,0.14274982,0.33362623,1,3.037939
US07164544-1_LensData_21.7_4.2_300,0.29327168,0.29327168,0.2933,-0.1297,-0.1172,1.1802,2.0337,0.1679,0.1194,1,4.398877
US07173776-1_LensData_4.38_1.9_2.95,-0.027593924,-0.027593924,-0.027594739,-0.002447599,0.018153143,0.45508956,0.66126685,0.40192544,0.15000537,0.97514294,1.9881305
US07190532-1_LensData_2.9_2.9_4.6,-0.024577344,-0.024577344,-0.024572771,-0.00342034,0.007460763,0.13030782,0.12316775,0.09084432,0.16588369,1,3.0503014
US07196855-1_LensData_2.8_2.8_3.6,0.005483229,0.005483229,0.005480052,0.020589222,0.028645819,0.08389407,0.13406266,0.008316811,0.055431749,1,2.9568153
US07218457-1_LensData_21.7_2.9_105,-0.41767684,-0.41767684,-0.4177,0.0002109,0.4022,1.1429,1.4359,0.5151,1.2615,1,3.987919
US07286303-1_LensData_21.7_2.8_45,-0.089628706,-0.089628706,-0.089648773,-2.25E-05,0.13636995,1.0002036,1.4076708,0.94799987,0.3478231,0.9979302,4.0493712
US07411745-2_LensData_21_2_195,-0.027392897,-0.027392897,-0.027394243,0.000521957,0.02565388,0.57140519,0.22152849,0.50421658,0.8223153,1,2.0991624
US07474478-1_LensData_2.8_2.8_4.8,-0.020834782,-0.020834782,-0.020834544,-9.62E-05,0.010101409,0.10548937,0.14239923,0.044058474,0.10566613,1,3.0331832
US07554753-1_LensData_8.3_2.9_10,0.017804366,0.017804366,0.017802564,-5.81E-06,0.004627129,0.12445796,0.11855575,0.15758237,0.087072863,0.66875184,3.0399615
US07558005-1_LensData_2.9_2.9_4.5,-0.003445932,-0.003445932,-0.003445292,0.020343617,0.034362278,0.10433935,0.019542716,0.092210433,0.15419279,1,3.0705382
US07583441-1_LensData_21.7_2.8_57,-0.0381667,-0.0381667,-0.038166175,0.001450618,0.096643393,0.57109972,0.19683592,0.23882094,0.9395131,1,2.9846431
US07633690-1_LensData_2.9_2.9_3.6,-0.016151186,-0.016151186,-0.016149458,0.010534003,0.024407273,0.11654607,0.12898074,0.064601047,0.14120776,1,3.0944068
US07636205-1_LensData_2.6_2.4_3.6,0.033143281,0.033143281,0.033139805,0.12575949,0.16464695,0.69441702,0.63588964,0.56719771,0.84886754,0.86859365,2.5124065
US07663815-1_LensData_4.7_2_8.1,-0.074452466,-0.074452466,-0.074450004,-0.000551286,0.032163974,0.57119563,0.90679809,0.099772381,0.38282638,1,2.1021574
US07688523-1_LensData_3.5_2.9_5.8,0.037336465,0.037336465,0.037336792,0.036707329,0.039080505,0.24264242,0.25146014,0.23651494,0.2396967,1,3.0054312
US07706087-1_LensData_21_1.5_51,0.007485034,0.007485034,0.007479263,0.04159684,0.10020964,1.4796853,1.0604374,0.58981734,2.2574309,1,1.5816472
US07715116-2_LensData_21_6.7_215,0.17078775,0.17078775,0.17077593,0.21354893,0.33999063,0.10079975,0.05010276,0.05500775,0.15794186,1,7.0677072
US07773305-1_LensData_1.8_3.2_1.66,0.066896109,0.066896109,0.066893757,0.075320526,0.081246976,0.20752055,0.19677819,0.20893484,0.21637679,1,3.4302688
US07777974-2_LensData_21.7_3.2_60,-0.91001066,-0.91001066,-0.90999345,-0.51262009,-0.29816408,2.1575364,3.087617,1.1624751,1.7550392,1,3.3285899
US07791825-1_LensData_35_6_99,-0.65912717,-0.65912717,-0.69375749,-0.53959042,-0.42621139,0.95739681,1.2857497,0.81837655,0.56622818,1,6.3302958
US07864451-1_LensData_21_2.9_100,-0.025602785,-0.025602785,-0.025605283,-0.025582738,0.015644184,0.40909411,0.63741199,0.30337925,0.061163469,1,3.0932458
US07864452-1_LensData_7.1_5.6_6.2,0.016724742,0.016724742,0.016719112,0.12338407,0.19332251,0.098247015,0.11868563,0.04434292,0.11359954,1,5.8626563
US07869141-1_LensData_2.3_2.1_1.65,0.01828976,0.01828976,0.018287756,0.052457948,0.070249896,0.33665329,0.40438646,0.20738933,0.36533212,1,2.1838719
US07889441-1_LensData_3.5_2.7_4.9,-0.025766439,-0.025766439,-0.025756504,-0.015848835,-0.009110339,0.066029308,0.093183688,0.01286267,0.065045833,1,2.85532
US07898744-7_LensData_21.7_3.3_45,-0.042529369,-0.042529369,-0.042535783,0.043546138,0.14804437,0.7035081,0.76390971,0.52208079,0.79287109,0.99968127,3.408846
US07957079-1_LensData_3.6_2.8_6.3,0.025353784,0.025353784,0.025342799,0.032555369,0.042898088,0.080713689,0.061314148,0.056689071,0.11212058,1,2.9768379
US07961406-1_LensData_2.2_2.8_3.2,-0.032914994,-0.032914994,-0.032909727,-0.011393608,-0.000472119,0.11063658,0.12929992,0.064006624,0.12611917,1,2.9489262
US07969664-1_LensData_2.2_3_3.7,0.018230444,0.018230444,0.018227199,0.021332943,0.026541402,0.036730325,0.012016134,0.027036211,0.056320565,1,3.1173844
US07974016-1_LensData_2.8_3_3.9,-0.099552955,-0.099552955,-0.099527757,-0.096339111,-0.091065135,0.041183064,0.036077475,0.02970436,0.053890639,1,3.1357241
US08000031-1_LensData_3.6_2.8_5.1,-0.007684542,-0.007684542,-0.007680315,0.000607761,0.008063424,0.072370994,0.10325723,0.029906886,0.06446864,1,2.9391859
US08000032-1_LensData_2.6_4_7.1,-0.005972177,-0.005972177,-0.005978031,0.002731237,0.01657015,0.034726995,0.026629084,0.040005286,0.036171279,0.99325087,4.2943589
US08004780-1_LensData_2.3_3.3_3.3,-0.31280201,-0.31280201,-0.31273924,-0.29271527,-0.28330106,0.099862936,0.16737007,0.02335083,0.036875678,1,3.5215492
US08014080-1_LensData_3.5_2.1_4.75,-0.0056401,-0.0056401,-0.005635505,-0.008897515,-0.005777895,0.17372808,0.11328041,0.14466071,0.23829637,1,2.1951305
US08027100-1_LensData_8.5_3.2_15,-0.003074427,-0.003074427,-0.003071698,0.014913369,0.048766446,0.12814519,0.11910069,0.1352056,0.12960725,0.99546619,3.4787234
US08031409-1_LensData_14_3.7_85,-0.24012791,-0.24012791,-0.24012836,0.021103116,0.33987592,0.067403586,0.085619235,0.001503237,0.079352487,1,15.443997
US08068290-1_LensData_0.72_2.1_2.1,0.003642377,0.003642377,0.003643056,-0.000229801,-0.000390286,0.052955961,0.085594561,0.023783965,0.022823134,1,2.2151525
US08072695-1_LensData_3_2.6_4.6,-0.005297578,-0.005297578,-0.005296702,-0.001094394,0.001661499,0.075684412,0.12248699,0.045221325,0.011677295,1,2.7346112
US08102607-1_LensData_2.25_2.8_3.8,-0.027211655,-0.027211655,-0.027214004,-0.017743768,-0.012761999,0.057954992,0.068875721,0.035501118,0.063813393,1,2.9561922
US08107174-4_LensData_21_3.8_24,-0.036532942,-0.036532942,-0.036543664,0.000438562,0.04339435,0.38955318,0.55118928,0.35723309,0.15436947,1,3.9687657
US08107174B2-2_LensData_21_3.8_24,0.15348363,0.15348363,0.15347475,0.15666444,0.17946175,0.19278002,0.28535092,0.113512,0.13108121,1,3.968819
US08107175-1_LensData_14.2_2.8_18,0.020262259,0.020262259,0.020258644,0.023150514,0.054177309,0.27297533,0.35545219,0.044178856,0.30862366,1,2.9718767
US08116013-2_LensData_1.66_2_NA,0.008562092,0.008562092,0.008562089,0.011442659,0.017586556,0.17985656,0.14688694,0.15489249,0.22688695,1,2.0406976
US08116014-1_LensData_2.8_2.7_4.4,-0.022662806,-0.022662806,-0.021031195,0.007830592,0.020297184,0.17168313,0.28587191,0.026864959,0.07733573,1,2.924775
US08125719-1_LensData_2_2.8_3.6,-0.005919506,-0.005919506,-0.005911686,-0.001013826,0.003722855,0.054117236,0.063079323,0.038764588,0.057483315,1,2.9343124
US08130455-1_LensData_3.56_2.9_5.9,-0.027230756,-0.027230756,-0.027230157,0.003153439,0.01743666,0.19680687,0.32644695,0.028761778,0.093829493,1,3.0248417
US08134787-1_LensData_1.8_2.4_0.83,-0.013809296,-0.013809296,-0.013808663,-0.012606473,-0.011055382,0.095828878,0.15603291,0.05497607,0.013449279,1,2.5202354
US08144405-1_LensData_1.8_2.9_0.7,0.021910792,0.021910792,0.021210294,0.055790354,0.070062644,0.21622477,0.35782687,0.051394035,0.097867443,1,2.9974491
US08164678-1_LensData_2.2_3.5_3.5,-0.029262949,-0.029262949,-0.029065504,-0.016314918,-0.009575195,0.15160398,0.21168564,0.127266,0.089128317,1,3.657321
US08169528-1_LensData_2.2_3_3.4,-0.00870666,-0.00870666,-0.008707359,-0.003127769,0.002338562,0.024019779,0.020341971,0.020024566,0.030266653,1,3.1620548
US08179470-1_LensData_2.3_2.8_3.7,-0.005076012,-0.005076012,-0.005078712,-0.000574635,0.003063807,0.067635335,0.084264739,0.057315829,0.057775127,1,3.0117634
US08179613-1_LensData_3.5_2.9_4.9,-0.008407156,-0.008407156,-0.008406021,0.001031187,0.007035339,0.072777799,0.11365211,0.006273873,0.054163282,1,3.0180632
US08179615-1_LensData_2.9_2.4_4.1,-0.00608708,-0.00608708,-0.006085406,-0.002036524,0.001413464,0.042225349,0.027317161,0.035640684,0.057727417,1,2.5227881
US08179617-1_LensData_29_4_17,0.9202499,0.9202499,0.92024375,0.99951275,1.0306961,3.2329931,3.6188732,3.1562279,2.8807491,1,4.2853307
US08203795-1_LensData_14.5_5.3_52,-0.097966136,-0.097966136,-0.097967381,0.038408486,0.1584159,0.22328667,0.31567836,0.01989578,0.22253571,1,5.5681153
US08223439-1_LensData_21.7_2.8_15,0.017105519,0.017105519,0.017102374,0.055134168,0.0825196,0.14262105,0.14943777,0.061562125,0.18681741,1,2.9818681
US08233223-1_LensData_21_2.9_292,-0.0037958,-0.0037958,-0.003797,0.01508,0.07334,0.2404,0.1695,0.021,0.3797,1,3.043713
US08238044-2_LensData_21.7_2.5_170,-0.13267564,-0.13267564,-0.13266742,-0.076153748,-4.18E-05,0.56890616,0.83051863,0.19572575,0.49284164,1,2.6215247
US08294806-4_LensData_21.7_3_65,0.14908579,0.14908579,0.14908174,0.13769649,0.1911159,0.35656431,0.3911266,0.31387533,0.36043944,1,3.1488752
US08411369-2_LensData_13.3_2.8_40,0.10166189,0.10166189,0.10165136,0.14357893,0.1927435,0.3339099,0.25350572,0.16791068,0.49196373,0.99304065,2.9707959
US08422143-1_LensData_21.7_5.1_26,-0.016139546,-0.016139546,-0.016140737,0.042197959,0.085821382,0.10381935,0.14835868,0.047004177,0.090087076,1,4.2952757
US08427762-1_LensData_21.7_2.3_85,-0.044305581,-0.044305581,-0.044308524,0.002928932,0.058140108,1.6965911,2.4645552,0.41978795,1.5443478,1,1.3645059
US08427762-3_LensData_21.7_2_100,-0.076658984,-0.076658984,-0.076659638,-0.001928019,0.078725445,0.83900883,1.2792713,0.54437199,0.42300292,1,2.0984399
US08427762-4_LensData_21.7_2.1_134,-0.22804068,-0.22804068,-0.22804049,3.8467596e-07,0.12771181,2.418081,3.5436914,0.56743807,2.1590769,1,2.204043
US08427762-5_LensData_21.7_2.1_196,0.000178498,0.000178498,0.000179067,0.007761099,0.033787469,0.31565442,0.1223801,0.22654393,0.48230084,1,2.1988342
US08427763-1_LensData_8.5_1.3_32,-0.011079106,-0.011079106,-0.011083469,0.069167063,0.12039707,2.0053514,3.058817,0.40999939,1.5936879,0.9997132,1.4787805
US08427765-1_LensData_13.9_2_30,0.06683552,0.06683552,0.066827943,0.097838636,0.13769711,0.51419874,0.56260539,0.22256279,0.65356102,1,2.1975034
US08456765-1_LensData_13_2.2_16.6,0.000412106,0.000412106,0.000412093,0.002485962,0.004479462,0.029115049,0.002587677,0.025163563,0.043625191,1,2.361261
US08493664-1_LensData_21.7_2.9_55,0.053165751,0.053165751,0.053157707,0.08456562,0.14272213,0.50747011,0.31671222,0.38719912,0.72273642,1,3.0342651
US08493664-2_LensData_21.7_2.9_58,0.028861921,0.028861921,0.028854326,0.084856779,0.15352931,0.54848744,0.071477458,0.4251975,0.84653026,1,3.0346133
US08493664-6_LensData_21.7_2.9_60,-0.056286611,-0.056286611,-0.05629115,0.002088625,0.081595589,0.43832081,0.46791661,0.11870124,0.58595175,1,3.0350918
US08498065-1_LensData_21.7_1.5_52,-0.1032079,-0.1032079,-0.10321221,-0.000142723,0.087590749,2.2954979,3.6664765,1.3279506,0.77551865,1,1.5580031
US08503096-1_LensData_11_1.5_25,-0.050601946,-0.050601946,-0.050602526,0.000189314,0.048701369,2.2403737,3.5590007,1.5039925,0.35964429,1,1.6191351
US08514500-1_LensData_2.7_2.7_4.1,-0.017255946,-0.017255946,-0.017249382,-0.002731017,0.007114712,0.064285817,0.070378998,0.055382988,0.066162831,1,2.836939
US08547645-1_LensData_14_2.1_59,-0.22377648,-0.22377648,-0.22378065,0.075432181,0.40372409,0.79082132,0.99441125,0.03635095,0.94128634,1,4.6184666
US08605370-1_LensData_21.7_4_24,0.00188558,0.00188558,0.001875,-0.001956,0.0115,0.4973,0.4956,0.5325,0.4612,1,4.293981
US08625209-1_LensData_41_2.9_40,-0.085055637,-0.085055637,-0.085045036,0.023290944,0.15601011,0.24194147,0.22820283,0.05352585,0.34736937,1,4.7277083
US08638507-1_LensData_2.63_1.6_1.67,0.003270909,0.003270909,0.00327075,0.019739767,0.030394266,0.19994685,0.23211952,0.15826743,0.20250477,1,1.7217486
US08681435-1_LensData_14.5_2.5_59,-0.079301,-0.079301,-0.079296019,-0.062007376,-0.02929349,0.38081455,0.60637712,0.12819429,0.22568157,0.99130914,2.6753483
US08699151-1_LensData_21.7_2.9_294,-0.019867438,-0.019867438,-0.019868797,-0.001334138,0.020189584,0.079931949,0.069102269,0.058138412,0.1049388,1,3.0411303
US08717686-1_LensData_21.7_2_30,-0.038018176,-0.038018176,-0.038013713,0.02441993,0.10203523,0.92628972,1.1387615,0.39212898,1.0599505,1,2.1132517
US08721094-1_LensData_21.7_1.3_51,-0.032696575,-0.032696575,-0.032702723,0.067679016,0.15212844,2.4881874,2.1140801,1.1698088,3.5686751,1,1.3663242
US08767318-1_LensData_5.7_4.5_100,-0.050096575,-0.050096575,-0.050094496,-0.042803212,-0.033259099,0.041003057,0.048216428,0.036084133,0.037641246,1,5.9152029
US08773783-1_LensData_21.7_1.3_85,-0.087946034,-0.087946034,-0.08795184,0.000200211,-0.011047478,4.1737284,3.5031776,5.2070252,3.5881279,1,1.3592656
US08773783-2_LensData_21.7_1.8_83,0.13964741,0.13964741,0.1396,0.1574,0.2228,0.9127,0.482,0.5001,1.4201,1,1.884177
US08773783-3_LensData_21.7_2_132,0.091999602,0.091999602,0.091991204,0.15321388,0.22156518,0.57543482,0.32492212,0.37665789,0.86367248,1,2.1970629
US08773783-4_LensData_21.7_1.5_50,-0.031032743,-0.031032743,-0.031030199,-0.002797807,0.042304796,0.87662728,1.2182387,0.77265043,0.4736369,1,1.5754664
US08830298-1_LensData_1.7_2.5_1,-0.01035718,-0.01035718,-0.01036,0.01302,0.02338,0.187,0.0599,0.1878,0.257,1,2.626608
US08830599-1_LensData_21.7_2.6_18,-0.04885761,-0.04885761,-0.04886,-0.02444,0.01386,0.2823,0.3711,0.0404,0.3159,1,2.731509
US08854747-1_LensData_13_2_21,0.013603596,0.013603596,0.01360118,0.034542596,0.06360877,0.28775821,0.29686355,0.085125049,0.39120342,1,2.1982502
US08861085-1_LensData_21.7_2.9_28,-0.052218894,-0.052218894,-0.052219709,0.008481017,0.07302698,0.3748745,0.56659833,0.14645748,0.28126359,1,3.0346691
US08867146-1_LensData_21.7_3_36,-0.084390642,-0.084390642,-0.084381067,-0.00058268,0.073201433,0.56057926,0.82635991,0.45809648,0.22366096,1,3.2152076
US08934179-1_LensData_2.7_2.2_4,0.00668896,0.00668896,0.006666806,-0.002326704,-0.003693918,0.074710525,0.10752186,0.061660072,0.037176233,1,2.3068383
US08934179-2_LensData_2.8_2.2_4.1,0.015896692,0.015896692,0.015886703,0.007823991,0.006780624,0.044178369,0.069539607,0.019168753,0.025534033,1,2.301124
US08934179-3_LensData_2.8_2.2_4.1,0.017229323,0.017229323,0.017222781,0.008684174,0.007465498,0.031827474,0.03123945,0.022795768,0.039286308,1,2.306894
US08934179-4_LensData_2.8_2.2_4.1,0.01279763,0.01279763,0.012790899,0.008200321,0.008345093,0.08039408,0.12551666,0.057051751,0.019501051,1,2.3052981
US08934182-1_LensData_21.7_1.5_51,0.006956187,0.006956187,0.006949163,0.070392716,0.14363887,1.5419906,0.75758107,0.82376839,2.4250117,1,1.5765983
US08941921-1_LensData_21.7_1.8_132,-0.02768283,-0.02768283,-0.027682036,-0.00997721,0.029058367,0.66921585,0.91519,0.1523138,0.6948218,1,1.8896363
US08964096-2_LensData_21.7_1.5_51,-0.24047803,-0.24047803,-0.2404791,0.071601493,0.237259,6.0992238,9.651751,0.43911374,4.2722914,1,1.5748172
US08970966-1_LensData_21.7_2.8_45,-0.036995841,-0.036995841,-0.036994588,0.008788527,0.072847844,0.35593159,0.17340035,0.15833937,0.57002005,1,2.9411522
US08970966-2_LensData_21.7_2.8_39,-0.070399665,-0.070399665,-0.07039633,-0.016293006,0.046269852,0.65071774,0.95614239,0.57481929,0.160235,1,2.9406355
US08970966-3_LensData_NA_NA_NA,0.21380276,0.21380276,0.21379943,0.24791465,0.30259736,2.1396602,2.1988541,2.0144735,2.2003123,1,2.9723913
US08976458-1_LensData_10_3_146,0.01616226,0.01616226,0.01616,-0.0003787,0.02146,0.1751,0.1019,0.1048,0.2656,1,3.145875
US08988789-1_LensData_3_2.3_4,0.00553496,0.00553496,0.005532981,0.009604118,0.015868685,0.027860771,0.022594886,0.020921876,0.037153921,1,2.6189571
US08988789-3_LensData_2.7_2.2_3.7,0.013370791,0.013370791,0.013372186,0.019510364,0.025680609,0.082754527,0.08861431,0.073592148,0.085303196,1,2.3945308
US08988789-6_LensData_2.8_2.5_4.3,-0.009867576,-0.009867576,-0.009857154,0.000465223,0.008409418,0.089400898,0.08350671,0.084484832,0.099330279,1,2.4015153
US09001440-1_LensData_21.7_2.9_60,-0.03491433,-0.03491433,-0.03492,0.001328,0.05776,0.3351,0.3951,0.089,0.4158,1,3.037879
US09110286-1_LensData_11_5_245,0.14574858,0.14574858,0.14574392,0.066870572,0.02654519,0.24916992,0.38693274,0.17463365,0.077737345,1,6.0445641
US09110286-3_LensData_11_5_245,0.14574858,0.14574858,0.14574392,0.066870572,0.02654519,0.24916992,0.38693274,0.17463365,0.077737345,1,6.0445641
US09128271-1_LensData_1_2.8_1,-0.003172442,-0.003172442,-0.003172364,-0.004115351,-0.003649709,0.022454392,0.028836836,0.018744401,0.018157188,1,2.8786398
US09182570-1_LensData_14_3.7_10,-0.00083971,-0.00083971,-0.0008448,0.03421,0.07143,0.1036,0.1166,0.025,0.134,1,3.862129
US09304299-2_LensData_1.82_4_1.3,-0.019859775,-0.019859775,-0.019860274,-0.009503472,-0.005133051,0.086416355,0.12734776,0.06546766,0.043587757,1,4.2266518
US09389399-1_LensData_0.9_1.9_1,-0.003604615,-0.003604615,-0.003604766,-0.000283156,0.002118196,0.062988726,0.083527691,0.060410386,0.035727424,1,1.9843972
US09405094-1_LensData_21_5.7_775,0.11947334,0.11947334,0.11947283,0.013800882,-0.056289196,0.15777182,0.25621375,0.033613029,0.088884898,1,5.9806738
US20010040736_Example02_Tale24_LensData_3.52_NA_NA,-0.023771488,-0.023771488,-0.023772912,0.015446824,0.040522256,0.33648617,0.51887415,0.24511078,0.10177988,1,2.5018107
US20030223122_Example04P_LensData_21.6_4.5_75,-0.19665493,-0.19665493,-0.19666346,0.015565119,0.24329325,0.58355188,0.91563794,0.34629673,0.25156338,0.99568344,4.88498
US20040017605_Example03P_LensData_10.8_2.8_300,0.079000803,0.079000803,0.079001122,-0.00775813,0.26829744,1.31117,1.658698,0.1389425,1.5449647,1,3.0522819
US20040223070_Example04P_LensData_21.64_4_28,-0.041653479,-0.041653479,-0.041665563,-0.003553111,0.067497838,0.38141727,0.55535658,0.35221853,0.062917245,1,4.1412112
US20060023317_Example01P_LensData_13.65_4_17,-0.050341214,-0.050341214,-0.050350015,0.003593595,0.073335191,0.30185346,0.4250586,0.29481055,0.075884529,1,4.3030993
US20080212200_Example01P_LensData_21.6_2.8_70,-0.039733192,-0.039733192,-0.0397385,-0.00042447,0.12455581,0.68863354,0.85752591,0.81607001,0.14603942,1,3.0002529
US20090190220_Example05P_LensData_14.3_3.5_85,-0.091434253,-0.091434253,-0.091432363,-0.000103974,0.17894843,0.48669841,0.24782437,0.19314813,0.78224223,1,4.3464974
US20090290227_Example01P_LensData_14.2_3.5_18,-0.030120444,-0.030120444,-0.030131969,4.3794795e-05,0.059129736,0.62269034,0.77269529,0.65165967,0.37618005,1,3.7517511
US20090296231_Example01P_LensData_21.6_2.8_70,-0.033800315,-0.033800315,-0.033807166,0.001842734,0.11481156,0.63566427,0.74088388,0.80129812,0.14566941,1,3.0357443
US20100073777_Example01P_LensData_14.2_1.4_55,-0.044054764,-0.044054764,-0.044063457,0.001729297,0.058420898,2.1015846,3.2084285,1.6990883,0.26279039,1,1.474471
US20100149663_Example01P_LensData_14.2_2_30,-0.041979532,-0.041979532,-0.041987371,-0.001337712,0.035873319,1.7042979,2.4976387,1.3998147,0.71847998,1,2.1709288
US20110176215_Example01P_LensData_15_2.8_40,-0.042994832,-0.042994832,-0.042996939,0.007052352,0.063329017,0.30999315,0.44289971,0.28860123,0.094002359,1,3.0192475
US20110286106_Example01P_LensData_14.2_3.5_18,-0.00028598,-0.00028598,-0.000275638,-0.000456039,0.053952125,0.18487178,0.13529792,0.099067011,0.27278734,1,3.7415273
US20110286116_Example01P_LensData_14.5_2_60,-0.05376445,-0.05376445,-0.053761041,0.002326258,0.071354389,0.67115778,0.33189347,0.26920805,1.0810791,1,2.1546897
US20120002298_Example06P_LensData_14.24_3.5_18,-0.028508773,-0.028508773,-0.028518401,-3.28E-05,0.063945594,0.4390839,0.58405663,0.45877755,0.16366128,1,3.7715926
US20120056976_Example01P_LensData_14.3_2.8_20,-0.033952808,-0.033952808,-0.033955445,0.028205573,0.071497808,0.31194339,0.46082793,0.26162472,0.10543315,1,2.9888784
US20120063011_Example01P_LensData_30.7_3.5_50,-0.044192427,-0.044192427,-0.044199816,-0.000342793,0.073014717,0.53502205,0.73338052,0.5278869,0.20550964,0.99392046,3.8252378
US20120147254_Example04P_LensData_10.8_3.5_8,-0.056372769,-0.056372769,-0.056376218,-4.05E-05,0.037780759,0.28420915,0.34992399,0.22302496,0.26483504,1,3.0959674
US20120307129_Example01P_LensData_14.4_2.8_16,-0.033291887,-0.033291887,-0.033291032,-0.000602473,0.052175101,0.21819125,0.27968987,0.13108255,0.21774574,1,3.0336904
US20130033768_Example02P_LensData_14.2_1.8_24,-0.008306699,-0.008306699,-0.008300584,0.014995115,0.047377161,0.498762,0.50044368,0.29934208,0.63737041,1,1.941574
US20130057972_Example03P_LensData_14.2_2.4_16,-0.018849036,-0.018849036,-0.018850325,0.010578301,0.041286326,0.3901807,0.38605933,0.17403971,0.52667951,1,2.5822908
US20130148006_Example01P_LensData_10.2_2.5_14,0.002418499,0.002418499,0.002418964,-8.81E-05,0.014519032,0.13931348,0.10512461,0.19472979,0.096197014,1,2.6486172
US20130155294_Example01P_LensData_14.2_3.5_18,-0.037625458,-0.037625458,-0.037620833,0.002330304,0.069662939,0.19713023,0.072529724,0.061383561,0.32795196,1,3.784023
US20130222925_Example04P_LensData_34.85_2.8_90,-0.052689649,-0.052689649,-0.052690978,0.001107342,0.11336372,0.4045199,0.29234538,0.076732093,0.63210396,1,2.9833115
US20130235467_Example01P_LensData_14.2_3.5_10,0.15343761,0.15343761,0.15341717,0.23316223,0.29187681,0.89359631,1.2521658,0.75705926,0.50446519,1,3.9615681
US20130314588_Example01P_LensData_14.2_1.8_45,-0.047587844,-0.047587844,-0.04759006,-0.02656213,0.011471535,0.9674008,1.3345421,0.96612996,0.30525922,1,1.9272368
US20140071331_Example04P_LensData_21.63_1.4_50,-0.044557217,-0.044557217,-0.04455477,0.000654649,0.04819667,1.4935002,1.814521,0.30310455,1.8185902,1,1.524991
US20140204265_Example04P_LensData_14.2_2.8_20,0.099113148,0.099113148,0.099104394,0.19432745,0.25160488,0.61743938,0.28762041,0.56650997,0.86025293,1,3.255437
US20140247506_Example01P_LensData_14.2_2.4_60,0.095458161,0.095458161,0.098259238,0.002545047,0.010815889,0.72599232,0.35888445,0.90257426,0.7985964,1,2.5950794
US20150077859_Example04P_LensData_21.63_3.5_28,-0.13490822,-0.13490822,-0.13490903,-0.097345982,-0.026185444,0.23008341,0.14971954,0.10591826,0.35380857,1,3.760717
US20150097989_Example02P_LensData_18.2_3.5_12,-0.034090322,-0.034090322,-0.034081503,0.000612347,0.041457202,0.13081325,0.12220117,0.068403709,0.17811268,1,3.806658
US20150185495_Example01P_LensData_14.25_3.5_18,0.042328699,0.042328699,0.042318206,0.001345268,0.036803975,0.56652672,0.61356815,0.64561087,0.41179887,1,3.7935379
US20150205081_Example01P_LensData_21.6_2_35,-0.058161773,-0.058161773,-0.058159568,0.000712883,0.057002628,0.79475857,1.2276938,0.5466802,0.29804733,1,2.1434592
US20150226943_Example01TCP_LensData_NA_NA_NA,-0.004091555,-0.004091555,-0.004088522,-0.059535165,-0.093239828,0.14779221,0.2230973,0.049661994,0.11527748,0.9613111,4.3312387
US20150226945_Example01P_LensData_21.63_4_70,-0.014301938,-0.014301938,-0.014300103,0.005462152,0.15032185,0.22035367,0.093589882,0.1271241,0.34748758,1,4.345423
US20150241657_Example01P_LensData_4.7_2.8_15,-0.01030365,-0.01030365,-0.010305269,-0.003000056,0.022243399,0.23982656,0.29124054,0.27380979,0.11294904,1,3.0392626
US20150316753_Example01P_LensData_14.2_3.5_16,0.090680598,0.090680598,0.09066371,0.12418399,0.17440039,0.12321909,0.11679706,0.089002509,0.15487359,1,3.743902
US20160103303_Example01P_LensData_21.64_2.8_70,0.013715857,0.013715857,0.013710692,0.004411596,0.11995072,0.37786833,0.2351493,0.56409351,0.23421516,1,3.0386121
US20160209632_Example01P_LensData_21.63_2.8_90,0.040059962,0.040059962,0.040055546,0.015851481,0.10954341,0.40756968,0.38530224,0.075310237,0.58669385,1,3.0774834
US20160274335_Example01P_LensData_14.2_2_90,-0.008048228,-0.008048228,-0.008047375,-0.00767947,0.049156683,0.41941593,0.085676999,0.034461454,0.72055605,1,2.1565524
US20160313535_Example01P_LensData_13.66_3.5_28,0.067616808,0.067616808,0.067618904,0.040945201,0.085841426,0.38529734,0.50850741,0.17530521,0.39503218,1,3.7747452
US20170059832_Example04P_LensData_10.82_1.7_25,-0.009419611,-0.009419611,-0.009424182,0.004708033,0.028545052,1.2598223,1.6545749,1.2400832,0.69716035,1,1.8251043
US20170068075_Example02P_LensData_21.64_3.5_28,-0.029020381,-0.029020381,-0.029027548,-0.005076479,0.064543385,0.1915219,0.10361483,0.047048143,0.31159646,1,3.7741929
US20170242219_Example01P_LensData_27.5_2.8_63,-0.003696571,-0.003696571,-0.003701684,0.00010688,0.044495966,0.30790257,0.36336832,0.3840569,0.069826474,1,3.0143195
US20170242227_Example02P_LensData_10_3.5_12,-0.019725205,-0.019725205,-0.019731163,-0.000385429,0.037413833,0.23450558,0.33292925,0.22337477,0.065118578,1,3.8030161
US20170329112_Example01P_LensData_14.2_4.5_55,-0.031758819,-0.031758819,-0.031766258,0.002242295,0.12903392,0.32158607,0.35667383,0.40894806,0.1256903,1,4.8157849
US20180031811_Example04P_LensData_21.6_4_600,0.41365926,0.41365926,0.41365745,0.009099517,0.42826419,1.3696566,1.8711281,0.056149858,1.4572592,1,4.2739002
US20180059384_Example01P_LensData_27.5_4_120,0.12484581,0.12484581,0.12485193,-0.001719266,0.061889119,0.57070917,0.88569858,0.20942445,0.3857542,1,4.3176328
US20180074300_Example01P_LensData_13.6_2.8_35,0.032298347,0.032298347,0.032292077,-0.014348757,0.006976811,0.21895702,0.27247813,0.16825596,0.20315544,1,3.0974107
US20180074300_Example02P_LensData_13.6_3.5_18,-0.041088606,-0.041088606,-0.041095998,-0.012839407,0.045520018,0.37399293,0.51388281,0.38010504,0.10515112,1,3.7737157
US20180095255_MLP_LensData_21.6_2.8_400,0.2076876,0.2076876,0.20768752,-0.01268559,0.23021754,1.3845786,1.8634655,0.13032175,1.5038905,1,3.0353774
US20180100988_Example01P_LensData_27.5_2_110,0.047163635,0.047163635,0.04716438,0.001320889,0.05072849,0.68192981,0.98835979,0.037843025,0.64559865,1,2.1564663
US20180196240_Example11P_LensData_8.2_3.5_10,-0.025648443,-0.025648443,-0.025649229,-0.031115156,-0.010736872,0.099313838,0.077641646,0.13988479,0.063196017,1,3.7739301
US20180210178_Example01P_LensData_29_4_23,-0.000588497,-0.000588497,-0.000566151,0.014413044,0.059219381,0.1301536,0.069922994,0.059307731,0.20594477,1,4.182268
US20180246292_Example01P_LensData_14.2_2.8_80,-0.00277416,-0.00277416,-0.002776327,-0.002656021,0.048764049,0.20905666,0.18840297,0.093745936,0.29466944,1,3.0170183
US20180284478_Example01P_LensData_10.8_4_100,0.12735709,0.12735709,0.12734872,0.092814387,0.20287828,0.25343175,0.27025918,0.018246954,0.34541277,1,4.31403
US20190086645_Example01P_LensData_28.6_4_250,0.37365647,0.37365647,0.37365537,0.000537345,0.32688338,0.58093821,0.83831515,0.00727239,0.55645522,1,6.0474906
US20190094496_Example01P_LensData_28.6_4_250,0.16797842,0.16797842,0.1679777,0.00107701,0.18576312,0.55321112,0.74475795,0.011142009,0.60277615,1,4.3188585
US20190113711_Example01P_LensData_21.6_1.8_35,-0.023430943,-0.023430943,-0.02343311,0.009737049,0.043320211,1.0144188,1.5897019,0.73821464,0.12257065,1,1.9554051
US20190250367_Example01P_LensData_21.6_1.4_50,-0.024031787,-0.024031787,-0.024030785,0.000700077,0.05004332,0.86388207,0.76275843,0.20667873,1.2705747,1,1.5167232
US20190265504_Example01P_LensData_15.4_2_200,0.08050974,0.08050974,0.080510851,0.010298376,0.11311137,1.3600143,1.7466913,0.30856132,1.5500891,1,2.1589761
US20190369371_Example04P_LensData_21.63_2.8_16,0.086041049,0.086041049,0.086039773,0.10801227,0.16071862,0.76091905,0.64963286,0.65627815,0.94035606,1,3.010189
US20200018936_Example01P_LensData_15.4_2.8_200,0.17045371,0.17045371,0.1704586,-0.002199462,0.17661428,1.5295187,2.0695225,0.46041115,1.5885151,0.99980952,3.020265
US20200073096_Example03P_LensData_14.2_2.8_16,-0.01951458,-0.01951458,-0.019513757,0.002767843,0.028406536,0.17142676,0.17259245,0.058458426,0.23442666,1,3.0145181
US20200166730_Example01P_LensData_27.5_3.5_50,-0.011752592,-0.011752592,-0.011737967,-0.00671677,0.024079902,0.069471924,0.037910791,0.027983463,0.11071921,1,3.7378167
US20200174231_Example01P_LensData_29_2.8_45,-0.021796683,-0.021796683,-0.021796725,-0.001401049,0.050921243,0.34512542,0.30440648,0.083414381,0.50765481,1,3.0182125
US20200192060_Example02P_LensData_28_3.5_120,0.029894943,0.029894943,0.029898804,-0.002772052,0.056669159,0.37470929,0.4244902,0.20225223,0.44735138,1,3.6703759
US20200271904_Example03P_LensData_NA_NA_NA,-0.009677486,-0.009677486,-0.009674458,-0.059929323,-0.092525068,0.088998664,0.11068541,0.038166167,0.10027148,0.98848342,4.3408109
US20200271904_Example06P_LensData_NA_NA_NA,0.057119035,0.057119035,0.057120794,-0.033256171,-0.10327451,0.085627341,0.080174191,0.034652214,0.11986429,0.97302838,5.5166408
US20200319427_Example01P_LensData_28.02_2.8_65,-0.048923219,-0.048923219,-0.04892621,0.00243565,0.063017148,0.39786252,0.6071294,0.15112901,0.28885578,1,2.9402185
US20200341238_Example03P_LensData_13.2_2.8_18,-0.030925199,-0.030925199,-0.030921768,-7.52E-05,0.025225396,0.22123289,0.037138259,0.18747193,0.33212497,1,3.0519186
US20200371325_Example02P_LensData_10.8_1.7_10,-0.010279251,-0.010279251,-0.010279475,3.051175e-05,0.03050516,0.65673103,0.81765079,0.74294883,0.27085268,1,1.8000824
US20210072505_Example01P_LensData_21.6_2_85,-0.042877861,-0.042877861,-0.042877555,-0.009543422,0.055778804,0.68810063,0.96054122,0.25991736,0.65593518,1,2.1564522
US20210231927_Example03P_LensData_14.2_1_50,-0.017091348,-0.017091348,-0.017098995,-0.000148527,0.039502623,3.6476,5.0421,3.532,1.4203,1,1.0757943
US20210263286_Example01P_LensData_21.64_1.8_50,-0.040685876,-0.040685876,-0.040689866,-0.002917815,0.045602463,1.2378267,1.8773133,1.0264478,0.13691022,1,1.9687269
US20210286156_Example06P_LensData_14.2_4_70,-0.002609763,-0.002609763,-0.002612783,-0.000351733,0.091513927,0.20070175,0.23539017,0.23469394,0.10175363,1,4.3225344
US20220011542_Example01P_LensData_14.2_1.4_18,-0.010114108,-0.010114108,-0.010108321,-0.00126948,0.021623638,1.9657,2.5562,1.9671,1.0899,1,1.5020422
US6844989_LensData_3.9_2.8_4.2,-0.025169634,-0.025169634,-0.025171045,0.019914518,0.038628154,0.2755365,0.45501995,0.030895249,0.1405824,1,2.9373295
US7643225_LensData_4.1_2.8_3.67,-0.00095845,-0.00095845,-0.000955471,0.013638693,0.021440613,0.039674105,0.028153721,0.038433915,0.049520763,1,2.9164532
US8558939_LensData_3.5_2.84_3.74,-0.04263017,-0.04263017,-0.042630896,-0.008025822,0.007945518,0.24940729,0.42259104,0.059085547,0.067362394,1,2.9962493
WO2014-007298_Example02P_LensData_14_4_10,0.005886058,0.005886058,0.005887475,-7.39E-05,0.033207837,0.049863918,0.038015772,0.04711431,0.061597676,1,4.3093026
WO2014-061226_Example01P_LensData_8.2_1.2_32,-0.013395138,-0.013395138,-0.013397229,0.001676645,0.0264768,0.96146291,1.4643133,0.76200681,0.21992012,1,1.304176
WO2016-136352_Example02P_LensData_21.63_2.8_90,0.020961027,0.020961027,0.020960337,0.004785685,0.069750769,0.24893933,0.066801164,0.083419301,0.41772143,1,3.0155379
WO2017-134928_Example03P_LensData_NA_NA_NA,0.007511761,0.007511761,0.007517002,-0.093421546,-0.15943621,0.10707424,0.14987246,0.028663552,0.10541028,0.99126378,6.1636296
WO2017-134928_Example06P_LensData_NA_NA_NA,-0.11481186,-0.11481186,-0.11481106,-0.15658459,-0.18245945,0.47854664,0.4795901,0.47487894,0.48114862,1,4.5111323
WO2017-138250_Example02P_LensData_21.6_1.4_50,0.002805937,0.002805937,0.002807411,0.015092899,0.051487462,0.66583368,0.51588802,0.21917586,1.0078814,1,1.5143545
WO2017-221949_Example01P_LensData_28.04_3.5_45,-0.24322461,-0.24322461,-0.24322853,0.000927562,0.14275482,0.85541683,1.3482505,0.079445612,0.60919853,1,3.6560725
WO2019-073744_Example01P_LensData_21.6_1.4_24,-0.042964141,-0.042964141,-0.042962339,0.001288573,0.050213359,1.2026508,1.7595473,0.61015272,0.93317402,1,1.5033944
WO2019-116563_Example03P_LensData_21.6_1.4_105,0.043270188,0.043270188,0.043268915,0.029087586,0.078547349,1.0509151,0.4927401,0.35944325,1.7150147,1,1.5400338
WO2019-187633_Example01P_LensData_21.6_1.8_135,0.074105264,0.074105264,0.0741044,0.011427633,0.077586457,1.0178658,1.3169617,0.01914691,1.1719203,1,1.9379071
WO2019-220618_Example09P_LensData_21.6_1.8_50,0.003557539,0.003557539,0.003557883,-4.54E-05,0.037867763,0.28352042,0.1517073,0.21300163,0.41565212,1,1.9374742
WO2019-229849_Example01P_LensData_21.7_0.95_58,-0.035772414,-0.035772414,-0.035781791,-0.016668933,0.038522484,3.2388133,4.5667845,3.2137222,0.53497972,0.99503334,1.2846116
WO2020-119907_Example01P_LensData_21.6_2.8_150,0.18804806,0.18804806,0.18804789,0.12638093,0.22058514,1.4826382,1.9615482,0.91100198,1.3845764,1,2.9637139
WO2020-158622_Example03P_LensData_21.6_1.4_50,0.031284064,0.031284064,0.031290683,0.000617906,0.02004161,0.522,0.1299,0.0701,0.892,1,1.5312128
WO2020-230915_Example01P_LensData_21.6_2.8_24,-0.22169851,-0.22169851,-0.22161294,-0.1741736,-0.13172257,0.61247672,0.099668315,0.57563538,0.88549045,1,3.046465
WO2021-039813_Example01P_LensData_21.7_2.8_18,-0.11091104,-0.11091104,-0.11090596,-0.037896433,0.024464103,0.32243342,0.45443091,0.27140251,0.17810996,1,3.0872257
WO2021-039813_Example02P_LensData_14.25_4.5_18,0.022902501,0.022902501,0.022898266,0.001083456,0.035624183,0.083574213,0.061926659,0.12080849,0.050242862,1,4.8421989
WO2021-200206_Example02P_LensData_21.6_2.8_12,-0.020097232,-0.020097232,-0.020099718,0.026141133,0.083397248,0.2733,0.2005,0.1176,0.4123,1,3.0445481
WO2022-071249_Example02P_LensData_21.7_2.8_28,0.013929091,0.013929091,0.013924537,-0.000339213,0.013117304,0.41323325,0.38425916,0.4843259,0.36063622,1,3.0456115
100_LensData_21_2.8_100,0.37017247,0.37017247,0.37014653,0.43738053,0.5302135,0.74738814,0.61194537,0.6131864,0.96192119,1,2.9236495
101_LensData_21_2.8_100,0.36956619,0.36956619,0.36954982,0.49046652,0.60095974,1.8428827,1.6453271,1.7260344,2.121875,1,2.9256061
102_LensData_21_2.8_100,0.42438446,0.42438446,0.42434385,0.67447353,0.84080791,1.3497504,0.92764263,1.054549,1.868926,1,2.9223011
103_LensData_21_4_100,0.050758658,0.050758658,0.050755545,0.095301944,0.18197425,0.26379852,0.1382149,0.16345019,0.40367023,1,4.1959026
104_LensData_21_4_100,0.021789011,0.021789011,0.021782695,0.081528861,0.17825238,0.15163999,0.14018742,0.10006746,0.1982878,1,4.1946847
105_LensData_21_4_100,-0.029126924,-0.029126924,-0.029125564,-0.057362582,0.001780264,0.095380433,0.060904862,0.13499871,0.073199905,1,4.2006155
106_LensData_21_4_100,0.055613629,0.055613629,0.055611473,0.073252582,0.15777322,0.20614703,0.21022105,0.064987413,0.28120017,1,4.194416
107_LensData_21_4_100,0.25573349,0.25573349,0.25572139,0.3413938,0.44845145,0.72559775,0.58827158,0.65235941,0.89879921,1,4.1874814
108_LensData_21_4_100,0.28967781,0.28967781,0.28967041,0.3257531,0.40716115,0.92934639,0.96181298,0.82900372,0.98930417,1,4.1873328
109_LensData_21_4_100,0.068353419,0.068353419,0.068351697,0.031151409,0.085146046,0.14531814,0.17145701,0.032471558,0.18138405,1,4.1971462
10_LensData_21_2_50,0.48708201,0.48708201,0.48707012,0.47408786,0.49933083,4.1178234,4.875164,3.7192002,3.6427647,1,2.088064
110_LensData_21_4_100,0.27534264,0.27534264,0.27532915,0.330014,0.42606345,0.62019965,0.58872354,0.51796021,0.73421021,1,4.1856826
111_LensData_21_4_100,0.31135248,0.31135248,0.31133487,0.39040682,0.49720265,0.4918599,0.35397491,0.41264569,0.65589922,1,4.1815888
112_LensData_21_4_100,0.27684198,0.27684198,0.27683006,0.3008238,0.38151343,0.56602202,0.63367782,0.43847153,0.60608409,1,4.1858451
113_LensData_21_4_100,0.20957806,0.20957806,0.20955756,0.34324237,0.46713045,0.3187533,0.086983304,0.22541825,0.49641868,1,4.181841
114_LensData_21_4_100,0.25516536,0.25516536,0.25515356,0.33459901,0.44375818,0.54311441,0.45251857,0.45065928,0.6906902,1,4.1868084
115_LensData_21_5.6_100,0.0239292,0.0239292,0.023928082,0.050611644,0.13073738,0.10293123,0.029234695,0.045360975,0.1699183,1,5.8748066
116_LensData_21_5.6_100,0.008752958,0.008752958,0.008749751,0.015549231,0.0942847,0.057940586,0.037131279,0.071480792,0.059858994,1,5.8801901
117_LensData_21_5.6_100,0.11864707,0.11864707,0.11864224,0.13615795,0.21988343,0.16517722,0.14682458,0.10465245,0.22212823,1,5.8715092
118_LensData_21_5.6_100,0.1933239,0.1933239,0.1933172,0.21501636,0.30184767,0.23482997,0.22850981,0.17495998,0.28741542,1,5.8652154
119_LensData_21_5.6_100,0.06570446,0.06570446,0.065702047,0.043774305,0.10941538,0.099985049,0.13716783,0.011490453,0.10509036,1,5.8760493
11_LensData_21_2_50,0.062743428,0.062743428,0.062739808,0.056740941,0.085032125,0.35889217,0.36736871,0.15039367,0.47836465,1,2.104942
120_LensData_21_5.6_100,0.061168612,0.061168612,0.061164939,0.0744625,0.15435125,0.090260267,0.080910537,0.0236945,0.1316541,1,5.8759078
121_LensData_21_5.6_100,-0.086733185,-0.086733185,-0.086738781,-0.003977045,0.101781,0.21100686,0.31166766,0.1883441,0.031007302,1,5.8770713
122_LensData_21_5.6_100,0.083444402,0.083444402,0.083441273,0.11890704,0.21139977,0.15026823,0.10748678,0.091296826,0.21875353,1,5.8715611
123_LensData_21_5.6_100,0.40426226,0.40426226,0.40424342,0.41491495,0.48948742,0.31207688,0.34551221,0.25202208,0.33057847,1,5.8497889
124_LensData_21_6.3_100,0.11648636,0.11648636,0.11648614,0.12783576,0.20246842,0.22432745,0.22461219,0.18212404,0.25951611,1,6.602453
125_LensData_21_6.3_100,0.12452969,0.12452969,0.12452599,0.14958409,0.23617365,0.1649767,0.13657093,0.122273,0.21920226,1,6.6040857
126_LensData_21_6.3_100,0.11887726,0.11887726,0.11887365,0.13743606,0.2219707,0.1537993,0.13535988,0.10793429,0.20246128,1,6.6048191
127_LensData_21_6.3_100,0.21155346,0.21155346,0.21154916,0.21404458,0.29387931,0.25321467,0.27895912,0.19735033,0.27493212,1,6.5966811
128_LensData_21_6.3_100,0.067640003,0.067640003,0.067637788,0.037021783,0.099916334,0.066332136,0.092374193,0.013884158,0.06688868,1,6.610261
129_LensData_21_6.3_100,-0.039712193,-0.039712193,-0.039715949,0.016653297,0.11287284,0.089713592,0.12595277,0.077378577,0.047896161,1,6.6115534
12_LensData_21_2_50,0.26759068,0.26759068,0.26757586,0.35997573,0.4280427,1.7178666,1.305544,1.6588838,2.0968682,1,2.0656922
130_LensData_21_6.3_100,0.07932145,0.07932145,0.079319419,0.10525412,0.19412591,0.12802432,0.10179641,0.080589361,0.17975964,1,6.6062022
131_LensData_21_6.3_100,0.32617959,0.32617959,0.32616668,0.33204007,0.40511742,0.25067878,0.27831713,0.20097992,0.26583113,1,6.5873388
132_LensData_21_7.1_100,0.086077724,0.086077724,0.08607671,0.11357939,0.19377791,0.13347569,0.10218066,0.10596389,0.17826399,1,7.4426341
133_LensData_21_2.8_100,0.033072436,0.033072436,0.033070514,0.047226722,0.12971352,0.054457661,0.014678585,0.012790997,0.092292145,1,7.4492365
134_LensData_21_2.8_100,0.099066643,0.099066643,0.099064483,0.080293934,0.14996935,0.090528687,0.10637987,0.043242173,0.10676969,1,7.4472598
135_LensData_21_2.8_100,0.040245723,0.040245723,0.040243964,0.017406063,0.087494037,0.036546698,0.034878005,0.027870001,0.044875062,1,7.4515055
136_LensData_21_2.8_100,0.061018304,0.061018304,0.061016507,0.012394843,0.068492973,0.042875978,0.06051868,0.035076421,0.024943588,1,7.4511415
137_LensData_21_8_100,0.28196698,0.28196698,0.28195823,0.2315528,0.27671553,0.1344844,0.19296557,0.078971824,0.1038552,1,7.4353817
138_LensData_21_8_100,0.044088541,0.044088541,0.044087524,0.012704256,0.078839753,0.035108397,0.041654207,0.011244201,0.042851998,1,8.3973129
139_LensData_21_8_100,0.20383876,0.20383876,0.20383704,0.19149216,0.26607257,0.18302014,0.20913303,0.14514648,0.18890472,1,8.3798654
13_LensData_21_1.8_50,0.30806746,0.30806746,0.30804806,0.40764763,0.47783713,2.1301348,1.4527893,2.0854415,2.6744644,1,1.8660979
140_LensData_21_8_100,0.072276128,0.072276128,0.072275334,0.021829557,0.07744353,0.051455789,0.077532877,0.003504666,0.043811698,1,8.3948021
141_LensData_21_8_100,0.17467019,0.17467019,0.17466467,0.16442885,0.23175238,0.10228229,0.1161785,0.069840433,0.11406082,1,8.3805951
14_LensData_21_1.8_50,0.19868512,0.19868512,0.19867093,0.3231372,0.40347882,1.81885,0.71195047,1.7199446,2.541567,1,1.8712501
15_LensData_21_1.8_50,0.086512022,0.086512022,0.086505976,0.098591753,0.13489786,0.4077531,0.33140838,0.41622458,0.46444954,1,1.8807772
16_LensData_21_1.8_50,0.17756369,0.17756369,0.17755698,0.1575183,0.18099444,1.2570428,1.7636514,0.8102974,0.98662118,1,1.883265
17_LensData_21_1.8_50,0.47838097,0.47838097,0.47836425,0.5206395,0.5686207,4.2370638,4.512034,3.9933503,4.1896099,1,1.8619228
18_LensData_21_1.8_50,0.52745233,0.52745233,0.52743778,0.53543223,0.56795527,5.1550123,5.8248254,4.7893834,4.7807606,0.99330533,1.8774541
19_LensData_21_1.8_50,0.066304604,0.066304604,0.0662996,0.063644992,0.09284471,0.29911682,0.21520428,0.25207966,0.39819038,1,1.8949272
1_LensData_21_2.8_50,0.035643336,0.035643336,0.035639912,0.039297391,0.07362998,0.24791774,0.26210255,0.31030389,0.13929597,1,2.9327646
20_LensData_21_1.8_50,0.33035432,0.33035432,0.33033489,0.42845489,0.49847144,2.276171,1.8819287,2.1968576,2.6786236,1,1.8536029
21_LensData_21_1.4_50,0.22046062,0.22046062,0.22044968,0.21871501,0.24836796,2.0767744,2.6719934,1.532639,1.8575375,1,1.4643535
22_LensData_21_1.4_50,0.4332005,0.4332005,0.43318759,0.45187247,0.48217103,6.3727558,7.2021882,5.9185993,5.9105596,0.88126532,1.4525751
23_LensData_21_1.4_50,0.22648006,0.22648006,0.22646876,0.24571028,0.28190781,2.7534619,2.6691212,2.4523722,3.0994062,1,1.4692204
24_LensData_21_1.4_85,0.43818725,0.43818725,0.43816686,0.64568235,0.77298472,8.782938,5.2064478,9.0264283,11.083163,1,1.4569572
25_LensData_21_1.4_85,0.24453201,0.24453201,0.24452551,0.26077037,0.30786624,4.9507329,5.4731522,4.3196056,4.9914808,0.91206818,1.4651013
26_LensData_21_1.4_85,0.22273896,0.22273896,0.22272315,0.23773279,0.29526344,1.6584619,1.3273628,1.2221053,2.2351856,1,1.4703049
27_LensData_21_1.4_85,0.25327403,0.25327403,0.2532575,0.28600823,0.34928328,2.15786,1.6391995,1.7160245,2.8874494,0.99989745,1.4702018
28_LensData_21_1.8_85,0.41989073,0.41989073,0.41986751,0.55543817,0.660099,3.5905149,2.6944004,3.4698082,4.4018211,1,1.8767314
29_LensData_21_1.8_85,0.16273572,0.16273572,0.16272797,0.18972978,0.25653251,1.3480099,1.3781019,0.92350031,1.6429772,1,1.8836859
2_LensData_21_2.8_50,0.9704316,0.9704316,0.9703988,1.0303597,1.0877186,3.6509707,4.002857,3.4959809,3.426954,1,2.8782973
30_LensData_21_1.8_85,0.31764691,0.31764691,0.31763401,0.31121931,0.36261366,2.2361511,2.4570052,1.7998315,2.3926653,1,1.8875213
31_LensData_21_1.8_85,0.17029679,0.17029679,0.17028832,0.14205751,0.18549646,1.1143281,1.4442255,0.55095304,1.1557874,1,1.8906673
32_LensData_21_1.8_85,1.0939706,1.0939706,1.093912,1.2039121,1.296896,6.270134,6.2059034,6.070431,6.5253638,1,1.85645
33_LensData_21_2_85,0.33780595,0.33780595,0.33778378,0.45857989,0.5594034,2.0710764,1.3672774,1.9197872,2.7042637,1,2.0866117
34_LensData_21_2_85,0.084404567,0.084404567,0.084399594,0.10873826,0.17491772,0.67227371,0.57884143,0.32502117,0.95663978,1,2.0953002
35_LensData_21_2_85,0.2920944,0.2920944,0.29208507,0.25987843,0.30261267,2.097918,2.619956,1.5711651,1.9674986,1,2.0973081
36_LensData_21_2_85,0.16349927,0.16349927,0.16349218,0.15105691,0.20101717,1.1108239,1.2104772,0.72189076,1.3097359,1,2.0994765
37_LensData_21_2_85,0.99165717,0.99165717,0.99161051,1.0958115,1.1875455,5.885566,5.9351355,5.6804391,6.035432,1,2.0687149
38_LensData_21_2.8_85,0.16634183,0.16634183,0.16633059,0.21115567,0.28628867,0.54977828,0.48571508,0.38138374,0.7248419,1,2.9334113
39_LensData_21_2.8_85,0.041082914,0.041082914,0.041080731,0.021327231,0.072249162,0.17418202,0.13622056,0.23103279,0.13815187,1,2.9379929
3_LensData_21_2.8_50,0.31397722,0.31397722,0.31397155,0.30115746,0.32784567,1.6607585,1.9459302,1.4845779,1.5112049,1,2.9285445
40_LensData_21_2.8_85,0.52266686,0.52266686,0.52263353,0.65423644,0.76513861,1.4589578,0.97643988,1.3969473,1.8656841,1,2.9216386
41_LensData_21_2.8_85,0.14661872,0.14661872,0.1466166,0.13865243,0.19263339,1.0380587,1.1067436,0.84082351,1.1405401,1,2.9362426
42_LensData_21_2.8_85,0.41521959,0.41521959,0.4151956,0.48503512,0.56825633,1.0480255,0.92120219,0.93988236,1.2502319,1,2.9216386
43_LensData_21_2.8_85,0.42401078,0.42401078,0.42397432,0.6261708,0.76365203,1.2146606,0.54682438,1.0763674,1.7229677,1,2.9208075
44_LensData_21_4_85,0.14645224,0.14645224,0.14644776,0.17934249,0.2511299,0.44784805,0.41576059,0.36840551,0.54140939,1,4.1906083
45_LensData_21_4_85,0.079944329,0.079944329,0.079938082,0.13284901,0.21567127,0.19747097,0.074199164,0.11019856,0.31517474,1,4.1906393
46_LensData_21_4_85,-0.051313923,-0.051313923,-0.05131296,-0.071665853,-0.020117491,0.14497443,0.12092608,0.2176364,0.032619621,1,4.2014303
47_LensData_21_4_85,0.012738151,0.012738151,0.012736509,0.028615133,0.1003197,0.094274479,0.041842677,0.071604856,0.14065904,1,4.1958647
48_LensData_21_4_85,0.27596728,0.27596728,0.27595417,0.36591456,0.4622212,0.61294771,0.42157041,0.56699348,0.79240864,1,4.1835853
49_LensData_21_4_85,0.14402433,0.14402433,0.14402305,0.096055173,0.13550576,0.42558159,0.56484985,0.2768431,0.38426762,1,4.1954723
4_LensData_21_2.8_50,0.43479846,0.43479846,0.43477501,0.52139283,0.58877564,1.2203248,1.0547306,1.1897681,1.3926854,1,2.9064431
50_LensData_21_4_85,0.13100461,0.13100461,0.13099168,0.18701559,0.27172286,0.18050569,0.16906201,0.14185808,0.22145255,1,4.1920228
51_LensData_21_4_85,0.20493531,0.20493531,0.20492068,0.25016916,0.33237208,0.2134973,0.14209043,0.16528307,0.29872246,1,4.1873891
52_LensData_21_4_85,0.19979304,0.19979304,0.19978125,0.20455434,0.26826756,0.2460545,0.31482135,0.13322776,0.25449232,1,4.1862695
53_LensData_21_4_85,0.15980463,0.15980463,0.159785,0.27607259,0.3822632,0.29724252,0.3876528,0.22317032,0.25491107,1,4.182952
54_LensData_21_5.6_85,0.087819016,0.087819016,0.087816838,0.097846848,0.1614328,0.1421175,0.1263715,0.096794367,0.18775848,1,5.871689
55_LensData_21_5.6_85,0.0428078,0.0428078,0.042803173,0.085070795,0.1655456,0.084664134,0.05949652,0.03326715,0.12983646,1,5.8747971
56_LensData_21_5.6_85,0.11383694,0.11383694,0.11383355,0.12379959,0.19167726,0.18167178,0.18909253,0.12738295,0.21686749,1,5.8723351
57_LensData_21_5.6_85,0.00445151,0.00445151,0.004447958,0.001237022,0.065420551,0.083618786,0.069285039,0.12418648,0.027451869,1,5.8809165
58_LensData_21_5.6_85,0.18163851,0.18163851,0.18163501,0.15248251,0.20437945,0.26033014,0.34636807,0.17507666,0.22954886,1,5.867929
59_LensData_21_5.6_85,0.05918303,0.05918303,0.05917634,0.11356867,0.19751223,0.077022726,0.041107006,0.037660683,0.12119978,1,5.8689665
5_LensData_21_2_50,0.18703882,0.18703882,0.18702442,0.27844767,0.34607005,1.0573959,0.44256105,0.96465681,1.4925935,1,2.0796015
60_LensData_21_5.6_85,0.28326271,0.28326271,0.28324538,0.30891854,0.37858221,0.14281115,0.12749852,0.11859456,0.17568304,1,5.8533823
61_LensData_21_6.3_85,0.014043599,0.014043599,0.014042361,0.021505605,0.083956218,0.041632598,0.012631342,0.018046121,0.068662992,1,6.6110868
62_LensData_21_6.3_85,0.070124297,0.070124297,0.070121788,0.08543187,0.15576519,0.097825328,0.074981901,0.058635419,0.14017484,1,6.6085287
63_LensData_21_6.3_85,0.053527781,0.053527781,0.053525198,0.04955813,0.11248428,0.051635714,0.043587228,0.014311782,0.076772829,1,6.6109605
64_LensData_21_6.3_85,0.11510343,0.11510343,0.11509966,0.11975669,0.18806133,0.11448216,0.1160656,0.070454028,0.14451125,1,6.6049877
65_LensData_21_6.3_85,0.055052431,0.055052431,0.055049799,0.008863415,0.054412865,0.050229096,0.044805962,0.071744854,0.020346694,1,6.611413
66_LensData_21_6.3_85,-0.004921572,-0.004921572,-0.004925063,0.037146342,0.11666074,0.055692579,0.063368635,0.041408871,0.059788891,1,6.6095923
67_LensData_21_6.3_85,0.23343015,0.23343015,0.2334187,0.25011458,0.3167257,0.14336194,0.13830836,0.1102019,0.17431086,1,6.590405
68_LensData_21_7.1_85,0.10553742,0.10553742,0.1055365,0.11001117,0.17151537,0.13375193,0.13350678,0.10505082,0.15750874,1,7.4412926
69_LensData_21_7.1_85,0.018069574,0.018069574,0.018067459,0.038127804,0.11104852,0.041706656,0.019269649,0.013273253,0.06834352,1,7.4511271
6_LensData_21_2_50,0.16518749,0.16518749,0.16517624,0.28189476,0.35958609,1.4417715,0.51527628,1.3576248,2.0316152,1,2.0814679
70_LensData_21_7.1_85,0.023010888,0.023010888,0.023009485,0.012870488,0.074529844,0.029167629,0.015401021,0.020817431,0.043378507,1,7.4530864
71_LensData_21_7.1_85,0.048714385,0.048714385,0.048713077,0.0463647,0.11154685,0.059659094,0.05745764,0.022073943,0.0829999,1,7.4505429
72_LensData_21_7.1_85,0.071212521,0.071212521,0.071210928,0.029134166,0.076566418,0.051042394,0.078886064,0.01150797,0.038216926,1,7.4497277
73_LensData_21_7.1_85,0.26866948,0.26866948,0.26866145,0.22298542,0.26034996,0.13335243,0.18970838,0.082932389,0.10237949,1,7.4316571
74_LensData_21_8_85,0.010466741,0.010466741,0.010466187,-0.017160682,0.038052632,0.021007018,0.012100303,0.030150704,0.016382984,1,8.4009382
75_LensData_21_8_85,0.070963908,0.070963908,0.070962913,0.062237575,0.12517239,0.065862114,0.071157641,0.036079139,0.081537353,1,8.3925164
76_LensData_21_8_85,0.10796673,0.10796673,0.10796473,0.048603671,0.088682164,0.05405495,0.08692785,0.01047067,0.03316213,1,8.3911205
77_LensData_21_8_85,0.1497781,0.1497781,0.14977222,0.15095469,0.21203639,0.071602051,0.07172343,0.048199381,0.088955778,1,8.3797845
78_LensData_21_8_35,0.16190173,0.16190173,0.16189519,0.2415069,0.2997065,0.089499965,0.055996766,0.087504885,0.11505646,1,8.3198267
79_LensData_21_8_35,0.14201379,0.14201379,0.14201094,0.12716217,0.1463527,0.079963144,0.10015707,0.063687412,0.071377792,1,8.3674378
7_LensData_21_2_50,0.12876977,0.12876977,0.12876417,0.13207305,0.16558163,0.78292509,0.98611271,0.52197963,0.77073606,1,2.0900137
80_LensData_21_8_35,0.15545265,0.15545265,0.15544994,0.13237547,0.14881368,0.091021563,0.11939346,0.07058606,0.074950549,1,8.3640414
81_LensData_21_7.1_35,0.084902124,0.084902124,0.084899013,0.069805244,0.08896006,0.031195662,0.041655509,0.021028408,0.02724211,1,7.4368417
82_LensData_21_7.1_35,0.12219768,0.12219768,0.12219384,0.10774282,0.12738655,0.055728488,0.073330638,0.038429106,0.049626751,1,7.4279291
83_LensData_21_6.3_35,0.28141445,0.28141445,0.28140973,0.26814959,0.28786874,0.2963919,0.35856162,0.26231421,0.25723395,1,6.5622586
84_LensData_21_6.3_35,0.29278717,0.29278717,0.29278187,0.27601272,0.29461015,0.29163386,0.35802201,0.25515803,0.24872786,1,6.5607414
85_LensData_21_5.6_35,0.22508173,0.22508173,0.2250755,0.21912525,0.24162619,0.21293538,0.25638864,0.18151178,0.19324275,1,5.8407518
86_LensData_21_5.6_35,0.38065973,0.38065973,0.38065242,0.37050996,0.39154576,0.47771212,0.57237992,0.43066181,0.41417177,1,5.8174893
87_LensData_21_4_35,0.43176025,0.43176025,0.43174639,0.4423885,0.47101798,0.72969567,0.83845724,0.66876009,0.66866787,1,4.1471676
88_LensData_21_4_35,0.66574356,0.66574356,0.66572776,0.6744695,0.70240569,1.4903668,1.7313321,1.3915501,1.3151644,1,4.1210242
89_LensData_21_2_100,0.3588651,0.3588651,0.35884075,0.49823174,0.61563402,2.3257133,1.4593834,2.1389008,3.085795,1,2.0886581
8_LensData_21_2_50,0.13527029,0.13527029,0.13526493,0.11557973,0.13945254,0.67930997,0.96832041,0.39522158,0.5390191,1,2.094073
90_LensData_21_2_100,0.084820456,0.084820456,0.084815796,0.12006933,0.20074864,1.043069,0.90384127,0.60437148,1.4428393,1,2.0955654
91_LensData_21_2_100,0.79584989,0.79584989,0.7958052,0.98012458,1.11227,4.9280643,3.5938154,4.9428697,5.9590253,1,2.0821931
92_LensData_21_2_100,0.28794099,0.28794099,0.28793127,0.24216194,0.28960646,2.018556,2.6301048,1.3669939,1.8540716,1,2.0978322
93_LensData_21_2_100,0.1589828,0.1589828,0.15897428,0.14660198,0.2065868,0.81375879,0.77526248,0.44130262,1.0912517,1,2.09925
94_LensData_21_2_100,0.78499402,0.78499402,0.78494462,0.90411849,1.0106373,3.1052716,2.6562683,2.9669984,3.6151478,1,2.0769248
95_LensData_21_2.8_100,0.22221229,0.22221229,0.22219878,0.30079237,0.39940306,0.97296194,0.76875287,0.80974813,1.2622566,1,2.9310309
96_LensData_21_2.8_100,0.059803437,0.059803437,0.059801757,0.038977573,0.10027258,0.33974885,0.44069582,0.048820987,0.38689992,1,2.9370522
97_LensData_21_2.8_100,0.39471212,0.39471212,0.3946801,0.56931519,0.70631957,1.1808611,0.56397865,1.0089483,1.6873797,1,2.9253355
98_LensData_21_2.8_100,0.45937688,0.45937688,0.45935177,0.53478198,0.62945761,1.5330323,1.3752058,1.3940453,1.793324,1,2.9270581
99_LensData_21_2.8_100,0.11775792,0.11775792,0.11775494,0.063223652,0.10965298,0.50304161,0.72417253,0.15284122,0.4597459,1,2.9390645
9_LensData_21_2_50,0.32673213,0.32673213,0.32671813,0.39496318,0.45323875,2.0875804,1.770547,2.0247216,2.4165351,1,2.0755142
