File Name,Tan Shift,Sag Shift,Long_0.4861,Long_0.5876,Long_0.6563,Poly,RMS_0.4861,RMS_0.5876,RMS_0.6563,Rel. Ill,Effective F/#
CH321571_Example01P_LensData_21.6_5.6_60,0.5243017137740378,0.5243017137740378,0.5242384988307054,0.6064745114905737,0.5867198016280866,0.0298032757596987,0.033919768679541,0.0233937280938808,0.0018615886887404,1.0,0.2947048746719693
CH346706_Example01P_LensData_21.6_1.9_50,0.559738623801913,0.559738623801913,0.5596800135253068,0.609427495429222,0.5710072318483195,0.1880722121221783,0.2050986622421585,0.1532455236540791,0.0414347006761163,1.0,0.0645757144000053
CN110161666_Example02P_LensData_14.2_2.82_65,0.5750293040366831,0.5750293040366831,0.5749780501041962,0.6077743783148006,0.5669143987171298,0.0286096311353338,0.0236947885036964,0.0109400137846988,0.0289102296868671,1.0,0.1213411378733534
CN207216120_Example01P_LensData_21.6_2.8_40,0.58969283435603,0.58969283435603,0.5896383354710876,0.6510001417688767,0.6116923021299063,0.051757916726465,0.0579455393143587,0.0164118001248891,0.0312551311105723,1.0,0.1173917124652579
CN210573001_Example01P_LensData_21.6_14_24,0.8289620790466606,0.8289620790466606,0.8289445796284968,0.6187581541131361,0.7245028855193824,0.0148156747253335,0.0160816750887728,0.00186762370192,0.0112034693290136,1.0,0.8329956889575875
CN211955965_Example01P_LensData_14.4_1.4_56,0.5579092987572968,0.5579092987572968,0.5578559582004355,0.588785281472667,0.5457292594772403,0.0595474804499216,0.0400227979452128,0.037970439002323,0.0625173100305668,1.0,0.0518280859619047
Cox1-01_LensData_3.9_5.3_27,0.5991696948633427,0.5991696948633427,0.5991232844910851,0.6003720813817004,0.5439302496827024,0.0161234560408856,0.0207045805265985,0.0015881203568799,0.0028088669122943,1.0,0.2794180856137968
Cox1-03_LensData_3.57_5.1_25.4,0.599569449933293,0.599569449933293,0.5995223699412092,0.611944762383672,0.5576798819795974,0.0108574394756321,0.014220269286888,0.0008474508615483,0.0009462468698296,1.0,0.2563274547871869
Cox1-04_LensData_3.51_5_25,0.5839750330395393,0.5839750330395393,0.5839254722211008,0.6069115875048144,0.5561082538058948,0.0046733790220367,0.0063033334433851,7.224064582030092e-05,0.0012737439621551,1.0,0.2567925392522274
Cox1-05_LensData_3.51_7.6_25,0.5811511435977194,0.5811511435977194,0.5811010686700477,0.6071311408745573,0.5568189523792068,0.0009100098656179,0.0015453269461915,8.529032556875382e-06,0.0005286519544625,1.0,0.4293883315429183
Cox1-06_LensData_3.51_3.9_25,0.5803375791334944,0.5803375791334944,0.5802873836528577,0.6083121755075375,0.55838185794232,0.0063521757883627,0.008163865745429,0.000386238734809,0.002594494620841,1.0,0.1923544923944515
DE00753329_Example01P_LensData_21.6_2.8_50,0.5568749087933195,0.5568749087933195,0.5568116201174576,0.6039385347627274,0.5654445594805038,0.2219312106353571,0.1765024186021574,0.2253120545616307,0.1504573482943929,1.0,0.1224246392044083
DE00975637_Example01P_LensData_107_8_90,0.5204505284853294,0.5204505284853294,0.5203786814145825,0.6075286379275514,0.6014855093682705,0.039235814731947,0.0330735028497638,0.0419361447080984,0.0223913394667936,1.0,0.4479242565909969
DE01022027_Example01P_LensData_21.6_3.5_100,0.5342957826543244,0.5342957826543244,0.5342365810633283,0.6417894597628953,0.6276375489022777,0.0468513035958459,0.0390664639872299,0.0101735848489266,0.0481963872854531,1.0,0.1591674845168292
DE01045120_Example01P_LensData_21.6_1.4_50,0.5600086473937628,0.5600086473937628,0.5599508263481051,0.6072303935833623,0.5670047299025107,0.1995552058601752,0.2089838705077561,0.1569079631708609,0.086270855665843,1.0,0.024952886334197
DE01096057_Example01P_LensData_21.6_4_200,0.6743174761282495,0.6743174761282495,0.6742815554258065,0.7197489969276897,0.7089089796227657,0.1955311879836488,0.1381372316896403,0.1667268484634468,0.1769328852434174,1.0,0.1906827618764363
DE01157000_Example01P_LensData_35_4_50,0.4568505946453362,0.4568505946453362,0.4567722926870173,0.606222756561096,0.6029636898213075,0.1357540441272282,0.1564172834509318,0.0909823025480395,0.024008469975357,1.0,0.1919509192187968
DE01250153_Example02P_LensData_21.63_2.8_25,0.5697202115075476,0.5697202115075476,0.5696639458180249,0.6064023511638708,0.5647460493151334,0.0365577699411023,0.0328395313998499,0.0353825167087811,0.0216369818826611,1.0,0.1142162349008167
DE02205380_Example03P_LensData_21.6_3.5_28,0.5667033991098923,0.5667033991098923,0.5666475838460321,0.6063438251020151,0.5653057037792727,0.0655069665051018,0.0479470041434196,0.0732772632865273,0.0436383598002991,1.0,0.1593235529243207
DE02206106_Example01P_LensData_21.6_11_1000,0.9205753875854784,0.9205753875854784,0.9206007309255908,0.6057889478950063,0.7606943737848475,0.0859655400346219,0.0891882588944373,0.0426717756278981,0.0586768545482554,1.0,0.6397583886387329
DE02246966_Example01P_LensData_21.6_4_90,0.5356230427837675,0.5356230427837675,0.5355615680970468,0.6068422339283519,0.5870426511013882,0.0685293831935738,0.0704769987708271,0.0645257860396992,0.0182615173760322,1.0,0.1921021507576234
DE02729831_Example01P_LensData_70.5_5.6_100,0.5542635556372367,0.5542635556372367,0.5542005837155928,0.6078028338712977,0.5838726172503498,0.0407383691762963,0.0442508679896394,0.0352776704662144,0.0075606792367392,1.0,0.2951539339559784
DE03026282_Example01P_LensData_77.5_8_90,0.5080428878095444,0.5080428878095444,0.5079737273633572,0.6081664138470788,0.5936198174538494,0.0468514630937374,0.0513267262217085,0.0361756492085797,0.0151981522215771,1.0,0.4485226725165091
EP1357414A1_ex1_LensData_3.9_2.88_3.33,0.5710887911719575,0.5710887911719575,0.5612381168300781,0.6070276083149352,0.5582884303391497,0.0570783140978395,0.0663052228778178,0.0357211925176411,0.0138858527606969,1.0,0.120455990907664
FR1066698_Example01P_LensData_21.6_2.8_50,0.5367251100115056,0.5367251100115056,0.5366565119460603,0.6077502798115542,0.5753228852377374,0.2741382655634355,0.2547528018420253,0.2521102082052155,0.1523121333158153,1.0,0.1152779764300366
FR1233449_Example01P_LensData_21.6_1.4_35,0.5643253052745846,0.5643253052745846,0.5642660634369497,0.5989929632660423,0.5532537307335867,0.3151009925627957,0.2751392358393135,0.3142453278490332,0.1806031488587733,1.0,0.0266404588185215
GB0720808_Example01P_LensData_21.6_3.5_28,0.5406156376270806,0.5406156376270806,0.5405558831202308,0.607818032036867,0.5750050221091272,0.030275407746992,0.0335665120115596,0.0207273932455894,0.012550315123271,1.0,0.1630325578668432
GB0978797_Example01P_LensData_21.6_4_20,0.5379183822702236,0.5379183822702236,0.5378522255418664,0.6069484439944085,0.5737817289221181,0.084503044625004,0.0822570788009224,0.0771320782316836,0.0405708167020358,1.0,0.192447223472493
GB1408910_Example02P_LensData_21.6_2.3_135,0.5457084032512584,0.5457084032512584,0.5456479689523556,0.6074183572450277,0.593810307779793,0.154594778136393,0.1329887526435762,0.0874371927103007,0.1388264545549523,1.0,0.0840163659604146
HandbookCamFig01_LensData_21_1.3_55,0.5688351589768273,0.5688351589768273,0.5687810763721742,0.6100189662745423,0.5748685992277565,0.4886796086091128,0.3995052240395252,0.3317430443512394,0.4348121119592479,1.0,0.0147879320126808
HandbookCamFig02_LensData_21_3.2_85,0.5718730301545156,0.5718730301545156,0.571821164698173,0.6126659068476699,0.5802695878461719,0.0401259667682868,0.0105821004743432,0.0026624647529907,0.0543024273407751,1.0,0.0959366028204074
HandbookCamFig03_LensData_21_3.2_35,0.5300462019658612,0.5300462019658612,0.529987049247024,0.6334254836283416,0.6070733559871231,0.1108632816669379,0.1355934013317802,0.0246536090602397,0.0350328010056999,1.0,0.1397948483684423
HandbookCamFig06_LensData_21_1.4_20,0.6414716635474016,0.6414716635474016,0.641403898890956,0.685652142031932,0.6417480940908659,0.1716205856377071,0.0375044145353298,0.1062147195841525,0.2157611371806636,1.0,0.0235184188813764
HandbookCamFig07_LensData_21_2_24,0.5893576902082636,0.5893576902082636,0.589305845851877,0.6446560743457542,0.6077718801229761,0.0743952280366299,0.0673691488425619,0.0268582628220244,0.0700881774391577,1.0,0.067439018506519
HandbookCamFig08_LensData_21_1.4_27,0.5893576902082636,0.5893576902082636,0.589305845851877,0.6446560743457542,0.6077718801229761,0.0752041102008761,0.0673691488425619,0.0268582628220244,0.0700881774391577,1.0,0.067439018506519
HandbookCamFig12_LensData_21_2.9_200,0.5796590303466395,0.5796590303466395,0.5796083096006386,0.623219006823151,0.59748960484322,0.0549136998554907,0.0193927373698806,0.0194687951883039,0.0710990430829649,1.0,0.1177705455462638
HandbookCamFig13_LensData_21_2.1_300,0.4678785795651615,0.4678785795651615,0.4677954836966481,0.5465617171535393,0.5397915112217624,0.2066873363637576,0.1228761612844479,0.1229656567088681,0.2299222817800703,1.0,0.0665460910222953
HandbookCamFig16_LensData_NA_NA_NA,0.0,0.0,0.0,0.0,0.0,0.1632469463317788,0.173961231435366,0.1124630850195623,0.0796101707803775,1.0,0.3138754005531863
Imaging_Optics_Figure_7_19a_LensData_24_4.4_100,0.722851883820727,0.722851883820727,0.7228119594147626,0.735597389751065,0.6901697871881955,0.1125380095281235,0.0931942892524061,0.0970194300249502,0.0866952558731336,1.0,0.2174518740728571
Imaging_Optics_Figure_7_19b_LensData_24_4.4_100,0.8748599453336505,0.8748599453336505,0.8748357863156816,0.8479978305170883,0.7870131733828551,0.1217205309982979,0.1089952522131766,0.1010742203606948,0.0853233667851095,1.0,0.2179253619864873
Imaging_Optics_Figure_7_20_LensData_23_3.4_100,0.5808390905546056,0.5808390905546056,0.5807923562606176,0.6358329391019957,0.6079674668810149,0.1455996439033668,0.1191441084862438,0.1256356142796727,0.1135915024672902,0.996449791600352,0.1905318906598966
Imaging_Optics_Figure_7_24_LensData_24_4.4_50,0.6449383684168029,0.6449383684168029,0.6448978070679434,0.727814124018178,0.6922094776648864,0.0661127303830111,0.0127598239334288,0.0650796471343715,0.0729763649928926,1.0,0.2254231191329302
Imaging_Optics_Figure_7_28_US1792917_LensData_61.8_4.5_100,0.6550657688154591,0.6550657688154591,0.6549913195792404,0.7114913238172248,0.6817036746616573,0.0699862506061616,0.0811170671682402,0.0486167552247634,0.0037681707365191,1.0,0.223523793179893
Imaging_Optics_Figure_7_6_LensData_1_5_100,0.5861861071305923,0.5861861071305923,0.5861341536512118,0.6267829232376835,0.5785316597961695,0.0072807938172785,0.0070329099513295,0.0075149187613409,0.0039035545281005,0.9775666678420192,0.2609744091783247
Imaging_Optics_Figure_7_7_LensData_1_5_100,0.5935949123757379,0.5935949123757379,0.5935451211066217,0.6311346195846943,0.57902342078781,0.004113621399526,0.0022868027179787,0.0049889837980901,0.0039306312864167,0.9775938378042612,0.2608354102757809
JP1963-002613_Example01_Tale12_LensData_21.6_3.5_28,0.5366042321095281,0.5366042321095281,0.5365414063058056,0.6063200439165254,0.5733042893517204,0.0966415063409972,0.0960746526919893,0.0866434830122057,0.0431978750960101,1.0,0.1595834185790721
JP1963-026133_Example01_Tale12_LensData_21.6_3.5_28,0.5366042321095281,0.5366042321095281,0.5365414063058056,0.6063200439165254,0.5733042893517204,0.0966415063409972,0.0960746526919893,0.0866434830122057,0.0431978750960101,1.0,0.1595834185790721
JP1973-071634_Example02P_LensData_21.6_5.6_15,0.7527885067711052,0.7527885067711052,0.7527670821052894,0.7516485098622643,0.6925330591914823,0.0894041231787866,0.0752367375556012,0.0811297270439481,0.0642980121386773,1.0,0.2911792310233825
JP1976-023175_Example02P_LensData_21.6_5.6_15,0.7527885067711052,0.7527885067711052,0.7527670821052894,0.7516485098622643,0.6925330591914823,0.0894041231787866,0.0752367375556012,0.0811297270439481,0.0642980121386773,1.0,0.2911792310233825
JP1976-062037_Example01P_LensData_21.6_2.8_135,0.5089740503546929,0.5089740503546929,0.5089088485942067,0.6072601467709641,0.6014047990955174,0.113013445400313,0.1293170443961849,0.0678673985801618,0.0380064617624117,1.0,0.1150844772548083
JP1978-087728_Example01P_LensData_35_4_80,0.5551047726803188,0.5551047726803188,0.5550473797241521,0.606308977814258,0.5750290636334253,0.0346725230914123,0.0374499639681232,0.0317601675466112,0.0010726158157529,1.0,0.1926458160169974
JP1979-030821_Example01P_LensData_21.6_1.8_40,0.5522882890356239,0.5522882890356239,0.5522281009599708,0.6031131323513457,0.5636013146671293,0.1801628028222881,0.1628650072741453,0.1838150422204048,0.0876987349772721,1.0,0.0509094229163753
JP1979-055423_Example01P_LensData_21.6_3.5_135,0.5336302041041957,0.5336302041041957,0.5335671288460165,0.6137601892638136,0.6089231484863373,0.069503698849468,0.074856699876226,0.0599979612045077,0.0145888439291862,1.0,0.1597536555917438
JP1979-055424_Example01P_LensData_21.6_4_200,0.5086817969508431,0.5086817969508431,0.5086159736823308,0.6082537792718147,0.6236464055177371,0.0838673065361913,0.0830383512221361,0.0132853274477241,0.0714328742413634,1.0,0.1913797656439417
JP1980-017129_Example01P_LensData_21.6_2.8_21,0.5401753164106444,0.5401753164106444,0.540113983319306,0.606029679262333,0.5704866388538572,0.1048031182640754,0.1070331981838348,0.0930279919106698,0.0398915826812932,1.0,0.1143756744591959
JP1980-028038_Example01_Tale26_LensData_21.6_2.8_55,0.5349600221059163,0.5349600221059163,0.5349009477031824,0.5959432944660571,0.5624159435172267,0.1186980801317063,0.1199472977823312,0.1070582832617854,0.0462665166081024,1.0,0.1152657437937539
JP1980-087117_Example01P_LensData_21.6_2.8_24,0.5356168363531577,0.5356168363531577,0.5355533923519127,0.5982818730797667,0.5625117941609195,0.1410798382236902,0.1397295049508607,0.1271494691436567,0.0627615117035867,1.0,0.1141773017723581
JP1981-035116_Example01P_LensData_21.6_5.6_600,0.2554176831346404,0.2554176831346404,0.2553096883744476,0.2913329617743022,0.476300598853124,0.2354925302563788,0.2056999965222005,0.2690722713939428,0.0828248444705383,1.0,0.2959837806113631
JP1981-159613_Example01P_LensData_21.6_2.8_300,0.6411238666651126,0.6411238666651126,0.6410845013338966,0.6189913231082228,0.6258652394943088,0.160429450255818,0.1404442055295992,0.0261137911298533,0.1579544784696197,1.0,0.1149137455623867
JP1982-108817_Example01P_LensData_21.6_1.8_50,0.5470233153396141,0.5470233153396141,0.5469653264552516,0.6068079453341229,0.5712167569569652,0.1150322033779297,0.131742621045448,0.078059360035355,0.0242835896961397,1.0,0.0515616428986279
JP1983-014810_Example03P_LensData_21.6_2.8_350,0.4153804596109891,0.4153804596109891,0.4153006585628702,0.6055172073037536,0.6783237510723742,0.3626960406371799,0.3694408955589227,0.0034858659302858,0.29531673267877,1.0,0.1148627935481546
JP1985-111215_ExampleMLP_LensData_21.6_1.7_50,0.5444732630093899,0.5444732630093899,0.5444123207625106,0.6080660469023373,0.5736870207845018,0.3342055019064504,0.3645021844782668,0.2646045793210037,0.087787881593794,1.0,0.0470216492622859
JP1986-090115_Example04P_LensData_20.57_4.5_105,0.6526453190993602,0.6526453190993602,0.6525966958498582,0.606106506082244,0.5651028641054265,0.0692866301939746,0.0132986334456225,0.0924628516300937,0.0572070513893667,1.0,0.224178114024293
JP1987-244010_Example01P_LensData,0.5417927250362952,0.5417927250362952,0.5417315544940977,0.6083074929436187,0.5804691478094954,0.3691533925251829,0.4231701957687021,0.2594990221978709,0.0369002128220838,1.0,0.0258147222800705
JP1987-244010_Example02P_LensData,0.5429027787253355,0.5429027787253355,0.5428449725767029,0.6072490302507809,0.5828407937201228,0.126654324848177,0.1389432719748364,0.0862412755075551,0.0518992061898912,1.0,0.0639496208371324
JP1987-249119_Example04P_LensData_21.6_2.8_20,0.5670583848165291,0.5670583848165291,0.5669948538614674,0.6079308950620094,0.5667734301200925,0.285780358448245,0.2739227778012957,0.2564295126777259,0.1486088360553136,1.0,0.1136995693843313
JP1988-017421_Example03P_LensData_21.6_2.8_15,0.5614764744432637,0.5614764744432637,0.5614197759861361,0.6079906072053315,0.5687600500858571,0.0933225340835114,0.0926127456576927,0.087920364185587,0.036053423308087,1.0,0.1147334500614685
JP1989-031113_Example05P_LensData_21.6_2.8_28,0.4002571154582442,0.4002571154582442,0.4001686198907416,0.4860275632854343,0.4630613479660542,0.5591416301469632,0.4846305389370594,0.5263160804583367,0.3587303923484294,1.0,0.1164311848557153
JP1990-248910_Example01P_LensData_21.6_2.8_15,0.5485119104489149,0.5485119104489149,0.5484522918484793,0.6055024859025993,0.5698044029038041,0.1500649810530819,0.1305602335740669,0.1509067737659997,0.0860966338746915,1.0,0.1142262078888595
JP1994-029897_Example04P_LensData_20.6_4.5_105,0.6526453190993602,0.6526453190993602,0.6525966958498582,0.606106506082244,0.5651028641054265,0.0692866301939746,0.0132986334456225,0.0924628516300937,0.0572070513893667,1.0,0.224178114024293
JP1996-110467_Example01P_LensData_21.6_1.8_85,0.5327200518210174,0.5327200518210174,0.5326603975601651,0.6053409900711053,0.5795043093909809,0.2136340847465426,0.2520597143080019,0.1122829681308232,0.0546209213207047,1.0,0.0510396641551999
JP1997-211319_Example01P_LensData_21.6_3.5_180,0.5870619233747091,0.5870619233747091,0.5870134581460857,0.6083845797309075,0.6342915109982347,0.0464397671360905,0.0225094237019983,0.0008275462724646,0.0593409057280516,1.0,0.2422845287992168
JP1998-206729_Example01P_LensData_35_4.5_300,0.6055925932744332,0.6055925932744332,0.6055468276866601,0.6087517478867251,0.6204405932604603,0.0405883739412787,0.018385516996673,0.0039806811902463,0.052385980417639,1.0,0.2319633656055887
JP1999-231209_Example01P_LensData,0.5743058030704536,0.5743058030704536,0.574254716387827,0.6069387019926515,0.5839528553207869,0.0354489018639036,0.0140361527427282,0.0212283703466341,0.0433830458256661,1.0,0.1169952907709247
JP2000-028919_Example01P_LensData_44.8_8_210,0.5550150002907008,0.5550150002907008,0.5549599493305672,0.6062632235557796,0.6117248645310233,0.0081094047314376,0.0037382918927951,0.0053125960608528,0.0099790817844759,1.0,0.4578466590490057
JP2000-275517_Example01_Tale24_LensData_4_NA_NA,0.5816895935667875,0.5816895935667875,0.5816387267888034,0.6069009017905954,0.5525084236422592,0.0187726260170081,0.0108919847042259,0.0208024999275625,0.0162566531037315,1.0,0.1619732225576408
JP2000-292689_Example02P_LensData_33.31_2.8_85,0.541686858234843,0.541686858234843,0.5416275800570828,0.6060891982420155,0.5800813529149581,0.0920253776060773,0.1020643730112237,0.0753462555070598,0.007142493325994,1.0,0.117979111078811
JP2001-033704_Example01P_LensData_21.6_3.5_180,0.6304179601727797,0.6304179601727797,0.6303802614375026,0.6068972780029059,0.5831730760633549,0.1054266957779286,0.1082978321194436,0.0463969181565439,0.0762245308279734,1.0,0.1665439229814165
JP2001-174702_Example01_Tale24_LensData_4.47_NA_NA,0.5610359424643622,0.5610359424643622,0.56098440358211,0.6068744954072587,0.5723044174331061,0.0177910645997552,0.0082558745615754,0.0093164622182988,0.0219400448180261,0.9975340844157444,0.2054701442449507
JP2003-005030_Example06_Tale78_LensData_21.6_2.8_45,0.5301105291544128,0.5301105291544128,0.5300455295056664,0.6068743378512722,0.5751539672929765,0.1755012035170311,0.179251337313565,0.1488361939731855,0.0753076910325366,1.0,0.1213819458991354
JP2003-185916_Example01P_LensData_34.85_4_120,0.5914671876590605,0.5914671876590605,0.5914189114379684,0.6055322097847876,0.5765699614951144,0.0259900628286108,0.0071430046776844,0.0027825238820201,0.0352277879628042,1.0,0.1916999577995423
JP2008-003108_Example01P_LensData_11.3_3.5_8,0.5693215102499241,0.5693215102499241,0.5692657559730302,0.6068861230390621,0.5676241556799065,0.0615566753896697,0.0539074157959018,0.0659960142401228,0.0302154323293927,1.0,0.1595103159049311
JP2008-145584_Example01P_LensData_21.6_2_200,0.6181202885977037,0.6181202885977037,0.618076751069136,0.6126669634181153,0.5882953395810823,0.1550587461101806,0.1472459839652677,0.0167611989708145,0.1404053635114765,1.0,0.0670666101551034
JP2011-170128_Example05P_LensData_21.6_1.4_85,0.5490811996632133,0.5490811996632133,0.549025445745041,0.6075477749927831,0.5746407778161253,0.1989103900627926,0.2174931171260934,0.0611869077130477,0.1284670402581131,1.0,0.0292359946086014
JP2011-248340_Example01P_LensData_8.2_2.8_10,0.5733167976788276,0.5733167976788276,0.5732656010764343,0.6083037327124451,0.5590939910047974,0.0085237591771553,0.0060810727429319,0.0024888026251623,0.0099922627504243,1.0,0.1226868866505478
JP2012-234169_Example01P_LensData_14.2_2.8_30,0.5646085886589602,0.5646085886589602,0.564553773576116,0.6069777604368157,0.5623189729996393,0.0653786834902056,0.0702555018528498,0.0540307699979589,0.0198390084129792,1.0,0.1213307312771348
JP2012-242690_Example02P_LensData_14.2_1.8_50,0.5659047130007725,0.5659047130007725,0.5658517647341991,0.6212806642157047,0.582721002419017,0.0816358558416627,0.0471741625042844,0.0343481175368084,0.0961493768068407,1.0,0.0545345216233068
JP2013-003324_Example02P_LensData_10.8_1.4_25,0.568343350003868,0.568343350003868,0.5682920573373625,0.607452912108874,0.5619674804044422,0.074272921635584,0.0576537218772648,0.0090836698363532,0.0806479732859164,1.0,0.0286170036697908
JP2013-054269_Example01P_LensData_21.6_2.8_28,0.5460905773159263,0.5460905773159263,0.546035531493312,0.6042804243209596,0.5672111566374993,0.050476242937217,0.0582060149886772,0.0339633932688487,0.0108389448599464,0.9840413604108772,0.1211356381338237
JP2013-104994_Example02P_LensData_21.6_2.8_180,0.6059488144450245,0.6059488144450245,0.6059028945864611,0.6078396723516123,0.577911818257208,0.0593598528266654,0.0499360120721245,0.008812573977209,0.060959804348933,1.0,0.1227499247292849
JP2013-161076_Example01P_LensData_10.8_1.8_75,0.5627216299777539,0.5627216299777539,0.5626688865923991,0.6066924744422919,0.5706096056456845,0.0654534412912417,0.0178600871846782,0.0063623370749152,0.088033679892996,1.0,0.0502966063137014
JP2013-250290_Example01TCP_LensData_21.6_9_975,0.5771273500601957,0.5771273500601957,0.5770767689268889,0.6030472663863031,0.5452606908839583,0.0006084788738045,0.0009831160499265,0.0002429548524453,0.0007193068107479,1.0,0.5141202181720911
JP2014-026184_Example04P_LensData_14.2_1.8_50,0.5417017785095545,0.5417017785095545,0.5416427478889031,0.606411064009924,0.5726484788491363,0.2608148256549413,0.2818166928636173,0.2127178536214836,0.0694157550282488,1.0,0.0516079412589172
JP2014-145954_Example01P_LensData_14.2_2.8_60,0.5700914756065134,0.5700914756065134,0.5700386395187413,0.6074097288489831,0.5659738541298313,0.0212931267654828,0.0215821382476215,0.018251492844069,0.0107327678650022,1.0,0.1232067034602543
JP2015-041003_Example01MLP_LensData_21.6_1.4_50,0.5645481910453611,0.5645481910453611,0.5644921949973447,0.6060765436602921,0.5654855184211433,0.2198038391506832,0.1848884991662323,0.250118851925218,0.0974241235116121,1.0,0.029185219701934
JP2015-096915_Example02P_LensData_21.63_85_18,0.5424428080815583,0.5424428080815583,0.5423869775054427,0.5934048551381418,0.5591405663588989,0.0778003302948187,0.0826040267204098,0.04878497252252,0.0433826748740772,1.0,0.0543019427478421
JP2015-102734_Example01MLP_LensData_21.63_2.8_300,0.6742581249522316,0.6742581249522316,0.6742256063095324,0.5636543516601091,0.6397156235596433,0.1179596048938692,0.1118279384704647,0.0115685735342183,0.1072982320435628,1.0,0.2286020167055183
JP2015-111192_Example01P_LensData_13.66_2.8_24,0.5737407787879588,0.5737407787879588,0.5736911156126452,0.609025716949851,0.5650250490755118,0.0199172159255588,0.0083665677462854,0.0056249748925861,0.0258677686923908,1.0,0.1203669424455378
JP2015-161792_Example01P_LensData_14_2.8_50,0.6409405266089223,0.6409405266089223,0.6408992232653912,0.6341659967648713,0.5795626814206886,0.0092973028746244,0.0110060084759209,0.0031277685620106,0.0051490854106487,0.98168442656406,0.3162701391149385
JP2015-215560_Example01P_LensData_21.63_4_500,0.6994427646132554,0.6994427646132554,0.699413314585281,0.6068423836065391,0.6466827228493169,0.1240872746400559,0.1237805565379316,0.0075730044084068,0.1050969818483115,1.0,0.1999013266578031
JP2016-099362_Example06P_LensData_11.15_3.5_30,0.5651122096454476,0.5651122096454476,0.5650599636167696,0.5991143535362857,0.5546587072542346,0.0100726016185359,0.0076965185610221,0.0141611854254354,0.0025079708396414,1.0,0.1640708479116269
JP2016-184136_Example07P_LensData_11.6_1.8_8,0.5593691094583685,0.5593691094583685,0.5593109364760909,0.6068970889357223,0.5638667074567507,0.2260647693852529,0.2304463492514805,0.1945718470480294,0.0939445976074222,1.0,0.0563081928127307
JP2016-188967_Example01P_LensData_21.6_18_28,0.5728147669203708,0.5728147669203708,0.572764766420592,0.5995926730290084,0.5577181208672518,0.0180637706769009,0.0101213174637811,0.0063309286246599,0.0221348115508295,1.0,0.119748293507542
JP2016-191761_MLP_LensData_21.6_2.8_400,0.6760144128456392,0.6760144128456392,0.6759808603710065,0.6150019160383517,0.6299697254051329,0.1948289871234309,0.1934747391143463,0.0213351431685434,0.1651632411687783,1.0,0.1235336318104729
JP2017-161685_Example02P_LensData_33_4_19,0.6171253461477534,0.6171253461477534,0.6170823964483259,0.6256198178457426,0.5837636670438325,0.0369827953653994,0.0380934579769025,0.0175044486865538,0.0266536589666998,1.0,0.197117146882632
JP2017-167327_Example01P_LensData_10.82_1.4_12,0.5771783681618695,0.5771783681618695,0.5771274317600912,0.6068406271724016,0.5594372957794838,0.056410346042229,0.0146216735919271,0.0113581487495187,0.0756889787226774,0.99643089338217,0.0285437910668165
JP2018-005099_Example04P_LensData_21.63_1.4_85,0.5688084635623156,0.5688084635623156,0.568755466413449,0.6069665714408787,0.5703344477680533,0.0993079852561639,0.0540513134450177,0.0299563752320296,0.1210518804558957,1.0,0.029437604088864
JP2018-049102_Example01P_LensData_21.6_2_135,0.5693184679733063,0.5693184679733063,0.5692659318330751,0.6055488634525602,0.5826947239410263,0.1004821039207922,0.0186598062534978,0.0065617124451632,0.1367746590400207,1.0,0.0691464087166236
JP2018-132674_Example01P_LensData_33.63_4_135,0.5510051446341505,0.5510051446341505,0.5509510072549062,0.5988144743911807,0.5817484472646689,0.0247672699645666,0.0070517684546507,0.002984193975553,0.033514245240904,1.0,0.195254005837221
JP2018-205474_Example01P_LensData_34_2.8_90,0.5600245477333454,0.5600245477333454,0.559969676759144,0.5973541667303456,0.565084737404101,0.0490155225112778,0.0383239841353135,0.0647274608970567,0.0099325395446061,1.0,0.1221546539898364
JP2019-023693_Example01P_LensData_10.82_1.2_45,0.5722917526819146,0.5722917526819146,0.572240167754178,0.6070650927747944,0.5597823273058338,0.0695461469347605,0.0657665696297502,0.0349220952661573,0.0573452493586957,1.0,0.0184513653466453
JP2019-090947_Example04P_LensData_21.6_1.8_35,0.5718463296941254,0.5718463296941254,0.571795622288339,0.6080592559242075,0.5663675336710987,0.056319644148392,0.0283454524348959,0.0109911859034556,0.0708215216537196,0.9856307428243524,0.0553668355702833
JP2019-144441_Example01P_LensData_21.6_2.8_70,0.5941092690510453,0.5941092690510453,0.594060999366438,0.6101386902326726,0.570159208179863,0.0375967255353557,0.0305091079666743,0.0093437599309747,0.0394044600659216,1.0,0.1217969394591379
JP2019-144477_Example01P_LensData_21.6_1.4_105,0.5778514871952661,0.5778514871952661,0.5778005413228403,0.6070834868059938,0.5679091412333098,0.0742715078007025,0.0138778605077861,0.0415528362931575,0.0954830538870218,1.0,0.0294156549651495
JP2019-152887_Example03P_LensData_21.6_2.8_400,0.6505583709034896,0.6505583709034896,0.6505212289860834,0.6078493220255612,0.6213603176373657,0.1722609127087135,0.1607772853021397,0.0195208748710616,0.1592334671998607,1.0,0.1207741615941635
JP2019-219472_Example06P_LensData_21.6_1.4_28,0.5725937217308293,0.5725937217308293,0.5725458695793956,0.6070373017894484,0.5651490661682297,0.1000877590552037,0.0396359976864241,0.0311412425771772,0.1284330228240818,1.0,0.029389577403029
JP2020-030383_Example01P_LensData_14_1.4_56,0.5706596850028032,0.5706596850028032,0.5706070028789804,0.6068421312018487,0.5621277833113307,0.0747668398955911,0.0651513835323625,0.0131449297784158,0.0741525026566693,1.0,0.0291105719169695
JP2020-173366_Example03P_LensData_21.6_1.8_85,0.5738100074652998,0.5738100074652998,0.573757796461991,0.6076169137107772,0.568162926507661,0.1121275394257002,0.0932595378369627,0.1331964466590579,0.0427362515665036,1.0,0.0543866673425254
JP2020-190696_Example01MLP_LensData_21.64_4_17,0.5814362842535439,0.5814362842535439,0.5813851249576849,0.6061890005061014,0.5641789304220785,0.0145434562560277,0.0034224230793606,0.0229269375284045,0.0079198229221379,1.0,0.2002818086713085
JP2020-190696_Example03MLP_LensData_21.6_2.8_24,0.559708996731967,0.559708996731967,0.5596550798319198,0.6075304359564693,0.5682377127369226,0.0380612859298833,0.0424794162968816,0.0143955788956305,0.0226890023939918,0.9850215922708824,0.1240210135072
JP2021-047297_Example01P_LensData_21.6_2.8_100,0.5874027177420119,0.5874027177420119,0.5873528272704969,0.60604978025509,0.5720554564458467,0.0261129684860207,0.0195849472321019,0.035219549589003,0.0073701535365909,1.0,0.1250000458036805
JP2021-189351_Example04P_LensData_21.63_2_40,0.5619598183727479,0.5619598183727479,0.561903052200541,0.6069572526345015,0.5648335914333448,0.146552005813761,0.1581267631186277,0.1215347699454972,0.0372546033630718,1.0,0.0664467642142561
JP2021-189377_Example01P_LensData_21.7_4_24,0.5895138686883934,0.5895138686883934,0.5894637083875537,0.6070484614799718,0.5641751994649641,0.02215424676775,0.01347902791129,0.0307465840728949,0.0109594671214466,1.0,0.1957942694099203
JP2022-030896_Example01P_LensData_19.92_2.8_24,0.5885690197799099,0.5885690197799099,0.5885210337154375,0.6095791295164092,0.5629647711366699,0.0185591642924048,0.0099404566993119,0.0009884351460158,0.0235525831083791,1.0,0.1200994733798169
KR1020140184971_Example01P_LensData_21.6_1.4_50,0.5831050191676043,0.5831050191676043,0.5830475109398148,0.6367459265711586,0.598100436259058,0.1318793276698912,0.0475475464904192,0.055377822309339,0.1679860203000072,1.0,0.0301623648867763
KR1020150155317_Example01P_LensData_21_2_135,0.5847532914915888,0.5847532914915888,0.5847030698253667,0.6076123905935169,0.574831655962669,0.0475328449220266,0.0112602901062634,0.0742189229778975,0.0231904043891407,1.0,0.0703234228418679
KR1020200129711_Example02P_LensData_21.6_1.4_85,0.5459122920656041,0.5459122920656041,0.5458526250120347,0.6073911158149625,0.5771089717769426,0.19901447382973,0.2234723727360339,0.0907744236398951,0.1024810059715161,1.0,0.030566255634616
Note01Fig1_LensData_21_4_21,0.7950191372124472,0.7950191372124472,0.794980573870536,0.7882210892406245,0.7231960083313254,0.0704077807480927,0.0580099251214533,0.0674504808279489,0.04948276436048,1.0,0.1866219052743243
Note02Fig1_LensData_21_2_50,0.7311581490237893,0.7311581490237893,0.7311196966355994,0.7416160284352002,0.6874874545065202,0.1856336146802809,0.1534557208492425,0.1616634234923546,0.1415256914635703,1.0,0.0627689973818616
Note02Fig2_LensData_21_4_50,0.5651231584256001,0.5651231584256001,0.5650697694641743,0.5927634346335346,0.5509983530477335,0.0160759632651378,0.0152700242564971,0.0084676837036197,0.0136150851775342,1.0,0.192646005338877
Note03Fig1_LensData_21_1.8_35,0.515195490512318,0.515195490512318,0.5151185288938442,0.709222517611687,0.7025196939100766,0.8392673669238475,1.0,0.1473608706960532,0.3659559155609859,1.0,0.0496791604857144
Note05Fig1_LensData_21_NA_NA,0.6584872975461075,0.6584872975461075,0.6584464065542612,0.725041138655854,0.7722324026682058,0.2179319377174327,0.0479524999859813,0.0925104145423052,0.2851859455035672,1.0,0.095126366247451
Note05Fig2_LensData_21_2.5_105,0.6262081293629117,0.6262081293629117,0.626147166518111,0.6565357957275291,0.6244246955217114,0.0711596993796454,0.0452012539365257,0.0278996570612593,0.0818485161345221,1.0,0.0957991917787889
Note06Fig1_LensData_21_6_10,0.5897827860684085,0.5897827860684085,0.5897328790735087,0.6435531824402845,0.6039160268930674,0.0128404346081533,0.0137988141333743,0.0056980181737395,0.00903008743598,0.9695726611734238,0.3203983332346009
Note07Fig1_LensData_21_NA_NA,0.6580825715095018,0.6580825715095018,0.658058194534596,0.7010926287085094,0.6549362297757705,0.3742968349607867,0.3798724652213558,0.2587789756320748,0.2229725804788956,1.0,0.0317120866141491
Note11-Fig1_LensData_21_2.8_300,0.5946624572550528,0.5946624572550528,0.5946127041607012,0.6448136303322499,0.6337849189421416,0.0684824133430561,0.0123442278534507,0.0148046784359856,0.0927333729776607,1.0,0.1275719835375465
Note12Fig1_LensData_21_3.5_38,0.6171472025647409,0.6171472025647409,0.6171018264599102,0.6712200136689271,0.6325834574284745,0.0282547665549845,0.0229336159712947,0.0186600528535789,0.0262509057251246,1.0,0.190954628095489
Note14-Fig1_LensData_21_2.8_24,0.7458236301574105,0.7458236301574105,0.7457941109789465,0.7374565503917141,0.6794683974269277,0.0500831922830913,0.0426494940054597,0.0465561240705325,0.0348161869391697,1.0,0.1907591379869465
Note16-Fig1_LensData_21_1.3_58,0.6379935588739349,0.6379935588739349,0.6379488119159351,0.678310033061233,0.6369422480361973,0.4614510399816726,0.4470660394322283,0.1478926464777901,0.3890253136464436,0.9940950615393608,0.0201249157975672
Note17-Fig1_LensData_21_4_28,0.7361060793028049,0.7361060793028049,0.7360888104873149,0.7175414736986592,0.6590714926600202,0.0472122302353445,0.0450931989557314,0.0392109710852902,0.0290939653483324,1.0,0.1909076640550426
Note19-Fig1_LensData_21_1.5_85,0.6709583261007458,0.6709583261007458,0.6709080123855163,0.7333916059401253,0.6998653021938354,0.3359375920450583,0.2846012198471575,0.2173115433187081,0.293399228859501,1.0,0.0315024889720005
Note20-Fig1_LensData_21_3.7_20,0.4690776899053555,0.4690776899053555,0.4689989409576103,0.6069016580593305,0.5928514045811559,0.1755396766870122,0.204798460569747,0.1071564058643118,0.0349425451446456,1.0,0.1795986131866964
Note21-Fig1_LensData_21_4_105,0.6922012380047484,0.6922012380047484,0.692182031063173,0.667785293163321,0.6231114701463079,0.0596188876559647,0.072015513016718,0.0144280039239219,0.0229385156244348,1.0,0.1914797825607677
Note23-Fig1_LensData_21_2.8_80,0.6416990114273896,0.6416990114273896,0.6416756473047217,0.6418200665888318,0.5961484385023821,0.0563150027597481,0.0643934809099181,0.0189259407444474,0.0303755985753023,1.0,0.1154535510982806
Note24-Fig2_LensData_21_NA_0,0.5792725897975899,0.5792725897975899,0.5792200975809733,0.6164472505235664,0.5645527947894795,0.0157569674820548,0.0017299039708079,0.0167434443069018,0.0173877801696005,1.0,0.1215858089204805
Note24-Fig3_LensData_21_NA_0,0.6448407966515334,0.6448407966515334,0.6448201646640104,0.6669975132308427,0.6081909946044879,0.1537909999046761,0.1234579957964173,0.1476932305596388,0.1109289545661908,1.0,0.1132112471853638
Note24-Fig4_LensData_21_NA_0,0.7604274817067787,0.7604274817067787,0.7603908829183605,0.5967117876551166,0.4973212437619,0.1041415848091179,0.1281459195785712,0.0024298128484808,0.0347439822503264,1.0,0.2528493858947871
Note26-Fig1_LensData_21_2.8_55,0.5241196778833791,0.5241196778833791,0.5240474053461454,0.6782785218639339,0.6689625944236987,0.2416743381440374,0.2832131289400303,0.0565379986402208,0.1166782529153444,1.0,0.1144717644738103
Note27-Fig1_LensData_21_1.45_35,0.5320632957954515,0.5320632957954515,0.5320057517492834,0.6490991531649326,0.6324996345321722,0.4096370106437655,0.473356647451648,0.162649424420992,0.1864911614407811,1.0,0.0507876095547699
Note30-Fig1_LensData_21_3_135,0.4976697375999931,0.4976697375999931,0.4976101668069407,0.7079620697197213,0.9544633792295358,0.4184549655047022,0.084092735100884,0.0536243105027869,0.5656921360739677,1.0,0.1278867464302138
Note31-Fig1_LensData_21_2_200,0.731930898152757,0.731930898152757,0.7318961206749299,0.701911919838287,0.6994741286777576,0.4197879121697276,0.4789921302961522,0.1080648561581125,0.2326119064394859,1.0,0.063527078830577
Note32-Fig1_LensData_21_1.85_85,0.6474295186541997,0.6474295186541997,0.6473823639938011,0.6956096803784595,0.6616141205145251,0.1725206094542626,0.1449443131312893,0.1066357087446943,0.1547572006941185,1.0,0.0635763025192635
Note32-Fig2_LensData_21_2_135,0.4223179836815279,0.4223179836815279,0.4222582137899121,0.5748902835254639,0.5803729694182781,0.2726511072227026,0.2695732655951465,0.0997558595684719,0.219172808728513,1.0,0.0836275049269492
Note33-Fig1_LensData_21_2.8_35,0.6265140881491771,0.6265140881491771,0.6264577361338431,0.7552603768657267,0.7300415448626847,0.2456731781391133,0.2776358295467232,0.1049739094267662,0.1256135831597118,1.0,0.1115743457860308
Note34-Fig1_LensData_21_2_50,0.5856485347562462,0.5856485347562462,0.5855906568236804,0.7226147764638204,0.702631457771813,0.390417514713016,0.4241168238958331,0.1081202494687101,0.2601309184749166,0.9817810308742544,0.0641392602888807
Note36-Fig1_LensData_21_2_85,0.4095674833215374,0.4095674833215374,0.4094860383429248,0.4797264676820688,0.4589024162899852,0.4264982163210088,0.4294281417979542,0.328629940295654,0.2323772412007449,1.0,0.0662254041869449
Note37-Fig1_LensData_21_2.5_35,0.7087926378241067,0.7087926378241067,0.7087586843028799,0.7084977600738068,0.6479789293826747,0.104950466973364,0.0886144204510466,0.0990025105443444,0.0716044759048685,1.0,0.0952926641435963
Note38-Fig1_LensData_21_2.8_35,0.9456349399173852,0.9456349399173852,0.9456456587026266,0.9424999112172014,0.8739933987792704,0.2857755051552595,0.2393511186591331,0.2671433655323131,0.1981612442750913,1.0,0.1110743528092618
Note38-Fig2_LensData_21_2.8_35,0.730161622944265,0.730161622944265,0.7301103453844697,0.7580018510307517,0.7052020265917522,0.1196812365278745,0.1035426316438629,0.1052176399933957,0.0845561919661486,0.9148734894104772,0.1460328210853273
Note38-Fig3_LensData_21_2.8_35,0.4756860635555496,0.4756860635555496,0.4755985452919199,0.6069010593465819,0.5926837587885513,0.2948327068535085,0.3480544293382263,0.1717671633453577,0.0415582997599197,1.0,0.1150759455559131
Note40-Fig1_LensData_21_2_58,0.6428344854762479,0.6428344854762479,0.6428014621617509,0.7010611175112104,0.6602450132082532,0.1174596587528324,0.0652163611482749,0.0918456948151339,0.1245846663436938,1.0,0.0626595571211592
Note41-Fig1_LensData_21_1.4_85,0.5125436406876156,0.5125436406876156,0.5124786871601205,0.615766608661905,0.5962322613986846,0.2917224979684494,0.3157210543159238,0.0324529871923824,0.2058690948091215,1.0,0.051013940808209
Note43-Fig1_LensData_21_4_135,0.7166540933076951,0.7166540933076951,0.716639388302085,0.7323832476265529,0.6987197226110363,0.0489553143357622,0.0397818810536102,0.039100184464095,0.0412243530740191,1.0,0.2023839288931448
Note44-Fig1_LensData_21_1.4_50,0.5799806430007278,0.5799806430007278,0.5799227613365675,0.6547081462841792,0.621518835116563,0.4524963726422717,0.2496994610505898,0.328629940295654,0.4908519760878111,1.0,0.0254522502737533
Note45-Fig1_LensData_21_2.5_105,0.7361146767035557,0.7361146767035557,0.7360888104873149,0.7178880968689497,0.6693258269743422,0.152947939620814,0.1685917300820479,0.0867273529159153,0.075873578132733,1.0,0.094843360573291
Note53-Fig1_LensData_21_3.5_15,0.6197529020079868,0.6197529020079868,0.6197028469916674,0.683351824629095,0.6453245376664332,0.0611569030386862,0.0616422348604626,0.0361643390024219,0.0421720396150884,1.0,0.1531960892206839
Note57-Fig1_LensData_21_2.85_28,0.8136279840728939,0.8136279840728939,0.813614750814469,0.9023861570553996,0.8625376029512813,0.3236562543963635,0.3307822562543331,0.2221196826785801,0.1895688863027299,1.0,0.1120417876138297
Note59-Fig1_LensData_21_1.85_105,0.7241117465385962,0.7241117465385962,0.724093059079658,0.7278456352154772,0.686285992992853,0.2272625643726099,0.1739113599057686,0.1950101964721125,0.1914642593848684,1.0,0.0506058605503892
Note60-Fig1_LensData_21_1.8_50,0.6451040129650822,0.6451040129650822,0.6450530918758095,0.6952315460108698,0.6544332923979562,0.1346854310393133,0.0566883295871227,0.1005535232410774,0.1543871516637962,1.0,0.05259294635534
Samy&Gao-1(220deg)_LensData_2.85_4_4.5,0.5784878314776863,0.5784878314776863,0.578436689219197,0.6076036786927995,0.5549815623157294,0.0077417467112807,0.0062856492483475,0.0089193905598336,0.0050416125220515,1.0,0.1917697748229993
Samy&Gao-2(220deg)_LensData_2.85_3.8_1.5,0.5844115729522233,0.5844115729522233,0.5843612433188712,0.6129757977303808,0.5594973590758292,0.0011013100417538,0.000969640263914,0.0019863780969116,0.0007970182804418,1.0,0.1783000788434021
US00252682-1_LensData_11.13_3.1_25,0.5839714256245246,0.5839714256245246,0.5839207437987012,0.6218015890529596,0.5738067908504738,0.017207010663426,0.0169054280788976,0.0070339451818325,0.0144945879283701,1.0,0.1358891502073685
US002645973_Example01P_LensData_21.6_1.5_85,0.5312254004930298,0.5312254004930298,0.5311599309293175,0.6077470596823021,0.5826405659677253,0.5673322000515215,0.6080870782354549,0.4723676600530221,0.1511457297466533,1.0,0.0323089818574674
US002645974_Example01P_LensData_21.6_3.5_28,0.5748618495705844,0.5748618495705844,0.5748072340980593,0.6084210460639821,0.5610585540930385,0.1106177528912402,0.0974237191272065,0.1055201938244149,0.0679735286451465,1.0,0.160053150590898
US002645975_Example01P_LensData_21.6_3.2_35,0.5786721527631812,0.5786721527631812,0.5786201772420797,0.6058840070936746,0.5580336612634056,0.0397447018690754,0.0293118438180143,0.0466479661795033,0.0240560664036839,1.0,0.1280899193427721
US002681594_Example01P_LensData_21.6_1.8_50,0.5583131460347467,0.5583131460347467,0.5582536220181435,0.6078571349118195,0.5688213615051284,0.3039233461454483,0.3061984265280893,0.2307424823727562,0.168732896575817,1.0,0.0525556926951679
US002720140_Example03P_LensData_39.5_4_150,0.509621525845182,0.509621525845182,0.5095560679091522,0.6056525015746933,0.6026481357340807,0.0620481783958907,0.0656902229674739,0.0579117195070551,0.0064126173734048,1.0,0.1925311480295562
US002721499_Example02_Tale01_LensData_21.6_4.5_21,0.565468096235477,0.565468096235477,0.5654115684076164,0.60571295076492,0.5619981411434517,0.0383533322656491,0.0284872056082392,0.041932792304941,0.0265174980721548,1.0,0.2240624383558799
US002724994_Example02P_LensData_21.6_2.8_80,0.5362204864477659,0.5362204864477659,0.5361550782790717,0.6083561761678861,0.5833077123993957,0.1386931117746633,0.1630052543272948,0.0772420793757345,0.0338430356094626,1.0,0.1156649320303916
US002779239_Example01P_LensData_21.6_2.8_28,0.5669251177301472,0.5669251177301472,0.5668702618723,0.6070697813258406,0.5617047436829948,0.0363118902700432,0.0383976601771798,0.0332471068009759,0.0083650011117134,1.0,0.1154161325448586
US002838978_Example01P_LensData_21.6_2.8_50,0.53839442015572,0.53839442015572,0.5383287212451358,0.6076304178343797,0.5746951777581869,0.1385002674310831,0.1411052110948045,0.1210327846861995,0.0559540382959371,1.0,0.1152004582810917
US002854890_Example01P_LensData_21.6_1.8_35,0.5542592623708844,0.5542592623708844,0.5542007980086278,0.6062054931516557,0.5653909533412701,0.3194975291577238,0.3040874228636833,0.2943513299663611,0.1616905025053396,1.0,0.0511989693561162
US002896506_Example01_Tale03_LensData_21.6_1.8_35,0.5528224907631021,0.5528224907631021,0.5527620167148567,0.6073084487097441,0.566775430413808,0.3647503165167016,0.4059770773711422,0.2648709768303297,0.1008657058518149,1.0,0.0513636061054473
US002995980_Example01P_LensData_21.6_2.8_90,0.5065453331606712,0.5065453331606712,0.5064737615260149,0.6057490982046779,0.5896692443511192,0.1978578406910972,0.2233567123469759,0.145256744714341,0.0347031640371646,1.0,0.1150762142708389
US003037426_Example01P_LensData_7.4_5.7_5.7,0.5705919766874822,0.5705919766874822,0.5705308713962278,0.6070587587090253,0.5600549542908159,0.3032807861039604,0.2041107903600503,0.3160521025394575,0.2412584450052382,1.0,0.0523035709160064
US003038380_Example01P_LensData_21.63_NA_35,0.7450522240084244,0.7450522240084244,0.7450297758619083,0.6080487532421476,0.5113108241288343,0.1632461944131473,0.1993356911441602,0.0089473844556371,0.0592618515219128,1.0,0.1921991202029042
US003108152_Example02P_LensData_21.6_2.8_135,0.5199771629747391,0.5199771629747391,0.5199130793287969,0.6057936424331799,0.5958832759463158,0.1052887483300757,0.0998844385809925,0.1150400039858871,0.022438816757384,1.0,0.1149515855096697
US003376091_Example01P_LensData_78_5.6_75,0.5025472933990939,0.5025472933990939,0.502479331592073,0.6063720997842397,0.5950045828771505,0.0501348468145377,0.0560344631313792,0.0393488793792202,0.0091968613134774,1.0,0.2989999896178324
US003410632_Example02P_LensData_27.5_4_35,0.5402276646835317,0.5402276646835317,0.5401656197882537,0.6066057348299345,0.5736792269316037,0.1202983794410747,0.1137319337274335,0.110369396245433,0.0639601519586414,1.0,0.1925196848951065
US003467462_Example01P_LensData_44.8_4_300,0.4718742089493725,0.4718742089493725,0.4717951777855765,0.6071358688146001,0.6491912962551507,0.1490779283512774,0.1728033225730955,0.0800554114523588,0.0510581289693405,0.9836534639165996,0.1950212132112471
US003490825_Example01P_LensData_21.6_4.5_85,0.581822965064041,0.581822965064041,0.5817611020873384,0.6075263833013846,0.5749601338305186,0.1014008265865897,0.0929871811019098,0.1005810991389591,0.051034320375753,1.0,0.2230855924217505
US003502393_Example01P_LensData_44.8_4_600,0.3989251587803097,0.3989251587803097,0.398852790778567,0.6057473499634517,0.7741703824425232,0.3453267658191378,0.1302214812092767,0.1819449086613191,0.4278127609089072,1.0,0.192997429497448
US003502394_Example01P_LensData_21.6_4_300,0.4835785279035163,0.4835785279035163,0.4835117154623295,0.6063387105195814,0.6563855360351278,0.1177498195956659,0.0989682570226806,0.0030747220444098,0.1212262547794525,1.0,0.1921415052799429
US003506336_Example01P_LensData_21.6_2_35,0.5238935177255717,0.5238935177255717,0.5238268776262544,0.6054297066959813,0.5754835698182139,0.3408994803092617,0.3348572173781271,0.3045621672460736,0.1598459705497329,1.0,0.0640353775414172
US003506339_Example01P_LensData_21.6_3.5_28,0.5319484904142301,0.5319484904142301,0.5318866133625684,0.6074265722141635,0.5757585198150622,0.06392802282414,0.071041209515429,0.0498663518690767,0.0140242122880171,1.0,0.1596341079855358
US003507558_Example01P_LensData_21.6_2_35,0.5344617066666463,0.5344617066666463,0.5343991797856449,0.606545129344169,0.5731407519986732,0.2455916291457095,0.2398151732420367,0.2254964145779616,0.1112610329557676,1.0,0.0636356030176686
US003515462_Example01P_LensData_21.6_4_17,0.556528023662469,0.556528023662469,0.5564671526045921,0.6136852868327216,0.5780139483534725,0.0520548505333358,0.0418606161759824,0.0563472096762619,0.0317401832564912,1.0,0.1916296216677059
US003524697_Example01_Tale06_LensData_10.8_5.6_10,0.5488264340317929,0.5488264340317929,0.5487655680784127,0.6078103316455831,0.5701601707461221,0.0712800234497536,0.0693727400377132,0.0628014487819726,0.0371511692437451,1.0,0.2946130169174367
US003524697_Example01P_LensData_10.8_5.6_6,0.5565379908251723,0.5565379908251723,0.5564804178093041,0.6055338552995106,0.5621192224789314,0.0453351542347841,0.0441175439359903,0.040227008482666,0.0238375199591687,1.0,0.2946292314203477
US003536379_Example01P_LensData_21.6_6.3_800,0.5783162005767308,0.5783162005767308,0.5782664007931949,0.6244385872131154,0.7264919777017685,0.0575967585764832,0.0324995920926553,0.004757495374676,0.0711158712882585,1.0,0.3169245759953292
US003545845_Example01P_LensData_21.6_3.5_24,0.5402801689905091,0.5402801689905091,0.5402199190034442,0.6054192238659758,0.5718420025580513,0.0829806554785709,0.0805151211307684,0.0777657178801447,0.0378704876974991,1.0,0.1596292405810838
US003549241_Example02P_LensData_21.6_4_20,0.544411992070658,0.544411992070658,0.5443522146719298,0.6053608465369714,0.5698726285943818,0.071889496792912,0.0687073549210171,0.0673711432049124,0.0355075360041417,1.0,0.1912567797081145
US003552833_Example01P_LensData_21.6_2.8_60,0.4798585082868483,0.4798585082868483,0.4797862931652945,0.5340939968301626,0.5031637052223676,0.3230280263797012,0.2924686115676549,0.3048315892301582,0.1855221023118142,1.0,0.1161275186680533
US003560079_Example01_Tale44_LensData_21.6_1.4_50,0.5476719692368156,0.5476719692368156,0.5476096547552868,0.6060205110794787,0.5701691554429672,0.4402084955800238,0.501261455581468,0.2955073218865604,0.1064923916137263,1.0,0.0269417187861658
US003576360_Example01_Tale27_LensData_21.6_1.4_35,0.5489475642276974,0.5489475642276974,0.5488863388966705,0.6066235783605171,0.5689294888502137,0.3412371715237747,0.2552449922795435,0.3746954051417961,0.2230681163078214,1.0,0.0250861139729929
US003584935_Example01P_LensData_21.6_2.8_35,0.5689727278687409,0.5689727278687409,0.5689175581308679,0.6077831730899669,0.5699816207123471,0.06354259616923,0.0288409177695243,0.0832280666404352,0.0461161476359102,1.0,0.1154531113829474
US003589798_Example02P_LensData,0.5707038651627605,0.5707038651627605,0.5706481859628745,0.6324441666487316,0.5949886118213084,0.0481022899907613,0.045598252923117,0.049541915464639,0.0187679791147518,1.0,0.1146774901781641
US003615126_Example01P_LensData_21.6_2.8_38,0.533015119272517,0.533015119272517,0.5329530706017908,0.6073032871756264,0.5732185016467288,0.0782654443748842,0.0762130965951018,0.0605037331505177,0.0486446051119172,0.9920253141934432,0.1164961833319795
US003622227_Example01_Tale14_LensData_21.6_2.8_24,0.5193615968438761,0.5193615968438761,0.519296765572737,0.5793507625126788,0.5441858351934565,0.2215627818986028,0.2234260753327243,0.1897952154032253,0.0999802687781147,1.0,0.1149527092266323
US003649104_Example03P_LensData_21.6_2_50,0.5385046978313089,0.5385046978313089,0.5384429767010676,0.6073776403665495,0.5744895506936288,0.2315730062842252,0.2082959093808034,0.2303969167439241,0.1221948084755975,1.0,0.0635220526400325
US003663095_Example02P_LensData_21.6_5.6_15,0.5696644630888105,0.5696644630888105,0.5696096869768844,0.6082155845495684,0.5672332297207826,0.0368833575441885,0.0362735585867173,0.034160932461637,0.0170783063604247,1.0,0.2938126372965323
US003731989_Example01P_LensData_21.6_2.8_35,0.5560889301470971,0.5560889301470971,0.5560310744311141,0.6090921368817419,0.5716388790039962,0.0809211890819502,0.0782463405705595,0.0797761737736363,0.0318329256665175,1.0,0.1149940119321641
US003738736_Example03P_LensData_21.6_1.2_50,0.5546766260043768,0.5546766260043768,0.5546173634813613,0.6079318098320671,0.5705021175898883,0.5158034896561691,0.5422337515109825,0.4535605564749098,0.1362299919953168,1.0,0.013557217652372
US003740120_Example03P_LensData_21.6_2.8_28,0.5420525093761448,0.5420525093761448,0.5419925055669604,0.6047902657247886,0.5692129122242395,0.1154354710112793,0.1207850646722729,0.098645804212885,0.0401134794233708,1.0,0.1146121069509833
US003743384_Example01P_LensData_21.6_11_360,0.7728032984147283,0.7728032984147283,0.7727880960219139,0.6071958948094471,0.7497590790255443,0.0311222230669293,0.0333190818981916,0.0026183831995636,0.0234687164597289,1.0,0.6406153449658396
US003748022_Example01P_LensData_21.6_2.8_35,0.5411438363116691,0.5411438363116691,0.541083286230275,0.6053276041144926,0.5706603545417929,0.1722048036290105,0.1870195511855364,0.1421344786051828,0.0382724909128691,1.0,0.0630816716266963
US003749478_Example02P_LensData_21.63_28_100,0.5234808774225413,0.5234808774225413,0.5234195500467408,0.6066009545813041,0.5905872894760019,0.0789190177457831,0.0884473923865033,0.0533434996540434,0.0271045447564167,1.0,0.1149764782832536
US003774991_Example03P_LensData_43.45_8_800,0.6050164470993373,0.6050164470993373,0.6049685144523571,0.6062509439573041,0.7186669818035022,0.0254687838445803,0.0040115927790225,0.0137792119892799,0.0333507801432729,1.0,0.4485786385069709
US003804494_Example01P_LensData_21.63_5_200,0.5234921336131405,0.5234921336131405,0.5234291388836265,0.6080370260349608,0.6264054473259155,0.0388728077842345,0.0382107591392842,0.0258991586692808,0.0270545745989441,1.0,0.2559590527310292
US003817603_Example01P_LensData_21.6_1.7_50,0.5410992571391623,0.5410992571391623,0.5410389795924706,0.6073454425402612,0.5736017675901789,0.2938559531584149,0.3115425183370775,0.2476703568101827,0.088865419242162,1.0,0.0447569626174788
US003819253_Example01P_LensData_21.6_4.5_300,0.5399359954371596,0.5399359954371596,0.5398742589032545,0.6057776914651071,0.6442231690732407,0.0449121282304844,0.0303314938387819,0.054782455007036,0.0281386900944657,1.0,0.2236116507463251
US003827781_Example01P_LensData_21.6_5.4_600,0.5110726273598861,0.5110726273598861,0.5110079886269407,0.6067108779268506,0.7460555599391826,0.0481558926750258,0.020949399865392,0.0202746282663564,0.0603200888569529,1.0,0.3520202843126058
US003830559_Example01P_LensData_21.6_2_24,0.5322746831734588,0.5322746831734588,0.5322117137541966,0.6058761667926746,0.5730079544575676,0.2051989020398924,0.1630997525639602,0.2169037266874264,0.1303705092909882,1.0,0.06293702971071
US003838911_Example01P_LensData_21.6_3.5_135,0.483633784155023,0.483633784155023,0.4835661583159673,0.6082734665225512,0.6135743161504592,0.0870937506489819,0.098043497561278,0.027334557771733,0.0507117522462555,1.0,0.1591762360733909
US003844640_Example01P_LensData_21.6_2_35,0.562063233265372,0.562063233265372,0.5620018009155593,0.6083968445191204,0.5678642015433248,0.2210777488104251,0.2154692473358156,0.2064617885159007,0.0965975513104915,1.0,0.062288058736197
US003848972_Example01P_LensData_21.6_4.5_85,0.5543376306868474,0.5543376306868474,0.5542800177179966,0.606077057923032,0.5759750511207904,0.0807571170187334,0.0778188384940821,0.0881806662150148,0.0108790924720605,1.0,0.0640630246429908
US003850509_Example01P_LensData_21.6_3.5_16,0.5624402900329069,0.5624402900329069,0.5623807292329862,0.6054434811856566,0.5651297357701134,0.0946763556047275,0.0811327725441026,0.0958698072276034,0.0561885907148517,1.0,0.1595454931315854
US003862794_Example02P_LensData_21.6_2.1_28,0.5421690920710475,0.5421690920710475,0.542105890651544,0.6054648738223911,0.5695714068253743,0.204377556254693,0.2186439192953962,0.1688572751890307,0.0606509993356877,1.0,0.0627939084769177
US003864027_Example01P_LensData_21.6_6.4_400,0.5013042101681074,0.5013042101681074,0.5012351586544882,0.60761384609572,0.6910453229282668,0.038694025458335,0.0316051304166752,0.029698787474821,0.0332911995417152,1.0,0.3391357517269515
US003874770_Example01_Tale38_LensData_21_2.8_35,0.7557826922849337,0.7557826922849337,0.7557525451180009,0.7844669554835958,0.7315912653636193,0.1564158339203614,0.139136465968575,0.1349560151701908,0.1066484710742474,1.0,0.1124261598866023
US003874771_Example05P_LensData_21.6_1.4_50,0.5631241055525287,0.5631241055525287,0.563066565550376,0.607330510959421,0.5670811702369261,0.2547346748877273,0.2585814807288243,0.242650914127705,0.0683585114102388,1.0,0.0266440315056036
US003884556_Example03P_LensData_21.6_3.5_21,0.5627879165197589,0.5627879165197589,0.5627295579196805,0.6055823797073435,0.564929954234934,0.0647155915129936,0.0610259391215413,0.0636764182509819,0.0300465726389463,1.0,0.1595260967996663
US003884556_Example04P_LensData_21.6_2.8_24,0.5629755824464396,0.5629755824464396,0.5629170852886279,0.6049094766806269,0.5639913180155746,0.1194678853125247,0.0938606227593568,0.1281195832708147,0.0759642302170172,1.0,0.1143477403212242
US003884557_Example01P_LensData_21.63_3.5_50,0.5630928929122861,0.5630928929122861,0.563037723726587,0.6064711902103785,0.5674921312653145,0.0266607526018134,0.0303336399769389,0.0166507048262993,0.0104585073800168,1.0,0.1604017959928497
US003936153_Example01P_LensData,0.5563743820948134,0.5563743820948134,0.556315362093115,0.6088245532476368,0.5719950572990967,0.155458857963819,0.1586316458604284,0.1362884126273192,0.0611915913282649,1.0,0.1148673311661067
US003938883_Example01P_LensData_21.6_2.8_24,0.5409750380892995,0.5409750380892995,0.5409109173760595,0.6072318875292262,0.5740133790842427,0.142415883704894,0.1567984349278014,0.1106311296380067,0.0360948904608898,1.0,0.1144667932476824
US003973832_Example02P_LensData,0.5551467155753583,0.5551467155753583,0.5550861128019902,0.6216391359112916,0.5875247277544092,0.1481847059805255,0.1585747091974713,0.1207465120570311,0.0474392859231445,1.0,0.1143927256426714
US003975089_Example01P_LensData_21.63_2.8_38,0.6357481584474333,0.6357481584474333,0.6356971899661169,0.606791911491601,0.5528425140453646,0.2423880456378594,0.2329873784917615,0.1902451531078854,0.1514577984118344,1.0,0.1175467243345183
US003994576_Example01P_LensData_21.6_2.8_40,0.5755304261488574,0.5755304261488574,0.5754758147793869,0.6070238449326418,0.5536153197966435,0.0732657494140321,0.0622580917299234,0.0688864050589856,0.0499298269119226,1.0,0.1214118343274767
US003997247_Example11P_LensData_24.7_5.6_40,0.5648558999751926,0.5648558999751926,0.5648021248396684,0.6068386693817134,0.5670801258036381,0.006648019768926,0.0073886922798082,0.0062578608596633,0.00193351782644,1.0,0.2947796384929245
US004029397_Example02P_LensData_21.6_3.5_18,0.5855682653085056,0.5855682653085056,0.585505269978167,0.6084265977067221,0.5627705065451153,0.3276663389927931,0.2627576976815443,0.3228210432292014,0.2281580685152157,0.9888257492509545,0.1609284589260075
US004045128_Example01P_LensData_21.6_4.5_400,0.539274563434761,0.539274563434761,0.5392163886033374,0.6063048022655039,0.673438759439017,0.0848795792724605,0.0276061178141128,0.0036728859333917,0.1129959491681239,1.0,0.223801149733453
US004046459_Example02P_LensData_21.6_2.8_28,0.5526765006880425,0.5526765006880425,0.5526179834559566,0.606416557672061,0.5694816939735585,0.0833236192376699,0.0806985926698121,0.0819495447171941,0.0326677219816974,1.0,0.1150885385144828
US004057330_Example02P_LensData_21.6_2.8_135,0.5169343390731872,0.5169343390731872,0.5168704909173916,0.6073696415642271,0.6012123361374142,0.1131081620839343,0.126880919918412,0.0821945437906362,0.0283073846166863,1.0,0.1149577415243342
US004062630_Example05_Tale30_LensData_21.6_2_135,0.5261969147037744,0.5261969147037744,0.5261349261931308,0.6081011705432949,0.5962684253902459,0.1504758590143994,0.1613829999648647,0.0895522522236586,0.0825536499771529,1.0,0.0637199978258519
US004063802_Example01P_LensData_21.6_2_85,0.5272396144534254,0.5272396144534254,0.5271767902009076,0.5915084703201232,0.565546589548112,0.1976249054132074,0.1696768348230277,0.2172850542375803,0.0925456407866679,1.0,0.0668246690073365
US004094588_Example01P_LensData_21.8_1.4_50,0.5604249874901998,0.5604249874901998,0.5603670952268557,0.6100486794429236,0.5717686502591358,0.2885816085246817,0.3377612365465827,0.1690636041923446,0.0614395034197328,1.0,0.0270699996274633
US004099843_Example06P_LensData_21.6_1.2_50,0.5520579602058497,0.5520579602058497,0.5519984180360199,0.6070074805376604,0.570025330161624,0.3698010906773198,0.4101075288835349,0.2893546982491875,0.0648933479212184,1.0,0.0154030082635946
US004099850_Example05P_LensData_21.6_3.5_28,0.5485474869978093,0.5485474869978093,0.5484882189298392,0.6096908313539312,0.5750243075222891,0.0775812998152594,0.0804366341486802,0.0678279729452771,0.0277700797425686,1.0,0.1598181654954156
US004123144_Example08P_LensData_21.6_2_50,0.5622109265185127,0.5622109265185127,0.5621539299479176,0.618277820424682,0.581119329604593,0.1415240740297528,0.149052762987208,0.1264208366147179,0.0337392305385469,1.0,0.0643024007846475
US004124276_Example03P_LensData,0.8661374727795715,0.8661374727795715,0.866119785924364,0.9038258910555182,0.8548204200622391,0.2697582939638146,0.2403397884857147,0.2356037549961535,0.1801385658395828,1.0,0.1140831049765393
US004147410_Example01P_LensData_21.6_3.8_50,0.545697358211269,0.545697358211269,0.5456333547108753,0.6057445766629773,0.5829094921718356,0.0939931611968281,0.0769572138955733,0.1033396272898105,0.0520411633158331,0.9879240687706764,0.1864739410647096
US004154508_Example02MLP_LensData_21.6_4.5_300,0.637622166687283,0.637622166687283,0.6375817108658992,0.607975957649707,0.6190604576551317,0.0612585818052733,0.0639160590946981,0.0064318715222021,0.0479619115840203,1.0,0.2236998380992571
US004154508_Example02P_LensData_21.6_4.5_300,0.637622166687283,0.637622166687283,0.6375817108658992,0.607975957649707,0.6190604576551317,0.0612585818052733,0.0639160590946981,0.0064318715222021,0.0479619115840203,1.0,0.2236998380992571
US004170403_Example01P_LensData_21.6_2.8_35,0.5391497947722812,0.5391497947722812,0.5390872925783179,0.607507840537334,0.5738059065189178,0.1060268419122437,0.1127692802154585,0.0893446569292644,0.0322674318225703,1.0,0.1148833624542955
US004176913_Example02_Tale31_LensData_22.1_2_200,0.5679750874263472,0.5679750874263472,0.5679212706024119,0.60473438723373,0.5898909195885839,0.1327310691961358,0.1173361491714363,0.1400220657842053,0.0642703090046853,1.0,0.063997549808449
US004192577_Example01P_LensData_21.6_3.5_135,0.5428543891382388,0.5428543891382388,0.5427947224128775,0.6075013964974862,0.5963123681465841,0.0718582500166884,0.077644099459871,0.024229546678826,0.0481739433604847,1.0,0.1658140321712838
US004206971_ExampleMLP_LensData_21.6_2_200,0.5347052983941022,0.5347052983941022,0.5346455546618052,0.6058317073292934,0.6004209222619754,0.2380980764198941,0.2639057236690328,0.1331479442762986,0.1148802659072833,1.0,0.0639367225206925
US004210388_Example01P_LensData_21.6_2_21,0.5518411426862396,0.5518411426862396,0.5517808201522413,0.6068083203173706,0.5689980797292097,0.1142027573783813,0.1137142043986617,0.1086720189119742,0.0406431441388502,1.0,0.062538183474887
US004214816_Example01P_LensData_21.6_2.8_135,0.5179881203484108,0.5179881203484108,0.5179258879961738,0.6071186977329678,0.6007411033730781,0.073527013796001,0.0718010488156061,0.0345018827198301,0.0583687219411749,1.0,0.1150314793428454
US004234242_Example03_Tale60_LensData_21.6_1.8_50,0.544425152498191,0.544425152498191,0.5443655998341559,0.605890175725658,0.5708817187963121,0.2540464642711389,0.2460810405325734,0.241089598275201,0.1092326407856073,1.0,0.0515215494102623
US004241983_Example01P_LensData_21.6_4.5_500,0.6995186119306686,0.6995186119306686,0.6994870709868971,0.6208966820001203,0.6734436016083267,0.1017561229505168,0.0901512282594331,0.0016371506378891,0.100185772348149,1.0,0.2235788308824292
US004251133_Example03P_LensData_21.6_4_300,0.546523363871262,0.546523363871262,0.5464665718394107,0.6063968448972546,0.6435716220825721,0.0714140210462496,0.0444019729059744,0.0245239045156092,0.0834759737187073,1.0,0.191827230959868
US004260223_Example01P_LensData_21.6_2.8_55,0.5534653613072028,0.5534653613072028,0.5534101265881755,0.6084319596520545,0.5727985981123531,0.0456619346542449,0.0497607859593076,0.0384560644012687,0.0099427023545608,1.0,0.1153316461293141
US004266860_Example02P_LensData_21.6_3.5_35,0.5220379114166289,0.5220379114166289,0.5219745550313831,0.6037454372967981,0.5815314521389146,0.0950782766201642,0.1049751580838613,0.0756178256437294,0.0196545046741363,1.0,0.1597600253569175
US004277149_Example07P_LensData,0.5449368375748814,0.5449368375748814,0.5448761215445248,0.6072191336872313,0.57166569674262,0.2008489046511748,0.2293442300069864,0.1419998063884579,0.0296952309409448,1.0,0.0640490392525328
US004289385_Example01P_LensData_10.2_2.8_50,0.5521497552164749,0.5521497552164749,0.5520920097425689,0.6080020605802138,0.5713867838786442,0.1219587410993151,0.1212015085682542,0.1108355520035699,0.0521373327409036,1.0,0.1154958004132102
US004293197_Example01P_LensData_21.6_4_300,0.6744476753204766,0.6744476753204766,0.6744135436303725,0.6069459807641155,0.6370782702441237,0.1441707022930465,0.1273069225242329,0.0454567729182855,0.1372431862403393,1.0,0.1923618942692266
US004303312_Example01P_LensData_21.6_3.5_70,0.5417257223676814,0.5417257223676814,0.5416613141287436,0.6255582402395405,0.627709997031552,0.0733547321484525,0.077780192214605,0.0583438105949069,0.0291645571649387,1.0,0.1595031827450817
US004303314_Example01_Tale80_LensData_21.6_2.8_100,0.5353216058809669,0.5353216058809669,0.5352598108941611,0.6075550121694668,0.588002020914148,0.1174884025514294,0.1226213011443621,0.1096388171955598,0.0218669538166272,1.0,0.1149964731165984
US004303314_Example03_Tale76_LensData_21.6_2.8_135,0.4797760081726465,0.4797760081726465,0.4797037709362742,0.6059116269732193,0.6096805051190084,0.2076649672972546,0.2422984346272007,0.1351442416396014,0.0141715035353473,1.0,0.1149278836317799
US004324458_Example03P_LensData_21.6_5.6_300,0.4726294566426812,0.4726294566426812,0.4725595983092591,0.6421339874385653,0.705254991485829,0.0470484031153183,0.0251560791795822,0.0066916930700538,0.0587439814423559,1.0,0.293959575503703
US004333714_Example01P_LensData_21.6_2.8_28,0.5832396657195514,0.5832396657195514,0.5831876970176,0.6066432561578945,0.5616481847425341,0.0297024480282901,0.0051077160526323,0.0457473363132928,0.0172202201635533,1.0,0.1151463305450088
US004338001_Example02_Tale10_LensData_21.6_2.8_180,0.5697026231275196,0.5697026231275196,0.5696476715819485,0.6075043648522718,0.5942072874284879,0.0714075123930041,0.0641331033162745,0.065104190802431,0.0451836267871739,1.0,0.1148275552499262
US004392724_Example01P_LensData_21.6_2.8_105,0.5251383592511586,0.5251383592511586,0.5250799755581713,0.6058699404952004,0.5906919255974561,0.0669673656567166,0.0652285962968695,0.0284975159546731,0.0545464818967416,1.0,0.1147550632915257
US004396256_Example01P_LensData_21.6_1.4_85,0.5457228103989362,0.5457228103989362,0.5456630517657436,0.6144838410737805,0.5867538365180819,0.2897246729498268,0.3319269325374169,0.1953012218473302,0.0573520393071228,1.0,0.0257718378207708
US004435049_Example05P_LensData_21.6_2_100,0.5851927948875563,0.5851927948875563,0.5851403308808686,0.6254626040708496,0.5924322900996443,0.084614485801824,0.0240640373088354,0.0182058277066785,0.1126438159262209,0.9838761368515978,0.0657362208787833
US004437734_Example01_Tale69_LensData_21.6_4_120,0.3303002169258119,0.3303002169258119,0.3301941293025538,0.6070979567477935,0.7023914532610236,0.2713826774548058,0.3034361921182791,0.2103719247603508,0.0344077466757894,1.0,0.192330314158284
US004447137_Example02P_LensData_21.6_1.8_135,0.5559523102684945,0.5559523102684945,0.5558959296746162,0.6082260676946859,0.5886527855577844,0.0973492121570146,0.0698118405695907,0.0942950296927579,0.0795872286430562,1.0,0.0510363296472567
US004448497_Example01P_LensData_21_1.4_50,0.5584568798258079,0.5584568798258079,0.5583985765041662,0.6080927116774919,0.5697626498809268,0.2935489538953172,0.3157537866631829,0.2522532004971922,0.0542346650454129,1.0,0.0260430078238793
US004457596_Example01_Tale33_LensData_21.6_2.8_35,0.5390643486412985,0.5390643486412985,0.5389996940889286,0.6080856128349644,0.5719100226031234,0.1648842149738653,0.1523392136684595,0.1531936312007112,0.0921606544113411,1.0,0.1145091585986028
US004477153_Example01P_LensData_21.6_3.5_20,0.5438723435113634,0.5438723435113634,0.5438118821605707,0.6065159071202417,0.5732911836418836,0.1022800541566295,0.1037524494808006,0.0901781556423617,0.0419998422629003,1.0,0.1597706579179601
US004487485_Example01P_LensData_37.5_2.8_45,0.5557723237808139,0.5557723237808139,0.5557126361459553,0.6062791593984777,0.5731804751104116,0.1113280334589354,0.1310509943610699,0.0677563837385269,0.0148426894409598,1.0,0.1140645636466569
US004493536_Example01P_LensData_21.6_2.8_28,0.5839356728580256,0.5839356728580256,0.5838804221572786,0.6084692537842821,0.5626775821587324,0.1275575272298568,0.0732209685641144,0.1460901703082683,0.1016919170294913,1.0,0.1150684765024065
US004514051_Example01P_LensData_21.6_NA_NA,0.5990628833181691,0.5990628833181691,0.5990304843488442,0.6089027552161981,0.5457707576785126,0.2230689090957225,0.2044788505604006,0.1997320662900599,0.1350485517997033,0.9744910281162016,0.0933652147307079
US004514051_ExampleML01P_LensData_21.6_2.8_180,0.5689420136060408,0.5689420136060408,0.5688869282025163,0.6068928979464814,0.5936663391612972,0.0724787788422718,0.065776176548735,0.0668991401289089,0.0438783898474211,1.0,0.1148321417251376
US004514051_ExampleML02P_LensData_21.6_1.8_50,0.548999273614732,0.548999273614732,0.5489396633114797,0.606601668309923,0.5706450898335568,0.2545261313945368,0.2525959413061545,0.2365767717327868,0.0999744653262489,1.0,0.0513904348479287
US004545654_Example05P_LensData_21.6_2.8_400,0.6388345709767191,0.6388345709767191,0.63879224523198,0.6275077397015025,0.6513518481719234,0.1486576514070656,0.1085038929678184,0.0092159459600349,0.166895106733031,1.0,0.1214329040205249
US004550987_Example01P_LensData_21.6_4_200,0.5470052134444081,0.5470052134444081,0.5469434526490036,0.6147571556493384,0.6226452723439431,0.0709305988867765,0.0720776787095533,0.0293985889673684,0.0535462492959252,1.0,0.1915188195109022
US004560253_Example02P_LensData_21.6_4_70,0.5350739580434501,0.5350739580434501,0.5350080553994081,0.6076870387292467,0.5857841732536562,0.1346464907683641,0.1282631509208115,0.1265821419351782,0.0656275883764806,1.0,0.1969959930940263
US004568150_Example04P_LensData_21.6_4_65,0.5500168060747813,0.5500168060747813,0.5499551906276302,0.6057461512775064,0.5997286652846693,0.0653312943880873,0.0688311277455562,0.0621324925744068,0.0017373547452103,1.0,0.207288819077294
US004621909_Example03_Tale16_LensData_21.6_1.2_50,0.534693467749638,0.534693467749638,0.534630744373255,0.5863526721857688,0.5496758856391932,0.5682530155575101,0.6157228000771292,0.4587670402099514,0.1489986781959651,1.0,0.0135986058581075
US004666260_Example01P_LensData_21.6_4_200,0.6301075687762853,0.6301075687762853,0.6300685310678316,0.6238462860477462,0.6136954458238092,0.0923797363502564,0.0638122307260371,0.0539201229679064,0.0972445504504586,1.0,0.1920216339943924
US004673258_Example01P_LensData_21.6_4.5_100,0.5075618642079017,0.5075618642079017,0.5074925812683042,0.6075726918418235,0.5987991168643173,0.0898258356040223,0.0987241109495366,0.072188234123777,0.0196606023601091,1.0,0.2243502259342882
US004690517_Example01P_LensData_21.6_2.8_20,0.5590697320503031,0.5590697320503031,0.5590112961933483,0.607114565354554,0.5673513132700809,0.132624205608803,0.1178337589818374,0.1315521183912922,0.0738877027910395,1.0,0.1148273048564726
US004708445_Example06P_LensData_21.6_2_50,0.5396916895238173,0.5396916895238173,0.5396341140535857,0.6081342847152007,0.5751532654159248,0.1094633333554879,0.1185464397636272,0.0915777462931112,0.0245282489663752,1.0,0.0678422924314609
US004728179_ExampleMLP_LensData_21.6_1.8_50,0.5520099211132395,0.5520099211132395,0.5519513873144736,0.6056763791844467,0.5684589766833762,0.1806188072942053,0.1895995134665898,0.160783622618795,0.0466038099813309,1.0,0.055611561581827
US004732459_Example04P_LensData_21.6_2_300,0.582734724653608,0.582734724653608,0.5826816529446659,0.6066471175400115,0.6079790903226355,0.1500583163197568,0.0950584537810699,0.1664838158525309,0.1164913420526872,1.0,0.0637097866586703
US004764000_Example08P_LensData,0.5622421923345521,0.5622421923345521,0.5621870343396824,0.6078339757573644,0.5819764036311632,0.0730847694350413,0.0683876418438429,0.0815815791414225,0.0157892577119106,1.0,0.1172083755999518
US004770509_Example04P_LensData_21.6_3.3_35,0.5279331549335804,0.5279331549335804,0.5278647717779179,0.6056870466700683,0.5806989924264337,0.1848518699430099,0.1599075008901966,0.1834856625169294,0.1100799898859426,1.0,0.1464845553042799
US004770516_Example05P_LensData_21.6_2.8_100,0.5585797772436366,0.5585797772436366,0.5585240672041593,0.6082607070085408,0.5822983897286329,0.0785196919888959,0.0837686283419522,0.0249945216509816,0.0549924261780657,1.0,0.115298520907548
US004792215_Example03P_LensData_21.6_4_35,0.5514157867692772,0.5514157867692772,0.5513571496231238,0.605898633331013,0.5750741528075752,0.0681922502216812,0.062528701299056,0.0688874741498802,0.0331757541723994,1.0,0.1982542751628626
US004792219_Example03P_LensData_21.6_2_90,0.5650533564588276,0.5650533564588276,0.5649990729496971,0.6060865242018126,0.5726085162833241,0.0797803599058279,0.082541172800466,0.0676233699975213,0.0322161944728084,1.0,0.0679084329461599
US004793698_Example01P_LensData_21.6_2.8_135,0.4667510585971782,0.4667510585971782,0.4666779299913973,0.6081140330989204,0.6195757197927988,0.214721404658594,0.2540560882616283,0.0689287366269443,0.0886760705686977,1.0,0.1149819380819739
US004826301_Example04P_LensData_21.6_2.8_135,0.5621953460100009,0.5621953460100009,0.562145589600887,0.605936773538888,0.58656020842172,0.0341716564196872,0.0167114893369836,0.0156541536877255,0.0418431589906688,1.0,0.1535176066294415
US004908639_Example02_Tale32_LensData_21.6_2_135,0.543403118338191,0.543403118338191,0.5433454679352401,0.607219184420259,0.5902341268493008,0.1135203570421275,0.1066599264086416,0.0855763463936698,0.0784084266262612,1.0,0.063936759163637
US004923292_Example02P_LensData_21.6_2.8_50,0.5710466347974412,0.5710466347974412,0.5709922322656986,0.6080701361104109,0.568125953066331,0.0497657926181944,0.054819546123626,0.0420932933145314,0.0052784813576401,1.0,0.1155792180762087
US004934797_Example03P_LensData_21.6_2_24,0.5632285323378732,0.5632285323378732,0.5631692410299731,0.5203292409636363,0.459585704217387,0.6342019075417156,0.2748431070084858,0.706381951958447,0.5813928380744788,1.0,0.0634528890824179
US004986643_Example05_Tale72_LensData_21.6_2.8_105,0.5847215470933766,0.5847215470933766,0.5846699013786185,0.6186664313200377,0.5893974597862449,0.0750951685838706,0.0492607981081369,0.0162898295942842,0.0875993750075134,1.0,0.1192785309599291
US005000550_Example01P_LensData_21.6_2.8_20,0.5433223675912661,0.5433223675912661,0.5432619790582909,0.6069181989466373,0.5739873800159063,0.1518341886295929,0.1520007771566901,0.1358708246160481,0.0643757034813142,1.0,0.1148903307208949
US005161060_Example01P_LensData_21.6_1.4_35,0.5668854186984819,0.5668854186984819,0.5668268275469038,0.6087611798183007,0.5636172664437054,0.1170061264982341,0.1004869365300585,0.0813205492438934,0.0981762978064657,1.0,0.0270181987183519
US005233474_Example01P_LensData_21.6_2.8_28,0.5568361805110573,0.5568361805110573,0.556780143110479,0.6094452926383446,0.5721621029197639,0.0696933293105337,0.0743226963171012,0.061888969178759,0.014295635128731,1.0,0.1147039891341455
US005249079_Example01P_LensData_21.6_3.5_35,0.5207280323980491,0.5207280323980491,0.5206619014935293,0.6064916825722061,0.5885454531331659,0.1268127062544777,0.1252877157219725,0.1179432227876182,0.0522883479450609,1.0,0.1666641240534669
US005257137_Example01P_LensData_21.6_2.8_50,0.5591114913529925,0.5591114913529925,0.5590567100118328,0.6089424615305788,0.5760911544938685,0.0449764092985876,0.0250316164655503,0.0640702669050633,0.0205807292740055,1.0,0.113677608046302
US005325234_Example03P_LensData_21.6_2.8_200,0.5558500190542078,0.5558500190542078,0.5557829576476216,0.6052418687639931,0.619695477564746,0.2033572368497955,0.1953035530404471,0.1492859654979138,0.1355782814994027,0.9493716734909562,0.1300924745774305
US005434713_Example02_Tale53_LensData_21.6_2.8_16,0.5179752611210124,0.5179752611210124,0.5179126460841831,0.5826557564607958,0.5505740826198702,0.1214561176722417,0.1115625803733986,0.1201984395633163,0.0607926405661159,1.0,0.1150741683731082
US005490012_Example01P_LensData_21.6_2.8_20,0.5258803867426808,0.5258803867426808,0.5258176793306604,0.6063266042326911,0.578141904842907,0.130739350668218,0.1434471116293247,0.1021530682329573,0.0346716900132978,1.0,0.120533899914683
US005557473_Example03P_LensData_21.6_2.8_28,0.5671937354626057,0.5671937354626057,0.5671382570522596,0.6068354697347397,0.5661092230779858,0.0935088971163417,0.0728877644069919,0.1030799600677221,0.0573535501902368,1.0,0.1185319309671355
US005579169_Example01P_LensData_21.6_2.8_13,0.552273676171359,0.552273676171359,0.5522171436757157,0.6066911881552182,0.5702896595181011,0.0313877369284371,0.0297373319158881,0.0356626229546138,0.0047795373003552,1.0,0.1194892828548273
US005640277_Example01_Tale41_LensData_21.6_1.4_85,0.5389680822059939,0.5389680822059939,0.5389085935389097,0.6065894384991393,0.5779979960180772,0.348334383381816,0.382464679274847,0.2861462733847258,0.0471055242617591,1.0,0.0273350869017963
US005710669_Example11P_LensData_21.6_2.8_17,0.5514935437576473,0.5514935437576473,0.5514350975499164,0.6031151399297255,0.5669383209335055,0.1216308590051319,0.119719617625876,0.1129494161292851,0.0517218534229196,1.0,0.1216023043526321
US005751485_Example01P_LensData_21.6_2.8_60,0.4791753273834895,0.4791753273834895,0.4790931522505427,0.6062710402233815,0.6257088483225809,0.1209894951978305,0.1218064834699568,0.1126684391006097,0.0428147849963241,0.9961460012336372,0.2637134448459561
US00583336-2-scaled_LensData_22.5_4.5_50,0.0671308222844798,0.0671308222844798,0.0670024830040777,0.3702074297037969,0.4145609284045172,0.1675331673492929,0.182505313317127,0.0797798319478682,0.0978834536396892,1.0,0.2278879861831671
US005899585_Example01P_LensData_21.6_3.5_28,0.5364761844022835,0.5364761844022835,0.53641325868275,0.6145966032630915,0.5890850993513673,0.0917757645450856,0.0915381721213795,0.085675544734288,0.0353578421457902,1.0,0.1568114775473411
US006115188_Example01P_LensData_21.6_2.8_300,0.6421974200213405,0.6421974200213405,0.6421557995770042,0.607543307650342,0.6117436073306365,0.1195536040365218,0.1031059232830218,0.0153044557179228,0.1198729674243917,1.0,0.1213847307629122
US006115188_Example22P_LensData_21.6_4_600,0.7249412113424037,0.7249412113424037,0.7249160103295454,0.6003620094577077,0.6674854952860239,0.1538369239047336,0.1538064590049793,0.0036003252387603,0.129818703007675,0.9798949524730944,0.2016864793031489
US006115188_Example24P_LensData_21.6_4_500,0.7246351788086827,0.7246351788086827,0.7246097498672316,0.6070093018848642,0.6470035549849141,0.138475351581883,0.1431100632084624,0.0087589919170813,0.1099233237623247,1.0,0.1984651858438534
US006359739_Example05P_LensData_21.6_4_200,0.6194364167427886,0.6194364167427886,0.6193921298553678,0.6086983420793186,0.595133756754449,0.0346511150565555,0.0261830295610907,0.0131330456975602,0.0371676869688766,1.0,0.1917754239435992
US006560042_Example03P_LensData_21.6_1.8_31,0.5620234810579098,0.5620234810579098,0.5619688455972098,0.6081277836400859,0.5675447242651415,0.1386893977523317,0.1501652887575448,0.0191003222098073,0.0978187311617272,1.0,0.0505263270395004
US007161746_Example09P_LensData_14.2_2.8_10.5,0.563495380131396,0.563495380131396,0.5634394983213713,0.6071225748706836,0.5679082940632378,0.067811649517261,0.053110190303562,0.0775269682800042,0.0380591621596813,1.0,0.1200754783583716
US007218457_Example03P_LensData_21.6_2.8_105,0.6154823227018885,0.6154823227018885,0.6154382020814376,0.638726256273446,0.6025769840656028,0.1200523995141981,0.0617980634418426,0.0989680525815541,0.1276608388048325,0.999933222270578,0.1203163873965371
US007408719_Example01P_LensData_11.4_2_150,0.5851488949679305,0.5851488949679305,0.5850995224215735,0.6124757424439851,0.5837576625303608,0.1186216350708317,0.0547415312586847,0.0496564843410818,0.1465498651994282,1.0,0.0635278177966231
US007411746_Example01P_LensData_14.2_3.2_21,0.56125975745308,0.56125975745308,0.5612053408656817,0.607221180024384,0.5665723155214522,0.0285612952993022,0.0320016257008176,0.0236145025647324,0.0026085052186642,1.0,0.1470163604639729
US007542219_Example01P_LensData_15.3_2.4_70,0.5535398047059471,0.5535398047059471,0.5534816853215483,0.6063210248600973,0.5740991598039931,0.1094429837030685,0.1203552552063594,0.0916225162746024,0.0093304102034035,1.0,0.0959811789623084
US007656591_Example01P_LensData_29.3_2.8_45,0.5459748570781102,0.5459748570781102,0.5459157176176825,0.606731219350043,0.5762993934798752,0.1024922342017471,0.1043176352138062,0.0961891684969242,0.031156170974278,1.0,0.1206832565561861
US007706085_Example01P_LensData_11.2_2.8_25,0.5550420302857746,0.5550420302857746,0.5549869809217085,0.606671042101449,0.5665937998885938,0.0423246258355852,0.0478829915416049,0.0066254065541405,0.0264114600712367,1.0,0.1221988209521913
US007715116_Example07P_LensData_21.6_4_300,0.6478187460807836,0.6478187460807836,0.647775603359121,0.6078059941292748,0.615412583001432,0.0475601748857422,0.023494871827768,0.0224784577756793,0.0577424121522372,1.0,0.1978809018805769
US007715118_Example01P_LensData_14.2_2.8_35,0.5626283460448136,0.5626283460448136,0.5625743767644237,0.6098784644631369,0.5709647244193756,0.0252778762611117,0.0174108569139474,0.0014791970558666,0.0295878381995522,1.0,0.11989523782187
US007864451_Example01P_LensData_21.6_2.8_100,0.5741760875062778,0.5741760875062778,0.5741238132358559,0.5992042943711768,0.564297018721341,0.036720864510098,0.035840283880689,0.0327059429609588,0.0192107851997871,1.0,0.1248925109760886
US007898744_Example02P_LensData_21.6_2.8_60,0.568082717956423,0.568082717956423,0.5680299959781235,0.6291452653906122,0.6085276860320655,0.0547691970442954,0.0074854075553219,0.0282055500010414,0.071632052680655,1.0,0.1461442583865012
US008203795_Example05P_LensData_14.8_2.8_60,0.5803584655773679,0.5803584655773679,0.5803066909894438,0.6513397095820919,0.6279626839465519,0.0858612386669896,0.0111443936586321,0.06353106731184,0.1057383219457906,1.0,0.1382619274310914
US008755132_Example01P_LensData_11.45_2.8_17,0.5478832304678593,0.5478832304678593,0.5478283365270243,0.6092730987553676,0.5682710331764319,0.0345501232701727,0.0253414499927114,0.0191190850319729,0.0359469755455597,1.0,0.1217132958313154
US008767319_Example01P_LensData_21.6_1.4_85,0.5463131692613138,0.5463131692613138,0.5462558973287908,0.6068486477174502,0.5763224936730478,0.1957525596644019,0.2119154353843926,0.0770342591844992,0.1246005694264115,1.0,0.0289833720425326
US008854747_Example01P_LensData_13.6_2_22,0.565878201178611,0.565878201178611,0.5658246263847523,0.6062677000364679,0.5590904243405598,0.059089910620126,0.0675413028691556,0.0435181577171742,0.0060931441173829,1.0,0.0671455573788813
US008970966_Example02P_LensData_21.6_2.8_40,0.5452908210924104,0.5452908210924104,0.5452356924460153,0.6016934523923001,0.5638827176299445,0.0814199093677634,0.0883215166457996,0.067023228899711,0.0208039103569859,1.0,0.1155683839789718
US009063253_Example01P_LensData_21.6_2.8_90,0.5382158884336381,0.5382158884336381,0.5381574440431195,0.6074062449710098,0.6038392898255993,0.1360487848380904,0.0751344103199811,0.1014952538358851,0.1467627065709663,0.9813240019204936,0.1458183987888285
US010048474_Example01P_LensData_11.15_2.8_60,0.481367462739787,0.481367462739787,0.4813011352872303,0.6052666532660048,0.6186533074950188,0.0681630210937856,0.0350176538311723,0.0336642173219096,0.0814743622676391,1.0,0.199846246205165
US010107992_Example04P_LensData_10.8_4_300,0.645365967808995,0.645365967808995,0.6453266027721445,0.6078356880758257,0.6124550457807131,0.0707250459790524,0.069984549001355,0.0018763531337371,0.0610762560710996,0.9998088442212026,0.1970173192876856
US010168507_Example04P_LensData_14.2_2_50,0.5795976631480708,0.5795976631480708,0.5795375901816523,0.6075407854941102,0.5609473923591072,0.0421978432401401,0.0071964071946965,0.0198982030241903,0.0555661890046977,1.0,0.0682473435392076
US010191254_Example10P_LensData_21.63_2_28,0.5794204049281046,0.5794204049281046,0.5793664519595391,0.611148437559822,0.567780539028164,0.0733071664593828,0.0806368109877547,0.0395666947394197,0.0389413085046874,1.0,0.0672694166382174
US010571651_Example01P_LensData_33.63_2.8_50,0.5726582814179386,0.5726582814179386,0.5726061352251165,0.6056680762990703,0.5722277454680873,0.0326143041961576,0.0137294353549749,0.0113753406173958,0.0416757587374957,1.0,0.120524000212529
US01786916-1_LensData_20.8_1.5_59,0.5535705632171205,0.5535705632171205,0.5535124429716544,0.6570563827647489,0.6307059698443219,0.5437669220334735,0.6307895211314807,0.1294952429035198,0.2778541730913778,1.0,0.0312687924867306
US01998704-1_LensData_9.1_3.3_25,0.5670479864252825,0.5670479864252825,0.5669942661084696,0.6263436628193491,0.5845328287343995,0.0344609252135988,0.0389840895194095,0.0081057460279074,0.0211501155939349,1.0,0.1503909435741406
US02012822-1_LensData_8.12_2.2_25,0.5846698858362605,0.5846698858362605,0.5846196620847296,0.620790117748206,0.572128397453751,0.0180705914903056,0.0083911352929572,0.0130444850883092,0.021056220616563,1.0,0.0790461963707606
US02019985-1_LensData_0.359_2_1,0.5387630642792877,0.5387630642792877,0.5387054188962977,0.6080880105219668,0.5696191531853372,0.048612008795467,0.0572548734881176,0.0007668388600081,0.0255235924071983,1.0,0.1450029222748184
US02029806-1_LensData_6.23_2.4_25,0.5819996911378928,0.5819996911378928,0.5819489590482905,0.6205700517391801,0.5722572849361538,0.0212999578323233,0.0194244382076692,0.0111626469226942,0.018826865648738,1.0,0.0945897425405652
US02031792-2_LensData_25_12.5_25,0.5695466984938949,0.5695466984938949,0.5694939415632211,0.615162323473091,0.5718651882505783,0.000976198756358,0.0013815275644744,0.0002092474690136,0.0009935312836448,1.0,0.7355865894151968
US02076190-1_LensData_3.51_2.7_25,0.5728002553618214,0.5728002553618214,0.5727483318529516,0.6138042623999161,0.5661565696027331,0.0151611539940363,0.0150945454612636,0.0038051369085103,0.0131915026883448,1.0,0.1175938410538999
US02105799-1_LensData_11.13_4.9_25,0.6115623364710819,0.6115623364710819,0.6115151623968521,0.6465888230854561,0.5969523140484044,0.0123850236962468,0.011260729806916,0.0101826443140882,0.009373627417352,1.0,0.2306122791728221
US02106077-1_LensData_10.1_4.5_25,0.5742782409292658,0.5742782409292658,0.5742270609399701,0.6043298080391429,0.5560658989346222,0.0028958226423202,0.0022383526932132,0.000972138987971,0.0036121383895576,1.0,0.2436056840535402
US02116264-1_LensData_27.77_10_25,0.5640260602237948,0.5640260602237948,0.5639721523871933,0.6173402567425218,0.5757374266214366,0.0029279132763171,0.0036430686072085,0.0004154466304075,0.0021199756949305,1.0,0.5764257616999394
US02117252-1_LensData_10.1_3.4_25,0.599251001821341,0.599251001821341,0.5992033831124667,0.6187679361341136,0.565994902617912,0.0122083342105385,0.0148271949965901,0.0055848676984078,0.0043733806005155,1.0,0.1574105713673253
US02124301-1_LensData_9.1_4.9_25,0.5909739246967913,0.5909739246967913,0.5909237788402709,0.6386970674513879,0.592992648955522,0.0110556737086758,0.0113333203118215,0.0065729970596116,0.0080721369081358,1.0,0.2570634832905119
US02124356-1_LensData_11.13_3_25,0.594151955242809,0.594151955242809,0.5941032379988137,0.6226379362484993,0.5721726036933933,0.0108074254939273,0.008683616852587,0.008743222660207,0.0097513400728364,1.0,0.128625370475436
US02126126-1_LensData_567.13_16.7_100,0.5820972691134746,0.5820972691134746,0.5820352620741702,0.7991418335061145,0.8161594925071272,0.0116624834370454,0.013835182115141,0.0038108036441845,0.0061095826881243,1.0,1.0
US02130760-1_LensData_0.359_2.2_1,0.5694596516549801,0.5694596516549801,0.5694076482426419,0.6056049429850575,0.558306696186483,0.0034433383459468,0.0016083888304137,0.0006619889614829,0.0048548089736131,1.0,0.2159855333655384
US02158179-1_LensData_6.23_4_25,0.5574524010535531,0.5574524010535531,0.5573978291960285,0.6134694045653611,0.5731350078949993,0.0182557833529038,0.0201287488844082,0.0015764405665538,0.0131255752946378,1.0,0.2036699496709157
US02158201-1_LensData_8.12_5.6_25,0.5800019121550817,0.5800019121550817,0.5799512013609162,0.6151204312269537,0.5657860735187153,0.0025454390413066,0.0022957354570025,0.001702526820136,0.002749589389918,1.0,0.2730931591897756
US02158202-1_LensData_4.86_2.2_25,0.5811967148675767,0.5811967148675767,0.5811460981586328,0.6161856133675037,0.5662655279121304,0.0130730679793198,0.0070995676559548,0.0084284348841824,0.0152496323596052,0.964925903286527,0.0788106555239544
US02158507-1_LensData_4.23_12_24,0.5722525221406649,0.5722525221406649,0.5722004761808633,0.614394349588563,0.5699769059538398,0.000712404282121,0.0010242130163681,0.0002846939335539,0.0008824020398605,1.0,0.6946931855726957
US02164028-1_LensData_5.31_4_25,0.5371848097304194,0.5371848097304194,0.5371267283199116,0.6117399862377997,0.5747729721117872,0.0361586993808415,0.0429126419625724,0.0012131150668377,0.018441513737174,1.0,0.192448096796002
US02165328-1_LensData_12_3.8_62,0.5330566352086027,0.5330566352086027,0.5329940036771442,0.6069011223689765,0.5773789857228373,0.0824499547262329,0.0806560613981793,0.0762220780330523,0.0374014261824831,1.0,0.1791454682143832
US02170428-1_LensData_9.1_2.7_25,0.5802749795761274,0.5802749795761274,0.5802237296926293,0.625075707069515,0.5791582194608602,0.0247478112217986,0.0232955095570103,0.011227862575127,0.0214880010456119,1.0,0.1120207362422538
US02171274-1_LensData_4.41_6.6_25,0.5590946458815441,0.5590946458815441,0.5590406846196609,0.6088103366558635,0.5664076365005574,0.0047644455964101,0.0053492673932106,0.0001590128266453,0.0039161381807604,0.9845344046590327,0.3602944504871374
US02171274-2_LensData_5.31_10_25,0.62952636507831,0.62952636507831,0.6294846912472166,0.6094397561209791,0.549370565489376,0.0065206433856162,0.0087127343451424,0.000119585308388,0.001043961655753,1.0,0.5692213313236714
US02171640-1_LensData_9.1_3.1_25,0.5609561892488111,0.5609561892488111,0.5609021022457289,0.6149201328222175,0.5719667036456031,0.0324591355331008,0.0369544712041535,0.0039688559370865,0.0201753775661905,1.0,0.1353163538071713
US02171641-1_LensData_9.6_3.2_25,0.5819900884428783,0.5819900884428783,0.5819393426483515,0.6192742794799303,0.5719824215562984,0.0146296181563091,0.0135962002388869,0.0062572278249098,0.0133388083766128,1.0,0.1414961253139842
US02186621-2_LensData_11.13_3_25,0.5542557139538341,0.5542557139538341,0.5542004268779369,0.6154985785141341,0.5747671833025686,0.0403040370500277,0.0461895306092157,0.0036357613366292,0.0242691604916329,1.0,0.1334071220448228
US02186622-1_LensData_14.43_4.9_25,0.5597083108806294,0.5597083108806294,0.5596525851814814,0.6388050815334899,0.603277972594607,0.0299496458354957,0.0350838707545953,0.0070951820435517,0.0156870230929773,1.0,0.2501581753767963
US02187780-1_LensData_5.31_2.5_25,0.5963117946475548,0.5963117946475548,0.5962636483699755,0.6195884294160682,0.56705768473784,0.0233918330612347,0.0281137143983157,0.0095559836688292,0.0085191366414991,1.0,0.0948154203281619
US02194413-1_LensData_8.12_3.3_25,0.56425344148421,0.56425344148421,0.564200172599064,0.6104476376701364,0.5656175143359506,0.0191852379482607,0.0209546538310351,0.0014269030009969,0.0141136025953638,1.0,0.1485242725917493
US02250337-1_LensData_11.13_3.1_25,0.5807777792488455,0.5807777792488455,0.5807263602172745,0.6182118775723181,0.5706048079025098,0.0150050488505021,0.0145136393909368,0.0058309621191737,0.013118677941736,1.0,0.1380248720092486
US02252681-1_LensData_8.12_3.5_25,0.5810953668444334,0.5810953668444334,0.5810446940734001,0.6104223095999713,0.5613060546060347,0.0047288275526146,0.0012228767532345,0.0009341934623455,0.0068007676679408,1.0,0.1699468005518427
US02252682-1_LensData_8.12_3.4_25,0.5703146284207083,0.5703146284207083,0.5702620334079737,0.617263273942184,0.572098476032687,0.020108513139591,0.0224159578059955,0.0046237389201619,0.0134797988622828,1.0,0.1580537283279885
US02254511-1_LensData_12.74_3_25,0.5654705846298884,0.5654705846298884,0.5654165239340475,0.6280627782458416,0.5868751142785487,0.0531614104481898,0.0613983373137744,0.012714411860585,0.0290294008181273,1.0,0.1258254342341594
US02259004-1_LensData_10.1_3.1_25,0.554256270553052,0.554256270553052,0.5542009276714422,0.6166440199893171,0.5752049886134978,0.0455315861416533,0.0536720978146887,0.0054086723236991,0.0234724602728454,1.0,0.1338474358794276
US02270234-1_LensData_8.12_4.5_25,0.5701626861496888,0.5701626861496888,0.5701098744832899,0.6198438664289504,0.5774390682984489,0.0128242774717401,0.013742613906671,0.0028565193741826,0.0099210048455634,1.0,0.2320493604890122
US02288502-1_LensData_11.66_6.3_25,0.5747857860566827,0.5747857860566827,0.5747333297876636,0.6268244212787426,0.5831814499706955,0.0077374712563708,0.0088824754208958,0.0024287225973416,0.0051392123220079,1.0,0.3396500171305764
US02297452-1_LensData_5.31_2.4_25,0.5820695901407912,0.5820695901407912,0.5820191062427599,0.6179471835150053,0.5694899633816884,0.0160303924389831,0.0104241739639515,0.0092653473762252,0.0178661362331878,0.9955441261922782,0.0911313081592233
US02298090-1_LensData_9.6_4.7_25,0.5714615341014815,0.5714615341014815,0.571408519390414,0.6263801650751883,0.5843331989186623,0.0146620520525541,0.0164386987196232,0.0038694322564808,0.0097991152077683,1.0,0.2507708148719054
US02310502-1_LensData_8.12_3.2_25,0.5710386642500636,0.5710386642500636,0.570986418402492,0.6139013370547637,0.5674136696814596,0.0161897832390831,0.0173540341243163,0.0034961142466795,0.0123119963272745,1.0,0.1431995336574605
US02325275-1_LensData_22.51_8.9_25,0.5609913337928731,0.5609913337928731,0.5609355606868558,0.6363280234970174,0.5995345007217711,0.0091195579685823,0.0110487666630134,0.0018004613069796,0.0048403061203237,1.0,0.4909866234931352
US02336207-1_LensData_8.12_2.9_25,0.5356316052515129,0.5356316052515129,0.5355732222218772,0.613179968231041,0.5771559813336469,0.0627429124762432,0.0741499122468503,0.0029281536710876,0.0318010752757101,1.0,0.1367666387976717
US02336300-1_LensData_14.43_4.9_25,0.5762715717760678,0.5762715717760678,0.5762194620778971,0.6250954513555187,0.5806226521206747,0.0108073184024859,0.0119990096448481,0.0034370614324106,0.0075441242359371,1.0,0.2593225941006081
US02338614-1_LensData_13.29_8.3_25,0.5623861970504768,0.5623861970504768,0.5623318277177172,0.6238023792907654,0.5831446349546395,0.0058742571036372,0.0071585886163722,0.0012602770422671,0.0034341813595963,1.0,0.4655393078025653
US02343385-1_LensData_9.6_5.4_25,0.5746118476366543,0.5746118476366543,0.5745596122848918,0.6173106573295628,0.573007730929844,0.0066769803707285,0.0068167999897408,0.0013884186092458,0.00603359284898,1.0,0.2922731633792856
US02343629-1_LensData_13.29_6.3_25,0.5653611387479702,0.5653611387479702,0.5653075889238453,0.6183655913985271,0.575170906503271,0.0072368397301087,0.008483442507089,0.001351259890204,0.0047413149360132,1.0,0.3391503478331499
US02346062-1_LensData_9.6_10_25,0.5004009125168595,0.5004009125168595,0.500335834453972,0.6223560490517162,0.5977318362489545,0.0117580409024092,0.0146438123951075,0.0008533801615146,0.0049141777446649,1.0,0.584992698893322
US02348667-1_LensData_10.1_3.9_25,0.5578104670749691,0.5578104670749691,0.5577557467025271,0.6173286445512051,0.57596984571893,0.0228377624499739,0.0263712754679011,0.003060964783363,0.0136761531956821,1.0,0.1912302257877164
US02350035-1_LensData_9.1_2.8_25,0.5732429861793348,0.5732429861793348,0.5731911649155718,0.6098065808047461,0.5627953080636732,0.0122821919877581,0.0093103764696099,0.0017096998107119,0.0139580574495402,1.0,0.1204201968581118
US02363712-1_LensData_9.6_4.7_25,0.5529463185633056,0.5529463185633056,0.5528905599259603,0.6202414718804631,0.5808304082867987,0.0211249556064534,0.0249024043195165,0.0029116595373508,0.0115245744110034,1.0,0.2390596382242096
US02379392-1_LensData_13.29_3_25,0.5666168405567628,0.5666168405567628,0.5665643686585567,0.6035789579694512,0.5570823817571873,0.0087011388330258,0.0046480003759229,0.0031026743952303,0.0110411992189828,1.0,0.1444123418322571
US02380207-1_LensData_8.12_10_25,0.5697298662139256,0.5697298662139256,0.5696768429977421,0.6219424592302615,0.5798677570870583,0.0024655006348261,0.0030757924259207,0.0006773080923153,0.0018657146451726,1.0,0.5962992458271319
US02382669-1_LensData_5.31_10_25,0.5731392611592525,0.5731392611592525,0.5730874226293445,0.6123148446950158,0.5672036947232705,0.0010279494422476,0.0012241269493623,0.0002857936015559,0.0012855009613836,1.0,0.5721484307964404
US02391209-1(1)_LensData_14.43_4.3_25,0.3982156267466139,0.3982156267466139,0.3981320208143757,0.6318054712324669,0.639313438509088,0.1766186229597577,0.2142515508214796,0.008637471623305,0.0693965991242986,1.0,0.1947097970408379
US02391209-1_LensData_29_2_49.7,0.5433199902061827,0.5433199902061827,0.5432566438605045,0.6068995783203088,0.5712875082314085,0.3979948494027168,0.3908335209135244,0.3525885442087088,0.1903261690793192,1.0,0.0651793641594139
US02397714-2_LensData_9.6_5.4_25,0.6192859641703732,0.6192859641703732,0.6192426604635562,0.605025211636291,0.548174020188577,0.0159069330960354,0.0205772676546501,0.0007519817093861,0.0016293987169889,1.0,0.3386294378422679
US02416443-1_LensData_9.6_4.7_25,0.5768986801600291,0.5768986801600291,0.5768475033308592,0.6140748194305983,0.5680817219592295,0.0036763116754765,0.0012478904838578,0.0012710747495153,0.0052522354045248,1.0,0.2464657391523143
US02417736-1_LensData_9.6_10_25,0.5614800663324984,0.5614800663324984,0.5614262175881785,0.6132052912594146,0.569851032742788,0.0022558865690022,0.0029682049075971,0.0003174561963202,0.0015486134936909,1.0,0.5687400873201365
US02418001-1_LensData_13.29_5_25,0.5185582114692533,0.5185582114692533,0.518496940112861,0.6106299809946515,0.5808008372454411,0.0252292305434622,0.0299733223315586,0.0004067441197394,0.0132027918914455,1.0,0.2938780571666575
US02430548-1_LensData_14.43_7.6_25,0.5830558839549164,0.5830558839549164,0.5830055087285592,0.6173357922360884,0.5704971413039446,0.0013364547072227,0.0009121053919594,0.0008931983133983,0.0019443024992774,1.0,0.4318821526264135
US02432387-1_LensData_9.6_3.3_25,0.5733448077387724,0.5733448077387724,0.5732924505961384,0.6215765121333392,0.5769492832918839,0.0236861613561201,0.0258882165074523,0.006494109562617,0.0164244044522041,1.0,0.1495613167764224
US02437505-1_LensData_4.86_6.6_25,0.5729679815290726,0.5729679815290726,0.5729160491507475,0.6161991512080873,0.5719918161471064,0.0030495234690665,0.0029237677954608,0.0010096903347984,0.0032812307087545,1.0,0.3699107744303091
US02441093-2_LensData_5.31_10.4_25,0.58798553340411,0.58798553340411,0.5879354574224586,0.6099294744742128,0.5590847478540221,0.0008325219163868,0.0015470416956175,0.0001254511276204,0.000212089810983,1.0,0.5542837128829874
US02443156-1_LensData_6.7_8.3_25,0.577467923573276,0.577467923573276,0.5774172409616478,0.6064191270950888,0.5583051949184102,0.0005135261333038,0.0005246753388712,2.5743168544808143e-05,0.0010063413882601,1.0,0.4651940274443439
US02452909-1_LensData_3.96_10_25,0.5806242739199106,0.5806242739199106,0.5805740561012954,0.6077208136909598,0.5609206131790158,0.0004806466683061,0.0006227181945027,3.298351738639984e-05,0.0008749381509189,1.0,0.566473904421765
US02458636-1_LensData_5.77_7.6_25,0.5679353612245668,0.5679353612245668,0.5678823690405573,0.6170015457187611,0.5735037168748679,0.0043992507933338,0.0051665072715367,0.0009444919650785,0.0032261485495676,1.0,0.4076915128222823
US02466424-1_LensData_14.43_5.2_25,0.5700641021035542,0.5700641021035542,0.5700117084745131,0.6129873210601211,0.5677296825593389,0.0064149481203389,0.0069331668921347,0.0011003733941383,0.0053386227188625,1.0,0.2746381967274185
US02466424-2_LensData_14.43_4.7_25,0.573913967700951,0.573913967700951,0.5738619952855533,0.613573429329885,0.5673720382017822,0.0062554502287974,0.0061684701049749,0.0014105759334849,0.005970413746242,1.0,0.2413308595274403
US02475938-1_LensData_14.43_8.3_25,0.556033187938672,0.556033187938672,0.5559787438390753,0.6062256785944216,0.5632911109953734,0.0032461670524232,0.0040036228929967,6.544654548888354e-05,0.0023390882242064,1.0,0.471487367650265
US02487749-1_LensData_9.1_3.3_25,0.577683193560751,0.577683193560751,0.5776324548354136,0.6080374378863095,0.5598259671821066,0.0067771401477528,0.0058836592853125,0.0006553751109842,0.0073425365969463,1.0,0.1529692999304394
US02499264-2_LensData_11.13_3.8_25,0.5810014657617326,0.5810014657617326,0.5809503146846632,0.6229986984930179,0.5771985846001022,0.0146100967536551,0.0149835422418779,0.0056000985323031,0.0116452825995773,1.0,0.181459231976099
US02502508-1_LensData_8.12_5_25,0.5876629115743127,0.5876629115743127,0.5876132414461365,0.6314528826774156,0.5862293957732696,0.0107099984854205,0.0110392561623192,0.0051330064056439,0.0082990149614408,1.0,0.2523427971880204
US02518719-1_LensData_20.98_10_25,0.5692983186158448,0.5692983186158448,0.5692457983813112,0.61177346688493,0.5667074427802558,0.0015024675179983,0.0019530617769593,0.0002600373739273,0.0013667969425992,1.0,0.5684037050902545
US02528212-1_LensData_9.6_3.3_25,0.5425801565073939,0.5425801565073939,0.5425224153620155,0.6101891267399577,0.5719375919537173,0.0449564743406863,0.0524991211009426,0.0016210705137558,0.0248248631204679,1.0,0.1432772716640721
US02532751-1_LensData_0.359_2.2_1,0.5952773887696529,0.5952773887696529,0.595228836233536,0.6203006754330607,0.5691990892698199,0.0083933914108896,0.0077805005544798,0.0056037554878821,0.0071960989895499,1.0,0.1506760378961331
US02532752-1_LensData_11.13_3.6_25,0.6182061112288547,0.6182061112288547,0.618161816086885,0.6172696379435906,0.5594469644711625,0.0329193473315426,0.0417669566122063,0.0033168182868034,0.005320338776786,1.0,0.1672360104872106
US02541484-1_LensData_6.7_2.5_25,0.5735132279083957,0.5735132279083957,0.573461840699527,0.6072046744592386,0.5581389799826454,0.0078299031326957,0.0015505819923844,0.0001542158767342,0.0111060823523775,1.0,0.0958364515461185
US02548569-1(1)_LensData_11_2_25,0.5396498048504532,0.5396498048504532,0.5395925594507888,0.6085046515726561,0.575705831536543,0.0427043641121204,0.0456204091813328,0.0007282527661388,0.0321711685314043,1.0,0.1473026517888169
US02559875-1_LensData_14.43_6.3_25,0.3491326544274535,0.3491326544274535,0.3490463804664134,0.5207454440086831,0.5188210482869059,0.0345071351705903,0.0400836935764277,0.0103147324328737,0.0180368958095093,1.0,0.4016323271384364
US02562012-1_LensData_14.43_6.3_25,0.5605018719297261,0.5605018719297261,0.5604474193994204,0.6192323979476001,0.5775910093126121,0.0131743878756509,0.0152739175605743,0.0019666012448022,0.0081957648738148,1.0,0.2667597254954889
US02574995-1_LensData_14.43_3.7_25,0.451535072114357,0.451535072114357,0.4514632060412002,0.5904522773788268,0.5738273805479023,0.0857789639581793,0.1024322171016123,0.0075943065707168,0.039572948804779,1.0,0.1928481522489912
US02576436-1_LensData_5.77_8.9_25,0.590054124693836,0.590054124693836,0.5900056135458044,0.6060729353130894,0.5552625252083391,0.0018075861870277,0.0028039608380745,7.078324781847795e-05,0.000221226772821,1.0,0.5252190118252889
US02586866-8_LensData_3.96_2.2_25,0.5478497009930758,0.5478497009930758,0.5477937468360721,0.6086160912370164,0.5671054143332236,0.0669204345414011,0.0778378071303645,0.0010475833475655,0.0371436807149534,1.0,0.0867343563636274
US02594020-1_LensData_9.6_4.2_25,0.5987203194000752,0.5987203194000752,0.5986733805347387,0.6076588680339732,0.5600207850047768,0.0216187622179365,0.0275411144312434,0.0012503131151301,0.0042935544359971,0.8589289069560417,0.2058538569447235
US02600207-3_LensData_9.6_2.7_25,0.5833679358335965,0.5833679358335965,0.5833172239579614,0.6199412747873774,0.5720830467521646,0.0188065386865618,0.0162781356677001,0.0070567202522714,0.018555364285425,1.0,0.1115810880878062
US02600208-1_LensData_9.6_4.7_25,0.5700852458872335,0.5700852458872335,0.5700329646354378,0.6125600456105674,0.5672750752282554,0.0062872399814147,0.0061209205106763,0.0011718241176119,0.0061159343540901,1.0,0.2380658082853361
US02600610-1_LensData_9.6_2.8_25,0.5756961215440667,0.5756961215440667,0.5756443543102404,0.6202475009178424,0.5752569786472906,0.0212824301533136,0.0200410672546466,0.0071714802356357,0.0192921788378444,1.0,0.1220586861183701
US02601367-1_LensData_6.7_4.2_25,0.560643297037281,0.560643297037281,0.5605897487957664,0.6080170217815795,0.5635706449870108,0.0099260024354104,0.0108119492111437,0.0003626776332928,0.0077864169072398,1.0,0.2020062561720459
US02601369-1_LensData_0.26_2.8_1,0.5749374935002777,0.5749374935002777,0.5748861218861514,0.606905480997787,0.5538129305982183,0.0049391806633117,0.0040145267211087,0.0056336144764534,0.0036616177356578,1.0,0.1141086512159655
US02601592-1_LensData_14.43_6.6_25,0.4975647134602579,0.4975647134602579,0.4974994487389321,0.6135797123475145,0.5888344297740716,0.0270128031836477,0.0327927568922405,0.000714675090205,0.0120134127902936,1.0,0.3602570075050857
US02601593-1_LensData_14.43_6.6_25,0.5914575038418446,0.5914575038418446,0.5914080317961173,0.6229209121571491,0.5747887453455941,0.0025922699008045,0.0020212499557087,0.0017286484220413,0.0030652799325473,1.0,0.3573792111140493
US02601594-1_LensData_14.43_5.8_25,0.5841280252414408,0.5841280252414408,0.5840776260990282,0.6166013831335875,0.568616944843193,0.002888450421919,0.0021133963341576,0.0011657928939541,0.0036539353372766,1.0,0.309380099094736
US02601805-1(1)_LensData_9.1_2.8_25,0.4796730179101092,0.4796730179101092,0.4796052737826448,0.6053948893438615,0.5831513128453782,0.1567806511691429,0.1885257461866717,0.0013217409057731,0.067799735569335,1.0,0.1198360838952427
US02601805-1_LensData_21_2_200,0.3189896434002721,0.3189896434002721,0.3188950515390277,0.5369202298136827,0.5767651808294577,0.733309420011928,0.8838461321567059,0.206205893578264,0.2535138732008294,1.0,0.0644530643578354
US02604013-1_LensData_2.63_1.7_25,0.5525317324918796,0.5525317324918796,0.5524765038557218,0.6097220009698516,0.5662676254404054,0.1273102257490217,0.1499300364405124,0.0050923942460462,0.0645967807001734,0.8809614519821033,0.0427151322535471
US02614461-1_LensData_4.89_3.2_23,0.5092038629522775,0.5092038629522775,0.5091391049073105,0.642131460240542,0.6206787871966897,0.150439516280541,0.1811963685274709,0.0202487906105612,0.0620121172892536,1.0,0.1413615479934018
US02622479-1_LensData_9.6_4.5_25,0.5709986337429923,0.5709986337429923,0.5709464585746719,0.6131941359804588,0.5678361435052456,0.0067642612626461,0.0064794907407787,0.0013759422631133,0.0066363233844731,1.0,0.228132083157498
US02622480-1_LensData_14.43_5.6_25,0.5631195669788501,0.5631195669788501,0.563065895108218,0.6152396831473484,0.5723960210500528,0.0087444455866101,0.0100333299553046,0.001352654361405,0.0059919749688893,1.0,0.2913138449869093
US02623434-1_LensData_16.24_5.4_25,0.5529202294305081,0.5529202294305081,0.552863803965353,0.6234149103611999,0.5857059888441785,0.0173559509338181,0.0204277320291132,0.0018546060523564,0.0098428631261799,1.0,0.3077245586510022
US02627204-2_LensData_12.19_3.6_25,0.5801684350743722,0.5801684350743722,0.5801168673464001,0.6142729779099259,0.5664639568251733,0.0074630771218973,0.0047970030410469,0.0025073634833174,0.0091203432970342,1.0,0.1654878427871112
US02627205-3_LensData_11.66_3.6_25,0.6107096901249522,0.6107096901249522,0.61066527117386,0.6171688569417166,0.5618900207836077,0.0232761537975822,0.0297327678397378,0.0036706230058671,0.0025316654400764,1.0,0.1662001816268612
US02629285-1_LensData_5.31_8.3_25,0.5856158002014059,0.5856158002014059,0.5855663085540189,0.6092246436721687,0.5603036523535906,0.0010638665445896,0.0015625666196619,0.0001406563698062,0.0009295261592665,1.0,0.4679648630805845
US02641966-1_LensData_11.13_3.5_25,0.5772360545861123,0.5772360545861123,0.5771844876688335,0.617739162661147,0.5714998307895134,0.0151289901049363,0.0156605557368918,0.0040902627853628,0.0122634540175237,1.0,0.1661167028922887
US02645156-1_LensData_13.29_6.6_25,0.5745780910973365,0.5745780910973365,0.5745273767116268,0.5983057538406399,0.5496235893724192,0.0031905485426638,0.0043593423002289,0.0012472495326942,0.0009208615966053,1.0,0.4298508204660616
US02645157-1_LensData_11.13_5.4_25,0.5950416457122005,0.5950416457122005,0.5949926561932241,0.6281370161057825,0.5790678438493441,0.003924718590627,0.0027639971190238,0.0034577527172913,0.0041916500632593,1.0,0.2855794806839772
US02645973-1_LensData_8.12_3_25,0.571730777134735,0.571730777134735,0.5716785328846639,0.6151580984517572,0.5690953575974168,0.0205804138549416,0.0219278269109866,0.0044715297352349,0.0156289028312514,1.0,0.1299237826755823
US02645974-1_LensData_16.24_6.8_25,0.599569621881308,0.599569621881308,0.599521793834572,0.6224757635564873,0.5707353103727146,0.001861441219742,0.0020875159194691,0.0018304196711501,0.0014253247997936,1.0,0.382287710628225
US02645975-1_LensData_9.1_4.3_25,0.5907292500461707,0.5907292500461707,0.5906801206718242,0.6179441092825968,0.5670453644485415,0.0040395118434919,0.0033697811031749,0.0032163190896791,0.0040072965101693,1.0,0.2054184960147744
US02646721-1_LensData_11.13_3.1_25,0.5828995191654248,0.5828995191654248,0.5828496470376318,0.6061396505048992,0.5548187511483738,0.0145489145017304,0.0182749792448969,0.0030437373529805,0.0045402262314224,1.0,0.1345390348126293
US02662447-1_LensData_11.13_3.1_25,0.5826785147310563,0.5826785147310563,0.5826278164782027,0.6198032847335087,0.5723102716241838,0.0144389851370681,0.0127477633351879,0.0061495087744689,0.0139404449208141,1.0,0.1368037825290105
US02663221-1_LensData_9.6_5.4_25,0.5676125596838644,0.5676125596838644,0.5675596732341789,0.6146532786723299,0.5700497539183293,0.0065953306657989,0.0073537516212185,0.0011695536565971,0.0051020936965908,1.0,0.28765588366598
US02670659-2_LensData_14.43_8.3_25,0.5887363135541843,0.5887363135541843,0.5886847066204125,0.6273879382258268,0.5807669370308991,0.002416108125263,0.0025610961307643,0.0013662612850068,0.0023150513735463,1.0,0.4681104393916537
US02671380-1_LensData_12.19_6.4_25,0.5959256355032704,0.5959256355032704,0.5958777846448171,0.6122940265074083,0.5584802626696632,0.0043932135702849,0.0060640423636474,0.0007610885912216,0.0002569864157382,1.0,0.3280935347799561
US02676517-1_LensData_12.76_6.3_24,0.5909887801513707,0.5909887801513707,0.5909392242436854,0.6245248267427717,0.5757785166052041,0.0037286309713494,0.0037702858089393,0.0024698886900453,0.0032450235772781,1.0,0.3372411588209033
US02682198-1_LensData_10.1_3.3_25,0.574239508377414,0.574239508377414,0.5741880933820721,0.6089356113113981,0.5624320755130297,0.0087276675476906,0.00435647119627,0.0006129122608794,0.0114850468566547,1.0,0.1526477886288393
US02683396-1_LensData_11.66_3.3_25,0.5856106972656194,0.5856106972656194,0.5855606123190544,0.6181225055145383,0.5696127309544321,0.008660627735699,0.0051498953143854,0.004730296262093,0.0103162027690098,1.0,0.1492753247022913
US02687063-1_LensData_9.1_3.3_25,0.5733339047596713,0.5733339047596713,0.5732822553720779,0.611303354168432,0.56424438045715,0.0083000129145784,0.0060717540813882,0.0018977256455516,0.0097100940468933,1.0,0.1494369811588086
US02687064-1_LensData_9.6_4.7_25,0.567844292820452,0.567844292820452,0.5677912288929126,0.6184645740563711,0.5748426132916739,0.0131846447293477,0.0150181214981164,0.0029323725364093,0.008577583629442,1.0,0.2336794279792087
US02696758-1_LensData_16.24_7.8_25,0.5491339811053663,0.5491339811053663,0.5490777301398496,0.6183758265505218,0.5848882517852042,0.0083639412644872,0.0096150433063047,0.0009844451658534,0.0057776516863686,1.0,0.4290627223386993
US02701982-1_LensData_8.12_2.3_25,0.5707249930325151,0.5707249930325151,0.5706727543487511,0.6123913144930615,0.5663147911871067,0.034081471754727,0.0352563181920214,0.0059725575026437,0.0272348886607168,1.0,0.0815508759801224
US02718174-1_LensData_9.6_2.4_25,0.5774344736681158,0.5774344736681158,0.5773828279071647,0.6228858616221693,0.5770718192340242,0.0349904297317502,0.03652927568592,0.0130563049129245,0.0257886603327354,1.0,0.0962899507335612
US02720139-1_LensData_13.29_3.5_25,0.5874172036830241,0.5874172036830241,0.5873672365360307,0.620338204323708,0.5726869200293806,0.0092290204601307,0.0057318018907151,0.0046811466638927,0.0109109852831227,1.0,0.1642449690764084
US02720814-1_LensData_6.7_4.5_25,0.5969118408204488,0.5969118408204488,0.5968630236591934,0.6299066817949823,0.5805093028885594,0.0075128774903545,0.0063998761634063,0.0058134411042451,0.0067706663454648,1.0,0.2257397386014487
US02720816-1_LensData_8.12_4.7_25,0.5756504431463263,0.5756504431463263,0.57559862409896,0.6191553266007979,0.5731500029729187,0.0084597025453709,0.0090712507971121,0.0026414214990144,0.0066577263885959,1.0,0.239436156692559
US02721499-3_LensData_18.16_5.4_25,0.6057391830327506,0.6057391830327506,0.6056922534620748,0.626886672279231,0.576330856683412,0.0059418920706183,0.007437678506636,0.0024737997901334,0.0024713326461726,1.0,0.3077687500419867
US02721501-1_LensData_9.6_4.7_25,0.5738038569274986,0.5738038569274986,0.5737518412896093,0.6200237099701837,0.5751382415588109,0.0087535610050387,0.009143947694614,0.0030768319756104,0.0071390263276033,1.0,0.2355219756898492
US02724992-1_LensData_9.6_4.9_25,0.5708114627005534,0.5708114627005534,0.5707588885024023,0.6169531095422806,0.5724596825839269,0.0062795684746128,0.0063659720014402,0.0012733524116605,0.0057893569689887,1.0,0.2768124669068408
US02724994-1_LensData_13.29_4.7_25,0.5788689614336401,0.5788689614336401,0.5788175947004401,0.618560922378121,0.5724848914817608,0.0074116020255789,0.0071674027442748,0.0021619263669659,0.007021290174278,1.0,0.2408786062001083
US02730015-1_LensData_20.98_8.9_25,0.5967413902669281,0.5967413902669281,0.5966917747966546,0.6404690208535115,0.5938785619701555,0.0038644509451833,0.0044306126226267,0.0022380755510445,0.0026754109859051,1.0,0.4940617665685653
US02730017-1_LensData_6.7_8.9_25,0.5691696390093486,0.5691696390093486,0.5691170548528056,0.6148147196743405,0.571098773436323,0.0020179268796747,0.0024077160752491,0.0004988980930489,0.0018624361912757,1.0,0.5161986181945655
US02731884-1_LensData_9.6_4.9_25,0.5842855746479568,0.5842855746479568,0.5842346877533084,0.6281758807560834,0.5830409097086585,0.0089673099397738,0.0089927912443652,0.0040761813626624,0.0075424396102905,1.0,0.2563047300544819
US02732762-1_LensData_9.1_4.9_25,0.6289533162963514,0.6289533162963514,0.6289100132302657,0.660947867528565,0.6115229659088929,0.0275736934690425,0.0177738958824594,0.0263501732198989,0.025241347888744,1.0,0.2571462963449274
US02736234-1_LensData_5.31_4.5_25,0.5847121637000064,0.5847121637000064,0.5846618599548432,0.620056106317015,0.5716558970078132,0.0049194736734682,0.0037530296778641,0.0030018176896794,0.0054313502366717,1.0,0.2274950150327679
US02744447-2_LensData_14.43_4.7_25,0.583334743268242,0.583334743268242,0.5832841118019559,0.619800842300606,0.5730563090923478,0.0065732399799662,0.0058993240989975,0.0026955755504673,0.0066323051032831,1.0,0.2409023202923129
US02750839-1_LensData_11.66_5.4_25,0.5595597811760838,0.5595597811760838,0.5595055300802202,0.613781221097339,0.5712940615054414,0.0094572965767545,0.0109518463323938,0.0009578019805355,0.0062630526711905,1.0,0.2887070109556296
US02760406-1_LensData_8.12_3.7_25,0.5887399621125164,0.5887399621125164,0.5886895103559439,0.6335504491590307,0.5887247726611289,0.0204750358765414,0.0208052969118125,0.0096544153660288,0.0156319200846865,1.0,0.1751624900835031
US02764062-1_LensData_12.74_5.4_25,0.5744141307080575,0.5744141307080575,0.5743618660109507,0.6235404787010933,0.5796363011146434,0.0083673172652158,0.0092459998056292,0.0026255941899506,0.0061407270975865,1.0,0.2922038288212636
US02771006-1_LensData_8.12_2.4_25,0.5178605333686918,0.5178605333686918,0.5177992377068783,0.6097104209199562,0.5778731021378639,0.1321058830321194,0.1573028771377573,0.0021438564043293,0.0621883680321616,0.6878668246791168,0.0962593294463312
US02771817-1_LensData_9.6_4.7_25,0.4233724752611928,0.4233724752611928,0.4232946622400144,0.6086092425933954,0.6048477463264337,0.0833859794954507,0.10064075695118,0.0004190475279562,0.035621715083727,1.0,0.2554895588983421
US02772601-2_LensData_16.24_5.6_25,0.5653906280266174,0.5653906280266174,0.5653371237060894,0.6162198490229213,0.5738384725523603,0.0090222985467887,0.0100410558864314,0.0012662861086008,0.0067328170085965,1.0,0.2932612037329388
US02774280-1_LensData_12.74_6.3_25,0.615728115208679,0.615728115208679,0.6156839946395685,0.6092164356354962,0.5504596269255237,0.0130234310962014,0.0168275777900039,0.0002769506134521,0.0024486443083325,1.0,0.330086318562766
US02777363-1_LensData_8.12_2.7_25,0.5812095624506399,0.5812095624506399,0.581158695638671,0.6200061484648169,0.5731298016549099,0.022332010585685,0.0219562162792099,0.0095063447261231,0.0184336849437862,0.9672235764268096,0.1154866579985745
US02784643-1_LensData_11.13_3_25,0.5843736993641576,0.5843736993641576,0.5843230440325602,0.6246539016487005,0.5774917082390978,0.0235618657885125,0.0240861827615531,0.0106835398761797,0.017799647448025,1.0,0.1258931198596819
US02785602-1_LensData_1.66_4.2_19,0.5740343188908373,0.5740343188908373,0.5739829706915454,0.606953514461166,0.5541178626480258,0.0,0.0005029663451566,0.0,0.0,1.0,0.2935450460876634
US02792749-1_LensData_18.16_6.6_25,0.5870642681556543,0.5870642681556543,0.5870147703027122,0.611285934778565,0.5628930321490984,0.0018685845606688,0.0019231795044974,0.0003335872822993,0.0021573923452009,1.0,0.3648546038500741
US02793565-1_LensData_14.43_4.9_25,0.5525330626630928,0.5525330626630928,0.5524800536664297,0.6027178218603322,0.5627506025189787,0.0104593589415696,0.0106070362391419,0.0012887106501701,0.009264752674721,1.0,0.2588994413783121
US02799207-1_LensData_9.6_4.7_25,0.5776244509953145,0.5776244509953145,0.5775729594023399,0.6176976305879948,0.5718590219589165,0.0077830767163534,0.0077648749730648,0.0021921601466767,0.0070604789081243,1.0,0.2406445799283386
US02799207-3_LensData_9.1_5_25,0.5720019434240029,0.5720019434240029,0.571949876005081,0.6109703485620542,0.5652621203437499,0.0054527106701358,0.0048953446271407,0.0005473912805186,0.0058689721153039,1.0,0.2561270728455628
US02807983-2_LensData_7.17_3.3_25,0.5423398671133729,0.5423398671133729,0.5422846475345431,0.5749634714323109,0.5305176826635027,0.0208862658724909,0.0193370408456263,0.0167491642201541,0.0149535119050724,1.0,0.1704824593278584
US02810322-1_LensData_6.7_10_25,0.5736563926796149,0.5736563926796149,0.5736041825186575,0.6192224388336937,0.5753587695402349,0.0018920741569373,0.0023287112604452,0.0005888990391621,0.0016702060994473,1.0,0.5745891562534543
US02818776-1_LensData_14.43_4.1_25,0.5773883481279075,0.5773883481279075,0.5773369831733383,0.6148127470733896,0.5676919426973269,0.0075771780399859,0.0070523472137516,0.001915524291753,0.0075289948264603,1.0,0.2047192692419735
US02818777-1_LensData_10.1_5.4_25,0.5767688081736184,0.5767688081736184,0.5767170427405905,0.6219631400290488,0.5772049087582186,0.0065151460629301,0.0068238311273411,0.0022881068999628,0.0054923256523062,1.0,0.2935457056606632
US02824492-3_LensData_5.31_4.9_25,0.5731704233407096,0.5731704233407096,0.5731187928780177,0.6081491709199167,0.5618472403714316,0.0039719840818793,0.002662358442989,0.0001922965620376,0.005139982023991,1.0,0.2555092972310759
US02824493-2_LensData_6.7_4.1_25,0.5516502768962726,0.5516502768962726,0.5515955890573903,0.5977041666405386,0.5543247543206792,0.0104669675606314,0.0103526074877871,0.0033121460826277,0.0092825249563211,1.0,0.2040793673962073
US02824494-1_LensData_12.74_3.3_25,0.5814860412737263,0.5814860412737263,0.5814351185133655,0.6192740365285991,0.5722114237531288,0.0138114999248721,0.0126172969201846,0.0050187690027717,0.0131296539569988,1.0,0.1496577671133238
US02824495-1_LensData_16.24_8.3_25,0.5565376966116387,0.5565376966116387,0.5564827831851399,0.6179422825784894,0.5873473221825783,0.0061836915577576,0.0063375866229392,0.0008199945024308,0.0056738795588422,1.0,0.4658532095860385
US02826116-1_LensData_13.29_4.6_25,0.5752135015040813,0.5752135015040813,0.5751619636074524,0.612701571850997,0.5663608373393227,0.005889671321657,0.005506836657212,0.0013277830973065,0.0059932208607953,1.0,0.2411381054254154
US02827835-1_LensData_2.63_3_25,0.5857415458236007,0.5857415458236007,0.5856915919487934,0.6136080916469141,0.5609260574761307,0.0064377335334163,0.0076978636792946,0.0035155217361938,0.0030912517786125,1.0,0.1309152857874843
US02828671-1_LensData_13.29_2.2_25,0.557210160845258,0.557210160845258,0.5571553418750331,0.6152663173566416,0.5730572914966925,0.0813914184872515,0.0946901026634636,0.0090249565830783,0.0442655477787648,1.0,0.0786637844955152
US02833181-1_LensData_5.31_8.3_25,0.58014376849118,0.58014376849118,0.5800935746252202,0.6117205709286957,0.564170003563032,0.0005704896659972,3.427196449696877e-05,0.0003581030321304,0.0012500322131065,1.0,0.4695126427319025
US02845845-1_LensData_29.79_10_25,0.6092128884764155,0.6092128884764155,0.6091667727779521,0.620553159531644,0.574390808718833,0.0024047154187243,0.0032842333099263,0.0007236988820746,0.0012229554547902,1.0,0.6043729689884654
US02849918-1_LensData_16.24_6.6_25,0.5673337539344802,0.5673337539344802,0.5672807401805653,0.6152506562915839,0.5699031742166135,0.0047459417903041,0.0056884314474776,0.00087582253973,0.0032135225669089,1.0,0.3628620765678752
US02850945-1_LensData_2.63_5_25,0.5364059030770494,0.5364059030770494,0.5363479885958837,0.6077360959914259,0.5698647257717183,0.0205008676993472,0.0244877391747575,9.683051190092592e-05,0.0106319267965636,1.0,0.2556084102886059
US02854889-1_LensData_12.74_4.9_25,0.5811778735570917,0.5811778735570917,0.5811267644236294,0.6231028603312501,0.577919063349545,0.0073025009106819,0.0069064902784762,0.0030145598129162,0.0069010677427483,1.0,0.2555165708555455
US02861500-1_LensData_5.31_2.5_25,0.5769238532717984,0.5769238532717984,0.5768726404473444,0.6135416156250918,0.5653806389338801,0.0151969829168298,0.0122216286722414,0.0051956952368204,0.0161225419197911,0.9698177644216952,0.0957270051782587
US02862418-1_LensData_6.7_4_25,0.6127285647615243,0.6127285647615243,0.6126826522024045,0.630452168665196,0.5801668346663782,0.0130127709406932,0.0141212402217586,0.0079376943561494,0.0077671067560232,0.9987888234609364,0.1911181350207001
US02892381-1_LensData_11.13_5.8_25,0.5845695171016992,0.5845695171016992,0.5845210108109283,0.5979275016211723,0.5455719392684117,0.011584418333301,0.0150787046010791,0.0015861600984045,0.0013267166613574,1.0,0.3128167675670856
US02894431-1_LensData_8.12_2.3_25,0.570741724777624,0.570741724777624,0.5706910795089274,0.6148118193837412,0.56848408862606,0.0404449625513698,0.0442453829525759,0.008091009191556,0.0279567414990493,0.6453142562361707,0.0804876931617547
US02895379-1_LensData_6.7_3.3_25,0.5708098860575805,0.5708098860575805,0.570758171863014,0.6043678663179048,0.5576725273586758,0.00625355368494,0.0020118617233812,0.0015534023778896,0.0086988099769142,1.0,0.1615313513978978
US02896506-1_LensData_15.62_3.2_25,0.5784679336378631,0.5784679336378631,0.5784161477566004,0.6235418863062766,0.5784142770062843,0.0267874394985235,0.0289692023051076,0.0075055677057923,0.0189678642574355,1.0,0.1431331916065671
US02897723-1_LensData_7.64_7.6_25,0.516556441584658,0.516556441584658,0.5164772709626727,0.6076685460679997,0.5764081464231765,0.0129087908473853,0.0158019872388691,5.8979154903370816e-05,0.0061509254683505,1.0,0.4349577354171768
US02897724-1_LensData_11.13_1.9_25,0.5725357278961399,0.5725357278961399,0.5724839439390786,0.6097923150555049,0.5627219764410721,0.0266167699189502,0.0182444179715596,0.0026526184812454,0.031139543136996,0.7922802348547385,0.0604037624975342
US02906173-1_LensData_8.12_8.3_25,0.5713853184349345,0.5713853184349345,0.5713328393982403,0.6175649126725462,0.5737175982594344,0.0031013879680944,0.0036648077731984,0.0007835757272319,0.0024780155511485,1.0,0.4679532472671996
US02906174-1_LensData_12.74_4.9_25,0.5930492817333566,0.5930492817333566,0.5930002271040316,0.6221016818439823,0.5717932494851039,0.0035148614158154,0.0025193191660166,0.0030104990401029,0.0038319619545068,1.0,0.2550152465184622
US02920528-1_LensData_9.6_3.3_25,0.5824558071186067,0.5824558071186067,0.5824051605800199,0.619213287666886,0.5729305009837455,0.0137174428789594,0.011534728977677,0.0057829919553427,0.0138817984674183,1.0,0.1493709444657855
US02959100-1_LensData_14.43_4.5_25,0.5553392857078397,0.5553392857078397,0.5552848156303476,0.6110490975650006,0.5751856607300684,0.0092863211030106,0.0059491960441909,0.003183407597334,0.011212270178025,1.0,0.2380238521139619
US02959100-2_LensData_14.43_4.9_25,0.5594706837697574,0.5594706837697574,0.559417402457848,0.6245393259899849,0.5866485102547814,0.0178190473655555,0.0202571772162352,0.0038146456134209,0.0113316118928625,1.0,0.2557128487873933
US02967459-1_LensData_18.16_7.6_25,0.5743792695094828,0.5743792695094828,0.574327086484321,0.6205056248905182,0.5763961997045858,0.0041593489893227,0.0048471460380037,0.0011989086768286,0.0031038221636608,1.0,0.4267904444972373
US02968221-1_LensData_16.24_4.9_25,0.5825252446176904,0.5825252446176904,0.5824744238157205,0.6199962293701311,0.5732515021621838,0.0062429189351673,0.0059124184509278,0.0023516189865215,0.0060491815705337,1.0,0.2571685691479843
US02983192-1_LensData_14.43_3.5_25,0.5851637310152847,0.5851637310152847,0.5851135982129825,0.6180048783114762,0.569780720141502,0.0076503055447163,0.0044741921938117,0.004157509156562,0.0092277243051648,1.0,0.1642215664492315
US02991696-1_LensData_8.12_2.4_25,0.6101249725547874,0.6101249725547874,0.6100792538720268,0.6204202749219617,0.564920122368017,0.0545996188860085,0.0682094708172032,0.0114006099378242,0.0112234781508507,1.0,0.090263853628537
US02995980-1_LensData_9.1_4.6_25,0.5671952026488286,0.5671952026488286,0.5671421411135164,0.6145102751869709,0.5710852480531854,0.0086129668036027,0.0091963909327543,0.0011559808552747,0.0070941316182212,1.0,0.2616478271039309
US03005379-1_LensData_9.1_3_25,0.5767502917400829,0.5767502917400829,0.5766987548487681,0.6168421167066979,0.5700612854341736,0.0193571345223282,0.0199594317166565,0.0055671129237084,0.0155057938367735,1.0,0.1301168787784219
US03006249-1_LensData_21_2_37,0.6027175285324151,0.6027175285324151,0.6026699945495033,0.623985954072871,0.5723882604469035,0.0077056900482835,0.0083541422546862,0.004637956721193,0.0051046890038754,1.0,0.1975475243721383
US03012476-1_LensData_36_2_100,0.5771430644785611,0.5771430644785611,0.5770919200655924,0.612158539072829,0.5643517939105683,0.009716425965518,0.0065103194917531,0.0025762850590158,0.0116456075206771,1.0,0.130863607021521
US03018688-1_LensData_9.1_4.5_25,0.5711853797672001,0.5711853797672001,0.5711328294600126,0.6188388615369945,0.5745939669196852,0.0114755507688881,0.0125615546803615,0.0027719505176799,0.0084889128418196,0.9502784860752131,0.2270780916110253
US03023671-2_LensData_14.43_3.3_25,0.587388264405138,0.587388264405138,0.587338023969763,0.6264476264521502,0.5790704501826,0.0175495141571809,0.0175221011790595,0.0090107195051751,0.0136894009509676,1.0,0.153261099911263
US03029698-1_LensData_12.74_3.3_25,0.547584600237963,0.547584600237963,0.5475283161847144,0.6105645634339465,0.5712593976643141,0.0367402218577779,0.0421449246231033,0.0011506872489407,0.0222773084068205,1.0,0.1555834320148184
US03030860-1_LensData_9.1_4.7_25,0.5369691003633665,0.5369691003633665,0.5369106794020915,0.6180331545692607,0.5856818199090779,0.0288730396246733,0.0336082445075266,0.0021720097220806,0.0165645952709452,1.0,0.2412634670454733
US03033081-1_LensData_5.5_3.6_25.4,0.5678541691573414,0.5678541691573414,0.5678010541509183,0.6197943579264258,0.5767840339958845,0.0226557092780271,0.0250359627693548,0.0051244944479642,0.0154996077000568,1.0,0.1640236579063565
US03038380-1_LensData_14_7.7_25,0.5655454608097541,0.5655454608097541,0.5654923479528804,0.6134192812793772,0.571566614446865,0.003324790512715,0.003579268873706,0.0005043482408786,0.003153285985753,1.0,0.4284895595090577
US03043193-1_LensData_9.4_3_25,0.5802703765704613,0.5802703765704613,0.5802192605958589,0.6201019563695331,0.5733960988935825,0.0176889005038696,0.0175883754547414,0.0065102900594291,0.0148074075223151,1.0,0.1402156376208224
US03451745-1_LensData_37_1.5_100,0.5516739843743969,0.5516739843743969,0.551616272993798,0.630723301090341,0.612124090633339,0.3356059503577173,0.2938392557513445,0.0401788207339109,0.331071682291259,1.0,0.0322693586202221
US03515462-1_LensData_127_4.2_100,0.926279163300338,0.926279163300338,0.9262550079350536,1.0,1.0,0.1893017699753652,0.1917050894461912,0.1154887673523625,0.1246912043620822,1.0,0.2034781238568165
US03524697-1_LensData_17_6_10,0.6283326499467135,0.6283326499467135,0.6282865291982024,0.6783773472809035,0.6364288886782762,0.0177816997949804,0.0183254783245751,0.0113826669366554,0.0117529109087672,1.0,0.3199035985203579
US03524697-2_LensData_22_5.6_10,0.6428063411183049,0.6428063411183049,0.6427604320333925,0.6612854060206743,0.614995318211832,0.0448020701282382,0.0386939868317416,0.0453417409537661,0.026766306404323,1.0,0.2948191518013366
US03560079-1_LensData_21_2_50,0.5754985544392481,0.5754985544392481,0.5754444992686086,0.6401781000266868,0.606275230691787,0.1543859953963652,0.1558435696863651,0.0287871642521893,0.1260506922947974,1.0,0.0641742298721833
US03737214-1_LensData_16.5_3_9,0.6205187965050243,0.6205187965050243,0.6204642239331158,0.6474745240635416,0.6006163218155458,0.3381147838354258,0.3552398528272442,0.2499994793408801,0.1595995359467105,1.0,0.125570753556045
US03741630-1_LensData_1.41_3_1,0.5779384187552635,0.5779384187552635,0.5778874084207846,0.6109044996130581,0.5589230696928149,0.0026589712354847,0.0002198017015671,0.0017509679378938,0.0039102874348234,1.0,0.1272038013390553
US03850509-1_LensData_0.57_3.5_0.48,0.5679356911473946,0.5679356911473946,0.5678830010497253,0.6115999611908094,0.5616972745041149,0.0142163625371371,0.0177161371704562,0.0021441321522294,0.0053320686090003,0.9477697627060028,0.1638114036507365
US03887269-1_LensData_21.7_11_925,0.4506193538389997,0.4506193538389997,0.4505515561090596,0.5592634238724608,0.687197273610004,0.0173397026557526,0.0052649898278208,0.0021569391964262,0.0235210919358987,1.0,0.641299102308933
US03915558-1_LensData_21.7_1.5_40,0.547356620070579,0.547356620070579,0.5473013053240949,0.6185238384255796,0.5914822972748842,0.1380121013486073,0.1309304133144251,0.0136192615891969,0.1253067132321275,1.0,0.063674444538766
US03997248-1_LensData_21.7_2_100,0.5253268072890138,0.5253268072890138,0.5252675828987947,0.5688691050388264,0.5453579740609489,0.2070560157400558,0.1913109879954695,0.1348909723448871,0.1605288463944691,1.0,0.0646195515758603
US04013349-1_LensData_21.7_4_25,0.5922796156361794,0.5922796156361794,0.5922302431138953,0.6146672579847877,0.5614781326739863,0.0084556770464426,0.0089197319470815,0.0053855760828454,0.0057788471252482,1.0,0.1980011701313588
US04099843-1_LensData_21.7_1.2_55,0.6681580653437158,0.6681580653437158,0.6681163215203004,0.7042401088951351,0.6615652629423671,0.4395302877597764,0.4019822099238815,0.3304525574729091,0.3183472395136996,0.9790709780848292,0.0168233498613369
US04182550-1_LensData_41_1.4_100,0.6457300357088673,0.6457300357088673,0.6456827523611056,0.6909121108276538,0.662052841171482,0.3841488146525869,0.23262133808836,0.1394428733285967,0.4490293234995414,1.0,0.0278589832926494
US04235519-1_LensData_56_2_96,0.7873929594010514,0.7873929594010514,0.787357941575644,0.899554608132895,0.8873077996869718,0.5821476060229077,0.548065404017158,0.3420342905606153,0.4550296233982867,1.0,0.0624544970969627
US04251133-1_LensData_0.074_4_1,0.5746612545504945,0.5746612545504945,0.5746100798474483,0.6069463724482981,0.5540441976897069,9.199599137275856e-05,0.0005246753388712,3.585844305766357e-06,0.0002211153970884,1.0,0.1987127333621184
US04273415-1_LensData_14_4.8_50,0.5971246740367313,0.5971246740367313,0.5970737241800186,0.642408377491287,0.6034570769771362,0.0153016078373278,0.0086733765651763,0.0060984410167092,0.0186285545682711,1.0,0.2416286078795766
US04331391-1_LensData_76_4.9_75,0.6857906783192771,0.6857906783192771,0.6857377115367296,0.7084347376792084,0.6626479362355875,0.0458337127441644,0.0175890503827753,0.0555187617252249,0.0401954362580011,1.0,0.254263437120402
US04364644-1_LensData_21_2_50,0.679020091318214,0.679020091318214,0.6789816577584948,0.6862647102540682,0.6334041618179779,0.1101112707544622,0.0925139335337171,0.0945751846847039,0.0833940475710698,1.0,0.0645185452995347
US04390250-1_LensData_21.7_2.9_33,0.5958673486194809,0.5958673486194809,0.5958156878029995,0.6361973724009998,0.5924591832788746,0.0550203230567156,0.0405877941664058,0.0425111970676729,0.051302702496508,0.9058861187334596,0.14103836943783
US04396255-1_LensData_21_2_40,0.6165137274464901,0.6165137274464901,0.6164806872284457,0.6483113732324541,0.6048939606832617,0.1546568456016157,0.1539710599884154,0.0942386858329505,0.1067771849576968,1.0,0.0634201425044109
US04403836-1_LensData_4.4_7_100,0.5828744427016369,0.5828744427016369,0.582822705123467,0.6161762542267938,0.5626388386572423,0.000718594851,0.0011065098508406,0.0009895867729431,0.0004557806358294,1.0,0.4967043946493972
US04412726-1_LensData_1.35_2.9_1,0.5787643207806742,0.5787643207806742,0.5787135344685688,0.6103217557938299,0.5574749419833794,0.0021695328155427,0.0023181550368946,0.0015339287487624,0.0020138130506683,1.0,0.1203769032192658
US04426137-1_LensData_15_2.5_100,0.5671839522803969,0.5671839522803969,0.5671285587395843,0.6400283083992055,0.6181268102951505,0.1098231024960022,0.0948218216850519,0.0185847002253068,0.1096121937580986,1.0,0.0959012851291327
US04431273-1_LensData_17.8_2.8_12,0.6878649885301166,0.6878649885301166,0.6878196537769924,0.8226483610979016,0.794109717577192,0.3278500577784358,0.3686376314555409,0.1554398410241062,0.1630310728095779,1.0,0.1116225068293287
US04443068-1_LensData_14_6_590,0.6290954586949487,0.6290954586949487,0.6290555849733998,0.6337814892576279,0.5652854348441275,0.0231179159393839,0.0163607877537019,0.0218746219440521,0.0201416985916381,1.0,0.3425118494121555
US04443070-1_LensData_21_2_100,0.6503676987976297,0.6503676987976297,0.6503327753432572,0.6490046195730352,0.6107615634244269,0.1461351011106846,0.1461661656064252,0.0374826997946449,0.1194671590219197,1.0,0.064480711459409
US04447137-1_LensData_21_2_134,0.5814022144816118,0.5814022144816118,0.5813504622828731,0.6322021486792191,0.6122443736954364,0.0991765065870836,0.0249420488607778,0.0183597568538996,0.1330205116274011,1.0,0.0701262960151408
US04448497-1_LensData_41_1.4_100,0.6344360204278434,0.6344360204278434,0.6343867181798136,0.6749832131974188,0.6450365110183521,0.3421133390128383,0.141463779080688,0.1915037555966357,0.4157983700158474,1.0,0.0259258603305315
US04483597-1_LensData_15_2_200,0.575404924120719,0.575404924120719,0.5753519482963704,0.6249109926843289,0.6074299022647383,0.1420166035188329,0.0641221083063826,0.0181057109449706,0.1819041870958698,1.0,0.0633311917568032
US04514052-1_LensData_41_2_100,0.5850915000402098,0.5850915000402098,0.5850388833158897,0.6549562433938744,0.6320171527351522,0.2052403714916932,0.2023515056581299,0.0622108807560997,0.1694946650687007,1.0,0.0640609726381026
US04553823-1_LensData_21.7_2_52,0.6064460162977142,0.6064460162977142,0.606396576435841,0.6493468689891405,0.6098856113639707,0.0768205131009369,0.0270617484575612,0.0458228950046804,0.094645849545469,1.0,0.0715514317314462
US04621909-1_LensData_21.7_1.5_51,0.5919769009616734,0.5919769009616734,0.5919262769846175,0.632350951800441,0.5934102238898384,0.1471262665795496,0.0369807634745573,0.0741530714102591,0.1889370952753504,1.0,0.0324974059848921
US04647161-1_LensData_20_3.7_15,0.6814396211318398,0.6814396211318398,0.6813956998531007,0.7418618346808519,0.7005391404867273,0.0514697837853953,0.0298914540597637,0.0368202246044191,0.0557049140682552,1.0,0.1722232801175994
US04666260-2_LensData_11_4_200,0.4969273180825225,0.4969273180825225,0.4968670397125367,0.5599630386260159,0.5439942037584846,0.0628054345104568,0.0727367251548376,0.0219647036536122,0.0309443016583635,1.0,0.1925972335798385
US04709998-1_LensData_12_3.7_100,0.5696231070682601,0.5696231070682601,0.5695709166306924,0.6113192512523573,0.5766733587141613,0.0166483841088204,0.0046684772934987,0.0011466435372671,0.0227466984531707,1.0,0.1729685609643934
US04717245-2_LensData_21.6_1_50,0.5888293323844287,0.5888293323844287,0.5887739953849356,0.6342321702791995,0.5957852059517386,0.3796855851535813,0.1883824154106089,0.1854049964144879,0.4552640900741334,1.0,0.0
US04786152-1_LensData_11_2.9_100,0.5616085309069396,0.5616085309069396,0.5615530208330098,0.6199539422886916,0.5896938324007012,0.0859716818427169,0.0922767279151087,0.0732566990739011,0.0212830344979509,1.0,0.1216889404875832
US04786153-1_LensData_21_2.9_51,0.6446578835542969,0.6446578835542969,0.6446111823695841,0.7153923375671043,0.7121221794713034,0.0418446636410878,0.0185321210074618,0.017814414142531,0.0523023267728209,1.0,0.2378280505403918
US04807983-1_LensData_21.7_2.7_50,0.611848440501564,0.611848440501564,0.6118014745845355,0.64249176242158,0.6011779938967992,0.0413689213050925,0.0396972424183462,0.0162621617435069,0.0352429049169721,1.0,0.1127248914910808
US04852984-1_LensData_25_1.4_100,0.5623193236339826,0.5623193236339826,0.5622659465851318,0.6093855776590148,0.5839341069329806,0.183258816395,0.0492920949865358,0.0283565111746807,0.2451065938971458,1.0,0.0256801022093863
US04923292-1_LensData_21.7_2.9_50,0.5883687445908911,0.5883687445908911,0.588317751149884,0.6242825995389092,0.5862086551946278,0.0361546162348181,0.0101412336591258,0.0106559842522497,0.0480904837657679,1.0,0.1227302352538104
US04951078-1_LensData_21_7_500,0.4954187517740873,0.4954187517740873,0.4953585370928821,0.5660986594790045,0.5247313308527717,0.0049225035637721,0.0061185985753775,0.0033050271559229,0.0014215183491095,1.0,0.4183004025227445
US04966449-1_LensData_21_6_233,0.5419384663107281,0.5419384663107281,0.5418787629391066,0.6435373921793178,0.6394328246661949,0.0266660388176473,0.0241426838798183,0.0033862007348459,0.0260246261584341,1.0,0.3188311877871508
US04978205-1_LensData_21.7_2.9_297,0.5957844211581808,0.5957844211581808,0.5957319896797717,0.6320496524456738,0.5950552761707376,0.0632857111436546,0.0340455712753347,0.0319428790580188,0.0746901956309895,1.0,0.1217860626117991
US04986643-1_LensData_21.7_2.9_104,0.5595271510321149,0.5595271510321149,0.5594717521406011,0.607802468656521,0.5842735281928811,0.047724902029585,0.0253773209215664,0.0050554557708072,0.0597719325206607,1.0,0.1214010674089713
US05321554-4_LensData_18_2.9_15,0.5886613259768462,0.5886613259768462,0.5886095627490381,0.6268532489824798,0.5835954596378226,0.0332049727379032,0.0093461518113666,0.0454115509273798,0.0256905991448172,1.0,0.1218688207017978
US05323270-1_LensData_21.7_3.7_394,0.505039736157687,0.505039736157687,0.5049677240526851,0.5905577128996538,0.6074465187568819,0.1644401044875746,0.1439918167875089,0.180864849891287,0.0708253548201385,1.0,0.1720035629156302
US05323270-5_LensData_21.7_4_600,0.7078076047033286,0.7078076047033286,0.7077744115482206,0.6799877648323126,0.6564527368510935,0.1156608984955601,0.1416642376939047,0.0243251655037133,0.0361262065369998,1.0,0.1984264725730614
US05325234-1_LensData_21.7_3_195,0.6586108167714306,0.6586108167714306,0.6585611037954714,0.7060027129250203,0.6927031609949488,0.1675957816644295,0.1360601323534389,0.1116315981915059,0.1516863984567125,1.0,0.1361159700334
US05331467-1_LensData_21_7.5_1000,0.451141291752748,0.451141291752748,0.4510635456490749,0.4932447713233987,0.4292011700335157,0.0506414349034865,0.0352934433898459,0.047608596971887,0.0439049521473294,0.9654277324891404,0.4616609758138245
US05402268-1_LensData_21_4_200,0.609792002792529,0.609792002792529,0.6097456182509341,0.6336345386796953,0.5953920458330186,0.0175196515948017,0.0145775630551904,0.0087890044559096,0.0172805868936608,1.0,0.1924333113679238
US05434713-1_LensData_21.7_3_15,0.5741241716263675,0.5741241716263675,0.5740716340465047,0.6285877790564671,0.5904682916983146,0.0234493081264516,0.0086816186666345,0.0093739548245815,0.0303153166857042,1.0,0.1274386276484451
US05438455-1_LensData_21_3_400,0.5429893830795166,0.5429893830795166,0.5429340579181277,0.5999902876187684,0.5581791671938195,0.0214524070563294,0.0266188385720147,0.0047277334351848,0.0069559135218351,1.0,0.1275987328869815
US05490014-1_LensData_21_2.8_195,0.5672429242392351,0.5672429242392351,0.5671894070915466,0.6149914332083463,0.5809457592096775,0.0647114274787537,0.0684247628857065,0.0589753043065154,0.0128208336002571,1.0,0.1179763567508212
US05557473-1_LensData_21_2.8_28,0.5799320267372411,0.5799320267372411,0.5798771072148429,0.6117520906340181,0.5683007288344952,0.1226957466780087,0.0771728949620074,0.1396259149841354,0.0925641161614257,1.0,0.1148236772049739
US05589988-1_LensData_21.7_1.9_35,0.5216388561712184,0.5216388561712184,0.5216016696222542,0.5825632600678039,0.5576876995823161,0.1220395267813809,0.0729464482358691,0.0543444235405557,0.1412910262248293,1.0,0.0551781671565624
US05589988-4_LensData_21.7_1.5_28,0.5435877796382709,0.5435877796382709,0.5435278844929485,0.5989774427409246,0.5694368755473636,0.3758348503435083,0.3201596204500908,0.2906522865499364,0.2992387830697088,0.9917101426314338,0.0389121809086595
US05598299-1_LensData_21.7_2.9_100,0.5467410880964322,0.5467410880964322,0.5466840552006436,0.599092976340038,0.5800857175731684,0.0902035015472381,0.0797288158410262,0.0107782683089926,0.0886559353886551,1.0,0.1218028389731914
US05610769-1_LensData_21_4.2_590,0.506218985143641,0.506218985143641,0.5061508312395766,0.606893591192822,0.5841338233657106,0.1664255114560699,0.1428413969665997,0.1583065888701398,0.1081671252179317,0.986741058425804,0.2106950983343949
US05623371-1_LensData_21.7_5_55,0.5968739567524814,0.5968739567524814,0.5968154509936675,0.6716385296358557,0.681103639634863,0.0429318935507576,0.0405261778915883,0.013974471193404,0.0381965099187992,0.978316045589506,0.2632960633874081
US05627685-1_LensData_21_3_295,0.5601066872613035,0.5601066872613035,0.5600515533915755,0.6200841090576069,0.591582982543826,0.0392202762194989,0.0310888013276397,0.0031376657956017,0.042408045153366,1.0,0.1282132656008862
US05631780-1_LensData_22_2.8_24,0.3762293249638821,0.3762293249638821,0.3761426904335241,0.4506723402367328,0.4254896235077848,0.4945624718771964,0.4338566588189073,0.462917395085139,0.3115819489878308,1.0,0.1165904106635854
US05631780-3_LensData_19_1.8_24,0.5824742226345715,0.5824742226345715,0.5824230606480346,0.627866427879015,0.5854103315184372,0.0831340343474305,0.0828595293720353,0.0543135096417774,0.0554484646748902,1.0,0.0508469039460176
US05631780-4_LensData_21_1.8_24,0.5848633335634642,0.5848633335634642,0.5848133876467829,0.6303873305954094,0.5879734233360261,0.1255459398217355,0.026492043532782,0.1017077769191901,0.1488797390222679,1.0,0.0507304893115584
US05737129-1_LensData_21_7_68,0.508958637136462,0.508958637136462,0.5089054633853952,0.5126251313583647,0.4870230561023292,0.0338323451623044,0.0422802277452853,0.0102595211446947,0.0055894775124242,1.0,0.385645694484565
US05745306-1_LensData_21.7_2.9_295,0.5326166462438614,0.5326166462438614,0.5325575563140356,0.5975784366482031,0.5713911376398781,0.0626603392785215,0.0590278628863713,0.013221051265839,0.0569853116924873,1.0,0.1220119785785346
US05745306-2_LensData_21_4.1_495,0.5508228009449005,0.5508228009449005,0.5507641565395092,0.6291840764718777,0.611264500802241,0.0206786167067637,0.0187859670931125,0.0023854982000027,0.0202759677233354,1.0,0.295408211561704
US05745306-3_LensData_21.7_6.3_496,0.5049197024700045,0.5049197024700045,0.504855259030588,0.6206280484129212,0.6078166219909257,0.026282512466188,0.029455870301915,0.0014570800579576,0.0176429641757935,1.0,0.339686629539221
US05757555-1_LensData_21.7_4.1_295,0.473321498885053,0.473321498885053,0.4732517919866828,0.5831520051945578,0.5643796183621766,0.0776117707481677,0.0894495607737627,0.0136840562524691,0.043472428912544,1.0,0.1986880482318863
US05757555-6_LensData_21_4_392,0.6900442336074554,0.6900442336074554,0.6900096237759675,0.573326915342742,0.4954859498296495,0.0632896370703278,0.0460918081781618,0.0513487765686277,0.0580765907957008,1.0,0.2887933050897661
US05805359-1_LensData_21.7_2.9_27,0.5895727086781003,0.5895727086781003,0.5895215717772968,0.6463308346109286,0.6061953139424524,0.0379533787706316,0.0315426139607484,0.0205280083476919,0.0361711368071912,1.0,0.1197257580967166
US05808808-1_LensData_21.7_2.9_16,0.5611059256946178,0.5611059256946178,0.5610536520657537,0.6153027118441862,0.5754664928589599,0.0185745922955995,0.010790162002247,0.0080477480130588,0.0222057093348048,1.0,0.1268724086567734
US05909319-3_LensData_21_4_200,0.5776851680518399,0.5776851680518399,0.5776323104205424,0.6259478765092563,0.5823735425433612,0.0253610190941603,0.0180129583843531,0.0151481169616908,0.0266209547554468,1.0,0.1963620274052581
US05917663-1_LensData_21_2.9_29,0.6595967154544513,0.6595967154544513,0.6595577799241589,0.6780235521621076,0.6315023572116079,0.1367636657806859,0.1235727335621777,0.105588683221504,0.1000103871589485,1.0,0.1203759810384977
US05917663-2_LensData_21_2.9_28,0.570675607854767,0.570675607854767,0.5706199629490449,0.6158479535572848,0.5766269962702164,0.0931367395467373,0.0826241074918022,0.0963423221377969,0.0475989241722669,1.0,0.1212601752876318
US05920436-1_LensData_23_1_24,0.5255909823194862,0.5255909823194862,0.5255322736180429,0.585857728330687,0.5461243019788016,0.3521435917765557,0.3402437249230379,0.1829008864156126,0.2743137335065623,1.0,7.177742098407688e-05
US05930056-1_LensData_25_4.6_68,0.602077942855247,0.602077942855247,0.6020280184260953,0.6494551540675393,0.6200470699091897,0.0248595132915983,0.0185717480936877,0.007623022352144,0.0273747581685925,1.0,0.2307192948920346
US05946136-1_LensData_21.7_2.9_61,0.4992721261977951,0.4992721261977951,0.4992018360875683,0.606893276080849,0.6286158403368295,0.0817435237540772,0.0818152685826035,0.0815868536924576,0.0201225327595432,1.0,0.2724789501552134
US06115188-1_LensData_21_3_295,0.5826681838769533,0.5826681838769533,0.5826164868986208,0.6095766152379768,0.5633751272431566,0.0160021123235421,0.0051753138355906,0.0064189509217185,0.0210851900402856,1.0,0.1278107856064071
US06115188-10_LensData_21_4_490,0.6375008443598492,0.6375008443598492,0.6374441362903702,0.6158138754578537,0.5619151676524985,0.0412082738894612,0.0524991211009426,0.0029172739817397,0.0029468424009258,1.0,0.1917467264109518
US06115188-15_LensData_21_4.2_590,0.6025729586780935,0.6025729586780935,0.6025244651214793,0.6176163159433644,0.5778163710810561,0.0154721498185879,0.0125104662854419,0.0041913201254846,0.0165574262479017,1.0,0.2046593946707723
US06115188-22_LensData_21_4.1_585,0.5599672098628667,0.5599672098628667,0.5599130843755533,0.6000956273455557,0.5654379123248269,0.0148790147558766,0.0079113824824438,0.0036925408094312,0.0187850049803811,1.0,0.1996516965988629
US06115188-7_LensData_21_3_392,0.5907783790485466,0.5907783790485466,0.5907287061825094,0.601106073591061,0.5511177953661809,0.0221918495349516,0.0264320273028723,0.0080401918115602,0.0096343359848002,1.0,0.1276382950526528
US06154324-1_LensData_35_3.8_123,0.5953230062287063,0.5953230062287063,0.5952737535288473,0.6080677110086667,0.5787424559393328,0.023238905343554,0.0100692366254226,0.0080632903789329,0.0297356050952701,1.0,0.1794557973107743
US06239919-2_LensData_21.7_2.9_588,0.6443044158808129,0.6443044158808129,0.6442608481966776,0.6708457803875632,0.6348503666301721,0.0492323143240023,0.0249662997232367,0.0293930285868506,0.057618851878454,1.0,0.1221344454059824
US06317275-1_LensData_33.4_2.9_148,0.5809144790852158,0.5809144790852158,0.5808633765439192,0.626044600129366,0.6017350277777903,0.0463485787736843,0.020313395729166,0.0086623997209401,0.0597287369681187,1.0,0.1217115003270382
US06366412-1_LensData_51_6.8_100,0.5262500788564077,0.5262500788564077,0.5261826995642709,0.5759518841033289,0.5676548580509545,0.0416988871253015,0.0271068921661528,0.035766771241467,0.0401950292040677,1.0,0.3673726398126812
US06384975-1_LensData_21_3_133,0.53762006255593,0.53762006255593,0.5375640049038942,0.5989000862177869,0.5865139745062161,0.0576686431369303,0.0361128425954368,0.0059668731518968,0.0690780284268872,1.0,0.1279191021501469
US06476982-1_LensData_3.4_2_5.7,0.6043257850988197,0.6043257850988197,0.6042773309026085,0.6336442457040233,0.5794852304615535,0.035804829383773,0.0300916608217559,0.0338392900957858,0.0252530937865016,1.0,0.0636401650642503
US06549343-1_LensData_21_1.8_95,0.6078761238525172,0.6078761238525172,0.6078255724574443,0.6730355848703523,0.6514852914287401,0.1238309615283487,0.0490185845567648,0.0479147458287641,0.1570863434444836,0.9789222678248236,0.0795278129108972
US06580568-1_LensData_34_5.7_292,0.57735089412405,0.57735089412405,0.5772991394892373,0.6105632837642242,0.5954757485831697,0.0160171541139851,0.0046744054391027,0.0008313389416546,0.0218641883770445,1.0,0.3002916106589439
US06844991-1_LensData_14_2.9_10,0.6114660556744307,0.6114660556744307,0.6114181206500844,0.6350069830388774,0.5861966629322636,0.0248589573275192,0.0103859017209463,0.0158067655820205,0.0300650083011253,1.0,0.1215149109301628
US06891684-1_LensData_21.7_2.9_50,0.4524593450945698,0.4524593450945698,0.4523898836606219,0.6069066018312227,0.6334918685084756,0.10181191873079,0.1008739146639694,0.0123530857270217,0.0868737612074508,1.0,0.177928281207727
US06917479-1_LensData_2.5_2.8_4.6,0.591076149538368,0.591076149538368,0.5910295072191908,0.6199197844659313,0.5661789589777452,0.0488072091507594,0.0422089621606828,0.044440099605704,0.0338143468814679,1.0,0.1148323310470171
US06927926-1_LensData_12_2.9_300,0.5543303894629915,0.5543303894629915,0.554275189525108,0.6181369858550332,0.5855030508181338,0.0228942566031579,0.0223811217113796,0.0026600014124685,0.020507878353197,1.0,0.1864231111936256
US07023628-1_LensData_NA_2_1.7,0.5891950522273077,0.5891950522273077,0.589144739028352,0.6250485374849798,0.5732073185547234,0.021896731725503,0.0201394895494992,0.0196874746841487,0.0141081267722737,1.0,0.0628606108500979
US07054076-1_LensData_3.6_3.3_10,0.5817396141370876,0.5817396141370876,0.5816894063151227,0.6105435892659122,0.5581875628951132,0.0029346374795704,0.0033898202318401,0.0018253581627876,0.0021621011739838,1.0,0.1494774655052481
US07057831-1_LensData_21.7_4.2_360,0.6809851155626706,0.6809851155626706,0.6809372214578759,0.8422424206195913,0.96071419231163,0.2205777798839752,0.1950820070821323,0.0765695170636488,0.2076628758940574,1.0,0.2041796530279591
US07061695-1_LensData_3_3_5,0.579526115307322,0.579526115307322,0.5794754362726677,0.6233178917962835,0.5734953907465782,0.0287921320406475,0.0089714994259957,0.0272880207436338,0.0318383834384355,1.0,0.1206492030464944
US07095571-1_LensData_3_3_3.8,0.5629039725025703,0.5629039725025703,0.562851033342754,0.6054209998370556,0.5557885432206501,0.0147186305117664,0.0110184106941396,0.0104955219071902,0.0145340134935958,1.0,0.129474961570712
US07154681-1_LensData_2.8_2.8_8.1,0.6216128011951374,0.6216128011951374,0.621569564488228,0.6477722418556239,0.5927448656799557,0.1127749368103845,0.0957585669374011,0.1034389563586417,0.0787061518300035,1.0,0.1131789830727918
US07161746-1_LensData_14_2.9_10,0.6110696891059952,0.6110696891059952,0.6110216843587825,0.6350046512102773,0.5860740635641317,0.024491769256507,0.0096214692528933,0.0158072774162105,0.0297913028896853,1.0,0.1215149658945794
US07164544-1_LensData_21.7_4.2_300,0.6892131153080633,0.6892131153080633,0.6891927985117505,0.5660356370844063,0.5207637137611267,0.1338423707554512,0.1688244638868356,0.0185935808808618,0.0104561300406366,1.0,0.2046295917426346
US07173776-1_LensData_4.38_1.9_2.95,0.5646708947790827,0.5646708947790827,0.5646176037846014,0.6061343922314059,0.5585826886607516,0.0512326662449351,0.0547488964524141,0.0445204686521839,0.0132184440628695,0.9249594020386408,0.0574015083457359
US07190532-1_LensData_2.9_2.9_4.6,0.5658417637252079,0.5658417637252079,0.5657907680852452,0.6058278698956863,0.5555951344608668,0.0142312357155233,0.0100225211324565,0.0100568424497625,0.0146515555065639,1.0,0.1222699571216478
US07196855-1_LensData_2.8_2.8_3.6,0.5775096099047988,0.5775096099047988,0.5774576351987181,0.613393570348165,0.5615144436350258,0.0089434533844277,0.0109280975099996,0.0009138985719953,0.0046826204664993,1.0,0.1165606138426051
US07218457-1_LensData_21.7_2.9_105,0.4132623550558288,0.4132623550558288,0.4131740525297449,0.6069721170964915,0.6658890882259454,0.1295928912165243,0.1191357965646442,0.0570586957598383,0.1135373489506576,1.0,0.1795317398131087
US07286303-1_LensData_21.7_2.8_45,0.5405924351249553,0.5405924351249553,0.5405274819170842,0.6068985699619952,0.5916136058419418,0.1133359091232664,0.1167894075924602,0.1050182096729835,0.0310726536158101,0.9937515124612316,0.1832847223961065
US07411745-2_LensData_21_2_195,0.5647489223041716,0.5647489223041716,0.5646954387416961,0.6070701348814742,0.5606784669932258,0.0644841646294495,0.0181981887260072,0.05585295843099,0.0738983556903197,1.0,0.0641824012487915
US07474478-1_LensData_2.8_2.8_4.8,0.5672944185942146,0.5672944185942146,0.5672419927388824,0.6068753462095858,0.5563329564469643,0.0114037425395748,0.0116210266724923,0.0048735966516632,0.0092165677781799,1.0,0.1212245217026999
US07554753-1_LensData_8.3_2.9_10,0.5822919915072275,0.5822919915072275,0.5822413824695875,0.6069038291808245,0.5548033897643974,0.0135647783327998,0.0096391753082847,0.0174505255144195,0.007538416455284,0.0,0.1216384831531009
US07558005-1_LensData_2.9_2.9_4.5,0.574043805142501,0.574043805142501,0.5739927093782707,0.6133161772720385,0.5631116774682714,0.0112727241358387,0.0014092895488554,0.0102081894932034,0.0135963832605652,1.0,0.1235058503514363
US07583441-1_LensData_21.7_2.8_57,0.5605671298887971,0.5605671298887971,0.5605136452642793,0.6073627670814243,0.5805136222824059,0.0644493633287858,0.0161457616666898,0.0264506721954499,0.0844761440429796,1.0,0.1182601013910272
US07633690-1_LensData_2.9_2.9_3.6,0.5691123306378522,0.5691123306378522,0.569060799437248,0.6102250504502147,0.5603301529622564,0.0126633999234368,0.010505692303847,0.0071494389049891,0.0124244081971003,1.0,0.1249635433238692
US07636205-1_LensData_2.6_2.4_3.6,0.5882457070528966,0.5882457070528966,0.5881954837742904,0.6465339809976766,0.5995144726377479,0.0784985414292069,0.0526395626530575,0.0628304250227462,0.076294850974438,0.6032993813459975,0.0894198689037591
US07663815-1_LensData_4.7_2_8.1,0.5464830092635304,0.5464830092635304,0.5464278267270001,0.606731943162245,0.5624974501074945,0.0644602900736271,0.0751572606236505,0.0110459521617773,0.0342319047919319,1.0,0.0643653106130792
US07688523-1_LensData_3.5_2.9_5.8,0.5898732683743232,0.5898732683743232,0.5898248045740694,0.6184725788458211,0.5644299956434448,0.027029187034921,0.020686084007463,0.0261951982469738,0.0213136122811174,1.0,0.1195296633795909
US07706087-1_LensData_21_1.5_51,0.5782865995124664,0.5782865995124664,0.578233752938765,0.6200133223039941,0.5815100661239712,0.1679618521109303,0.087927639616961,0.065336377403132,0.2034259498806588,1.0,0.0325769333886234
US07715116-2_LensData_21_6.7_215,0.6416716511213435,0.6416716511213435,0.6416274818394417,0.6741974846438846,0.6485071896574618,0.0108694678951956,0.0039494164469275,0.006086629944237,0.0139347588015677,1.0,0.3676192529358633
US07773305-1_LensData_1.8_3.2_1.66,0.6013466817159606,0.6013466817159606,0.601299173651895,0.6306400595359957,0.5762117147303428,0.023027855454925,0.0161409631943504,0.0231396921557478,0.0192088537243606,1.0,0.1454751643283378
US07777974-2_LensData_21.7_3.2_60,0.2221656889752992,0.2221656889752992,0.2220598180372621,0.4453729320264715,0.4702006027201535,0.2451874387031303,0.2564252186513087,0.1287791957347488,0.158082154410667,1.0,0.1392654738573966
US07791825-1_LensData_35_6_99,0.3195447366175024,0.3195447366175024,0.3060052167931203,0.436874258127943,0.4344229480937333,0.1084590571599382,0.1066554213471346,0.0906576800220782,0.0507849921698252,1.0,0.3225843780135004
US07864451-1_LensData_21_2.9_100,0.5654437444374769,0.5654437444374769,0.5653899345163966,0.5988442329356861,0.5578816612938053,0.0459925396052908,0.0527660991915284,0.0336028692304228,0.005199941790421,1.0,0.1248926392263941
US07864452-1_LensData_7.1_5.6_6.2,0.5818729413858678,0.5818729413858678,0.5818207733804572,0.6457854577147935,0.6075267009453882,0.0105786422879355,0.0096499708320582,0.0049051094629157,0.0099326045288261,1.0,0.2940248976593098
US07869141-1_LensData_2.3_2.1_1.65,0.5824803945203203,0.5824803945203203,0.582429739835833,0.6234357874747465,0.5731390244087804,0.0377395695684789,0.0333971998309608,0.0229684703248244,0.0326529452921256,1.0,0.0693557437510038
US07889441-1_LensData_3.5_2.7_4.9,0.5653802230369143,0.5653802230369143,0.5653312287065707,0.6019115023149229,0.5509650085789941,0.0069081734759344,0.007530269406652,0.0014175189310352,0.0055503478961669,1.0,0.1103621361126599
US07898744-7_LensData_21.7_3.3_45,0.5588737838962083,0.5588737838962083,0.5588173109174538,0.6206275694427222,0.5948755514987757,0.0795342614948033,0.0632804905031639,0.0578320738972116,0.0712408431637086,0.9990377908816156,0.1441668402117229
US07957079-1_LensData_3.6_2.8_6.3,0.5852222566079438,0.5852222566079438,0.5851685923276883,0.6171642465384398,0.5654966651898936,0.0085811219102858,0.0048812982277104,0.0062728978169715,0.0097991197205613,1.0,0.1177834255412315
US07961406-1_LensData_2.2_2.8_3.2,0.5626055507062723,0.5626055507062723,0.5625542615586246,0.6033153976850173,0.5533786106433173,0.0119901490698043,0.0105322222952085,0.0070835847892584,0.0110625745145563,1.0,0.1160788140877464
US07969664-1_LensData_2.2_3_3.7,0.5824573713409555,0.5824573713409555,0.5824062308805581,0.61362792573983,0.560926449208466,0.0035702263239273,0.0007836859538885,0.0029877576487969,0.0047628413198981,1.0,0.1263668215238212
US07974016-1_LensData_2.8_3_3.9,0.5367403924250387,0.5367403924250387,0.5366923415862033,0.5765480526379425,0.5280660473570306,0.0040775138111306,0.0027836457536122,0.0032833528613523,0.0045435262564701,1.0,0.1274868558704745
US08000031-1_LensData_3.6_2.8_5.1,0.572398611968862,0.572398611968862,0.5723486225461119,0.6070971727492047,0.5557635237625618,0.0076306631515189,0.0083675743199911,0.0033057900325965,0.0054982528449575,1.0,0.1154839586350014
US08000032-1_LensData_2.6_4_7.1,0.5730632570314599,0.5730632570314599,0.5730094696557958,0.6077663054611646,0.558140385133797,0.003341992816026,0.001998302901272,0.0044245576480742,0.0029442501623404,0.9796251547480296,0.1982465068586431
US08004780-1_LensData_2.3_3.3_3.3,0.4539689438673842,0.4539689438673842,0.4539210811549463,0.5146675737269846,0.4743534740008199,0.0107627394253624,0.0136965833160448,0.0025794667399899,0.0030078263006112,1.0,0.1510498020364927
US08014080-1_LensData_3.5_2.1_4.75,0.573192150893722,0.573192150893722,0.5731424423660436,0.6041019464750172,0.5518961256051454,0.0191779785156542,0.0092006931833743,0.0160189784627862,0.0211872242912074,1.0,0.0700433241746329
US08027100-1_LensData_8.5_3.2_15,0.5741880027662438,0.5741880027662438,0.5741377430595456,0.611605041110926,0.5671363410702239,0.0139848536261059,0.0096844702938493,0.0149714787728571,0.0113773941783823,0.9863129503874076,0.148434363020429
US08031409-1_LensData_14_3.7_85,0.4821769963233439,0.4821769963233439,0.4821094975294188,0.6135555045004134,0.6484751385760122,0.0070647409355001,0.0069015180038562,0.0001590457302718,0.0068416072717417,1.0,0.879172455742957
US08068290-1_LensData_0.72_2.1_2.1,0.57679509331939,0.57679509331939,0.576744491271441,0.6068332469348822,0.553401475573561,0.0054187654174414,0.0068994671203207,0.0026274523031613,0.0017395018418889,1.0,0.0712660992303149
US08072695-1_LensData_3_2.6_4.6,0.5733250989253222,0.5733250989253222,0.5732739697629422,0.6065608033288176,0.5539747641111934,0.0080081511406586,0.0099659368949754,0.0050024249849066,0.0007335245457722,1.0,0.1029902596946543
US08102607-1_LensData_2.25_2.8_3.8,0.5648192703902604,0.5648192703902604,0.5647654096879087,0.6013143862386063,0.5499446995206224,0.0059882903490489,0.0055098102471642,0.0039255560940586,0.0054391129627693,1.0,0.1165225601448129
US08107174-4_LensData_21_3.8_24,0.5612012640764147,0.5612012640764147,0.5611435235365183,0.6070438561184867,0.5656353255837763,0.0437662987954623,0.0455993351353093,0.0395691542024102,0.0136123296660962,1.0,0.1783620176338063
US08107174B2-2_LensData_21_3.8_24,0.634955152056832,0.634955152056832,0.6349109558090494,0.6562725007673763,0.6036538707848819,0.0213485101297792,0.0235030590705436,0.0125681181272968,0.0115104277073417,1.0,0.1783652727487032
US08107175-1_LensData_14.2_2.8_18,0.5832460091651708,0.5832460091651708,0.583194862246847,0.614200664123692,0.5686481884307416,0.0304849264558622,0.029329821673242,0.0048869333666959,0.027534674405767,1.0,0.1174804372480416
US08116013-2_LensData_1.66_2_NA,0.5787046536550305,0.5787046536550305,0.5786541190071711,0.6105113788351451,0.5584243787829273,0.0198761782573358,0.0119940416093081,0.0171525227977989,0.0201574572649782,1.0,0.0606118638861186
US08116014-1_LensData_2.8_2.7_4.4,0.5665848811264956,0.5665848811264956,0.5671656504570033,0.609373173276198,0.5591817544154549,0.0189450033632915,0.0235463633508851,0.002968785218344,0.0066595831321696,1.0,0.1146038622884862
US08125719-1_LensData_2_2.8_3.6,0.5730837009905996,0.5730837009905996,0.5730352255822405,0.6065861912702576,0.5545507268786276,0.0055510660702984,0.0050280181898055,0.0042871049087305,0.0048677863223389,1.0,0.1151863263188559
US08130455-1_LensData_3.56_2.9_5.9,0.5648118564421005,0.5648118564421005,0.564759138899155,0.6078993463663855,0.5583824963933802,0.021807277333032,0.0269189288646767,0.0031789273863729,0.0081482419137587,1.0,0.1207150931677398
US08134787-1_LensData_1.8_2.4_0.83,0.5700213223689653,0.5700213223689653,0.5699695241918202,0.6029332094018951,0.5504215447866854,0.0103031510358223,0.0127542474652277,0.0060831202240775,0.0008934564874665,1.0,0.0898979921498598
US08144405-1_LensData_1.8_2.9_0.7,0.5838858781878264,0.5838858781878264,0.5835643042153614,0.6244858685042148,0.5730867043921857,0.0240195016960059,0.0295272032130825,0.0056862786694245,0.0085126905679026,1.0,0.1190421839683453
US08164678-1_LensData_2.2_3.5_3.5,0.5640230718992629,0.5640230718992629,0.5640466351334984,0.601764633981215,0.5508351233247156,0.0166574447283306,0.0173800587508445,0.0140918773152157,0.0077239332259113,1.0,0.1593415995744532
US08169528-1_LensData_2.2_3_3.4,0.5720018824853158,0.5720018824853158,0.5719499117205867,0.6059200625207363,0.5541639420499906,0.0021221511186837,0.001475722997836,0.0022109611902267,0.0024113230585073,1.0,0.1290949131653824
US08179470-1_LensData_2.3_2.8_3.7,0.5734110985503669,0.5734110985503669,0.5733585961011091,0.6067245856127876,0.5543665825047533,0.0070911434189764,0.0067889333582669,0.0063423342180986,0.0048941240656649,1.0,0.1199163808008071
US08179613-1_LensData_3.5_2.9_4.9,0.5721181333166679,0.5721181333166679,0.5720668947541686,0.6072305993514806,0.5554762668880784,0.0076770092513535,0.0092315885959598,0.000687568373664,0.0045681338851955,1.0,0.1203011195030239
US08179615-1_LensData_2.9_2.4_4.1,0.5730186580635835,0.5730186580635835,0.5729677853901842,0.6062639268857033,0.553905460737579,0.0041962582824772,0.0020554953220566,0.0039410181396323,0.004889817958534,1.0,0.090053889556944
US08179617-1_LensData_29_4_17,0.9325712651648108,0.9325712651648108,0.9325798979157676,0.9218640946639222,0.8414969662817371,0.3677110644846798,0.3005828174881297,0.3496603319452361,0.2596840707324233,1.0,0.197695140473781
US08203795-1_LensData_14.5_5.3_52,0.5373563074978104,0.5373563074978104,0.5372980983046005,0.6190086337844591,0.5977734571110651,0.0248240432390608,0.0260238521064983,0.0021966934244294,0.0197647323521246,1.0,0.2760368151662704
US08223439-1_LensData_21.7_2.8_15,0.5820207378854463,0.5820207378854463,0.5819695602955381,0.6242790964391054,0.5765672981622892,0.0156340458748557,0.0122060645990462,0.0068127670045333,0.0165409464302318,1.0,0.1180906277730311
US08233223-1_LensData_21_2.9_292,0.5739080058013786,0.5739080058013786,0.5738561721052583,0.6116575485340975,0.5740024292992988,0.0267737147049563,0.0138736214277704,0.0023190262272856,0.0339497306730493,1.0,0.1218675931631594
US08238044-2_LensData_21.7_2.5_170,0.5238840043037929,0.5238840043037929,0.5238271260819469,0.5829087021984196,0.5534988459263638,0.064199457475236,0.06881697171188,0.0216763017055844,0.0441614268123355,1.0,0.0960838891355502
US08294806-4_LensData_21.7_3_65,0.6332481546339135,0.6332481546339135,0.6332055365245397,0.6502954726192747,0.6069101528080224,0.0400079736459364,0.0322950506635489,0.0347656944694174,0.0322113522458628,1.0,0.1282900142479982
US08411369-2_LensData_13.3_2.8_40,0.614840828518197,0.614840828518197,0.6147924929112486,0.6521490998936781,0.607364919961428,0.0374270231965675,0.0208561110133193,0.0185947640819761,0.0440821902893574,0.9789905248077452,0.1174144310908055
US08422143-1_LensData_21.7_5.1_26,0.569116848639872,0.569116848639872,0.5690641850342715,0.6202027420980867,0.5774898479296192,0.0112134820618376,0.0121163714842575,0.0051999411340777,0.0078104668449998,1.0,0.1983024972777346
US08427762-1_LensData_21.7_2.3_85,0.5581843569715006,0.5581843569715006,0.5581291115535003,0.6078286015226652,0.5697554327295552,0.1926732933703019,0.2046368103184787,0.0464993957811495,0.1390660206869486,1.0,0.0193157724057864
US08427762-3_LensData_21.7_2_100,0.5456265614301343,0.5456265614301343,0.545570020249139,0.6062981181103327,0.5755071746252223,0.0949714620214696,0.1061169418182285,0.0603016406275983,0.0378580730038111,1.0,0.0641382770365385
US08427762-4_LensData_21.7_2.1_134,0.4868685882094112,0.4868685882094112,0.4868021539555699,0.6069057811973882,0.5891944379373041,0.2748705203835024,0.294333765214989,0.0628570536950167,0.1945489249225323,1.0,0.0705876245783771
US08427762-5_LensData_21.7_2.1_196,0.5754506077250297,0.5754506077250297,0.5753997291056527,0.609351275199859,0.5629510702842693,0.0353472299329405,0.0099570522819776,0.0250905437391701,0.0432100578321352,1.0,0.0702695149634517
US08427763-1_LensData_8.5_1.3_32,0.5710810306107563,0.5710810306107563,0.57102747725854,0.6287010296693363,0.5871506289623083,0.2278494482572433,0.2540313852306344,0.0454149542923829,0.1435192538969497,0.9991341838698816,0.0262947021020225
US08427765-1_LensData_13.9_2_30,0.601323164428643,0.601323164428643,0.6012736238660328,0.6377357856061324,0.5919844271587973,0.057966801659754,0.0465482332482292,0.024649486690065,0.0586672928423354,1.0,0.0701882409127024
US08456765-1_LensData_13_2.2_16.6,0.5755412813861845,0.5755412813861845,0.5754901925997472,0.6076890163719891,0.5547621301789697,0.002702640277137,0.0,0.002780293304189,0.0036170094081228,1.0,0.0801891753077854
US08493664-1_LensData_21.7_2.9_55,0.5960173187282786,0.5960173187282786,0.5959666739391719,0.6335532993468264,0.5933884662600548,0.0572002285897806,0.0261097857391475,0.0428889894167445,0.0649107781331052,1.0,0.1212905950386674
US08493664-2_LensData_21.7_2.9_58,0.5865839207017365,0.5865839207017365,0.5865318093164674,0.6336450470337707,0.596408096688258,0.0618732126266817,0.005726064586831,0.0470987015478361,0.0760838977555132,1.0,0.1213118601607526
US08493664-6_LensData_21.7_2.9_60,0.5535339860316963,0.5535339860316963,0.5534773121131468,0.6075638107259766,0.5763091205681719,0.0493222517672306,0.0386777760910459,0.0131430164934678,0.0525651599632383,1.0,0.1213410829089367
US08498065-1_LensData_21.7_1.5_52,0.5353217456129881,0.5353217456129881,0.5352619926457116,0.6068606862552663,0.5779842261514919,0.2609049875344884,0.3045395664629348,0.1471116672703366,0.0696746837501169,1.0,0.0311329509845653
US08503096-1_LensData_11_1.5_25,0.5557404575052276,0.5557404575052276,0.5556857043253031,0.6069653150894424,0.5671181579281483,0.2546248491966945,0.2956062622284309,0.1666147545601215,0.0321395852979456,1.0,0.0348663784495515
US08514500-1_LensData_2.7_2.7_4.1,0.5686835241162546,0.5686835241162546,0.5686337957197296,0.6060450838262446,0.5554984444705724,0.0067095426627762,0.0056347614528285,0.006128201294401,0.0056511635124528,1.0,0.1092395795099983
US08547645-1_LensData_14_2.1_59,0.4885237140008928,0.4885237140008928,0.4884558750454209,0.63067524336334,0.6663149336860303,0.0894816004188735,0.0824395977937507,0.0040197061099222,0.0846361893460354,1.0,0.2180402742602247
US08605370-1_LensData_21.7_4_24,0.5761132022202161,0.5761132022202161,0.5760581106807997,0.6062893009622164,0.5567237362748391,0.0560415778028198,0.0409787977639474,0.058986382968635,0.0413055833489679,1.0,0.1982234279108086
US08625209-1_LensData_41_2.9_40,0.5423674467210634,0.5423674467210634,0.5423147079558619,0.6142449152980591,0.5971012561587477,0.0269493298584381,0.0187529546340955,0.0059224552502878,0.031031701823974,1.0,0.2247118368314113
US08638507-1_LensData_2.63_1.6_1.67,0.5766509100569938,0.5766509100569938,0.5765999576072475,0.6131258969071476,0.5620029766069297,0.0221650060398052,0.0190785068361934,0.0175264209971354,0.0179568226146993,1.0,0.0411331464136023
US08681435-1_LensData_14.5_2.5_59,0.5446010774417879,0.5446010774417879,0.5445465454565218,0.5873663933900095,0.5453256413345678,0.0427707323240615,0.0501865051286019,0.014194719427805,0.0200486646551806,0.9737632957719676,0.09937098110873
US08699151-1_LensData_21.7_2.9_294,0.5676698878507305,0.5676698878507305,0.5676169073322381,0.6064852571239647,0.5591516899366478,0.0084920605661904,0.0055286407393096,0.0064334654093212,0.0091509219827594,1.0,0.1217098636088536
US08717686-1_LensData_21.7_2_30,0.5606247786630228,0.5606247786630228,0.5605728328452214,0.6146006723039988,0.5820201535948399,0.1049151176835158,0.0944378774025248,0.0434351519491099,0.0953463252831108,1.0,0.0650428569770914
US08721094-1_LensData_21.7_1.3_51,0.5626903288405647,0.5626903288405647,0.5626346229995435,0.6282321282432624,0.596016680085781,0.2828575368003341,0.1755055947804865,0.1295916715786081,0.3217734242040065,1.0,0.0194268188488863
US08767318-1_LensData_5.7_4.5_100,0.5559366144810652,0.5559366144810652,0.5558829276776536,0.5934178553976995,0.5442176118946255,0.0040570061418715,0.0037926260099801,0.0039901463560147,0.0030769232996467,1.0,0.2972340012324244
US08773783-1_LensData_21.7_1.3_85,0.5412455550128131,0.5412455550128131,0.5411862517042508,0.606968748864612,0.5504237532405932,0.4748862765194308,0.290966289921985,0.5768612355684933,0.3235291534179219,1.0,0.0189957390362783
US08773783-2_LensData_21.7_1.8_83,0.6295846993157289,0.6295846993157289,0.6295246110891988,0.65650428453023,0.6157629962371344,0.1033668807644878,0.0398483764264067,0.0553968964419102,0.1278519285138564,1.0,0.0510529044724545
US08773783-3_LensData_21.7_2_132,0.6110904645405407,0.6110904645405407,0.611042304240207,0.6551851879978512,0.6154179756077608,0.064943248549944,0.0267921861905501,0.0417211621618029,0.077631083581994,1.0,0.0701613388843322
US08773783-4_LensData_21.7_1.5_50,0.5633361360859781,0.5633361360859781,0.5632839169195222,0.6060240374975684,0.5653308936772502,0.0992572216343688,0.1010439599560532,0.0855918376869115,0.0424280864673131,1.0,0.0321994622037188
US08830298-1_LensData_1.7_2.5_1,0.5713612422195319,0.5713612422195319,0.5713083366201952,0.6110084178697353,0.5600431229684125,0.0206900094133023,0.0047637553546486,0.0207982346426464,0.0228753365216968,1.0,0.096394334267932
US08830599-1_LensData_21.7_2.6_18,0.5564175119357443,0.5564175119357443,0.5563621738630824,0.5992043233614783,0.5573831430590842,0.0315472587446624,0.0306304553724907,0.0044682866784726,0.0281914067377902,1.0,0.1028008034576282
US08854747-1_LensData_13_2_21,0.5806614857215979,0.5806614857215979,0.5806103547015582,0.6177904455591916,0.571283429688684,0.0321690965922271,0.0244599798501914,0.0094232237399728,0.0349879817502176,1.0,0.0702338491642049
US08861085-1_LensData_21.7_2.9_28,0.5551128480267125,0.5551128480267125,0.5550578944467047,0.609578129981231,0.5739149684892969,0.0420939998593107,0.0468801232905469,0.0162180365401511,0.0250652677294133,1.0,0.1213152679545847
US08867146-1_LensData_21.7_3_36,0.5426255608751148,0.5426255608751148,0.542572468702347,0.6067220505369649,0.5739637123417257,0.0632507981944668,0.0684713021659346,0.0507434683828048,0.0198662927597759,1.0,0.1323410383266877
US08934179-1_LensData_2.7_2.2_4,0.5779776077650512,0.5779776077650512,0.5779183473659039,0.6061724876933806,0.5524784088983705,0.0078971990527303,0.0087220470221026,0.0068236182217195,0.0030349531509303,1.0,0.0768654953545907
US08934179-2_LensData_2.8_2.2_4.1,0.5815515383298112,0.5815515383298112,0.5814976222013796,0.6093710932220643,0.5554050970579728,0.0044187601197189,0.0055649919309947,0.0021161485595817,0.0019841763653649,1.0,0.0765165140589817
US08934179-3_LensData_2.8_2.2_4.1,0.5820687917275477,0.5820687917275477,0.58201630374019,0.609642147184328,0.5555964574655801,0.0030116588974687,0.0023815129086449,0.0025179732964561,0.0032253997869443,1.0,0.0768688970412654
US08934179-4_LensData_2.8_2.2_4.1,0.5803486544487549,0.5803486544487549,0.5802957938780519,0.6094896793108602,0.5558422248004904,0.0085447097948446,0.0102177606901009,0.0063130779087466,0.0014396643802303,1.0,0.0767714329162348
US08934182-1_LensData_21.7_1.5_51,0.5780813304562665,0.5780813304562665,0.5780279617471404,0.6290872476043691,0.5936446122665756,0.1750601120979732,0.0627544589080453,0.0912550237577034,0.2185510992808133,1.0,0.032268589118389
US08941921-1_LensData_21.7_1.8_132,0.5646363864038616,0.5646363864038616,0.5645837140399206,0.6037617216533383,0.561629713529105,0.0756274460867935,0.0758547896035564,0.016866838445589,0.062391320069004,1.0,0.0513863125166801
US08964096-2_LensData_21.7_1.5_51,0.4820410991698067,0.4820410991698067,0.4819733360456413,0.6294681477097457,0.6198029804292537,0.6942523168571728,0.8020308904216092,0.0486404347571777,0.3852789192122887,1.0,0.0321598145378439
US08970966-1_LensData_21.7_2.8_45,0.5610215923739262,0.5610215923739262,0.5609684694197629,0.6096750300640456,0.5738649161614567,0.0399358897131249,0.014197815461879,0.0175343909866642,0.0511272306616808,1.0,0.1156040436710611
US08970966-2_LensData_21.7_2.8_39,0.5480560816951335,0.5480560816951335,0.5480015116976047,0.6017715387147673,0.5664387686036536,0.0735200106992917,0.079258720153504,0.0636747941191152,0.0141417281267856,1.0,0.1155724879887481
US08970966-3_LensData_NA_NA_NA,0.6583676908173788,0.6583676908173788,0.6583297216675105,0.6850265344763536,0.6380591490120745,0.2431508556968631,0.1825519431973006,0.2231692197344729,0.1982706614554474,1.0,0.117511864680049
US08976458-1_LensData_10_3_146,0.5816546170892953,0.5816546170892953,0.5816037193817181,0.6067863270772157,0.5595066564320773,0.0193342773351997,0.0082547624264654,0.0116029450834441,0.0236515369267631,1.0,0.1281067873115255
US08988789-1_LensData_3_2.3_4,0.5775296890081052,0.5775296890081052,0.5774781828727069,0.6099320325532095,0.5579443890406146,0.0025597440654178,0.0016629835263408,0.0023103711332913,0.0030329393621585,1.0,0.0959270817620126
US08988789-3_LensData_2.7_2.2_3.7,0.5805711237404794,0.5805711237404794,0.580521456478327,0.6130536092752075,0.5606859353338767,0.0088136285945556,0.0071504662897043,0.0081455326056039,0.0073786936364198,1.0,0.082221014362202
US08988789-6_LensData_2.8_2.5_4.3,0.571551279320984,0.571551279320984,0.5715035474814357,0.6070522573187985,0.5558601978265059,0.0095708301380574,0.006725926582085,0.0093522962617111,0.0086447200906637,1.0,0.0826475687711727
US09001440-1_LensData_21.7_2.9_60,0.5618295194273835,0.5618295194273835,0.5617738494172161,0.6073241286815201,0.5696492268846628,0.0375626077970843,0.0326253165563859,0.0098525164685598,0.0372079672571065,1.0,0.1215113016001363
US09110286-1_LensData_11_5_245,0.6319528349156569,0.6319528349156569,0.6319097546810606,0.6279773778593694,0.5609275076122366,0.0277728459542332,0.0319464603083534,0.0193395792126729,0.0066958312398068,1.0,0.305134293337763
US09110286-3_LensData_11_5_245,0.6319528349156569,0.6319528349156569,0.6319097546810606,0.6279773778593694,0.5609275076122366,0.0277728459542332,0.0319464603083534,0.0193395792126729,0.0066958312398068,1.0,0.305134293337763
US09128271-1_LensData_1_2.8_1,0.5741499587827411,0.5741499587827411,0.5740986633083739,0.6056088636082255,0.5524907613197793,0.001943811171579,0.0021818095166248,0.0020691360353043,0.0013183728680264,1.0,0.1117863130052527
US09182570-1_LensData_14_3.7_10,0.575055395886492,0.575055395886492,0.5750022516297141,0.6176856405774225,0.573468756859507,0.011188492160045,0.0094766149016012,0.0027621727120664,0.0117738656120282,1.0,0.1718495465130268
US09304299-2_LensData_1.82_4_1.3,0.5676728622020601,0.5676728622020601,0.5676202160632817,0.6039110021691992,0.5520763012442894,0.0092308099125468,0.0103699602865105,0.0072454480311429,0.0036136307702201,1.0,0.1941115276871034
US09389399-1_LensData_0.9_1.9_1,0.5739822132082648,0.5739822132082648,0.5739307996546467,0.6068164341355632,0.5541023696621021,0.0065617688916066,0.0067276705063558,0.0066851697322246,0.0029041896471322,1.0,0.0571735098383252
US09405094-1_LensData_21_5.7_775,0.6217542449336285,0.6217542449336285,0.6217110017733526,0.6112544831374287,0.5377827804524112,0.0173601286393058,0.021081200343812,0.0037163810932328,0.0077019632344694,1.0,0.3012324121500674
US20010040736_Example02_Tale24_LensData_3.52_NA_NA,0.5661545523021556,0.5661545523021556,0.5661012829630826,0.6117731391684781,0.5648328347920007,0.0377205300773115,0.0429133268649122,0.0271475023169084,0.008865810938158,1.0,0.0887727667194121
US20030223122_Example04P_LensData_21.6_4.5_75,0.4990507945576101,0.4990507945576101,0.4989830941429676,0.611810415339323,0.6214890081359621,0.0658680013753125,0.0758920220251695,0.0383575518298357,0.0223846497023723,0.9869688030870872,0.2343166671043462
US20040017605_Example03P_LensData_10.8_2.8_300,0.6060450521576357,0.6060450521576357,0.6059993982713696,0.604460980330364,0.6284754202209438,0.1487633985091576,0.13765459165004,0.0153854772976015,0.1391216995276329,1.0,0.1223909093740591
US20040223070_Example04P_LensData_21.64_4_28,0.5592137557853084,0.5592137557853084,0.5591551407812069,0.6057860321639202,0.5723700728342735,0.0428393984449114,0.0459457178441279,0.0390136080432295,0.0053582303533972,1.0,0.1888935357571012
US20060023317_Example01P_LensData_13.65_4_17,0.5558416591978932,0.5558416591978932,0.5557837321306007,0.6080380447919694,0.5740010856182711,0.0337749270606201,0.0351154519007128,0.0326535719093874,0.0065286037363518,1.0,0.1987802968444928
US20080212200_Example01P_LensData_21.6_2.8_70,0.5599591046293464,0.5599591046293464,0.5599032498004591,0.606771904402212,0.5883126210682034,0.0778396465250837,0.0710617956516546,0.0904021462488266,0.0128604938307215,1.0,0.1192134164476741
US20090190220_Example05P_LensData_14.3_3.5_85,0.5398916219812396,0.5398916219812396,0.5398350708409294,0.6068728965291078,0.6035104442211154,0.054833769765686,0.0203838816555225,0.0213907358950592,0.0702815262523838,1.0,0.2014306871223868
US20090290227_Example01P_LensData_14.2_3.5_18,0.5636902399283032,0.5636902399283032,0.5636326206019461,0.6069194602456468,0.5700319443469615,0.0703269312668703,0.0640107410248309,0.0721876801906711,0.0336320345549315,1.0,0.1651085944194017
US20090296231_Example01P_LensData_21.6_2.8_70,0.5622619182263604,0.5622619182263604,0.5622058649519083,0.6074863275278258,0.585589983543889,0.0718050130383038,0.0613666015659151,0.0887656184670593,0.0128270982595729,1.0,0.1213809321110061
US20100073777_Example01P_LensData_14.2_1.4_55,0.5582817102114147,0.5582817102114147,0.5582242495085237,0.6074505821709456,0.5698338881663976,0.2388130143260222,0.2664669758145656,0.1882287590514977,0.0233979531569866,1.0,0.0260315141536426
US20100149663_Example01P_LensData_14.2_2_30,0.5590872001055349,0.5590872001055349,0.5590302110475824,0.6064841309137733,0.5635338769117768,0.1935513064778247,0.2073866849008704,0.1550732480945713,0.0645266094758796,1.0,0.0685652882608831
US20110176215_Example01P_LensData_15_2.8_40,0.5586931169912132,0.5586931169912132,0.558638284615313,0.6091279405343373,0.5712052639996531,0.0347022580554782,0.0365983909764047,0.0319656623266676,0.0081638440834357,1.0,0.1203734465681745
US20110286106_Example01P_LensData_14.2_3.5_18,0.5752703231423705,0.5752703231423705,0.5752232071592508,0.6067619566323366,0.5685852698471384,0.0204475475542049,0.0110307713527503,0.0109678066027848,0.0243002364871525,1.0,0.1644842108606023
US20110286116_Example01P_LensData_14.5_2_60,0.5545129489605853,0.5545129489605853,0.55445953083801,0.6076386917294545,0.5734476304161327,0.0758486844728801,0.0273716393369813,0.0298171574402371,0.0972533052689809,1.0,0.0675735408626848
US20120002298_Example06P_LensData_14.24_3.5_18,0.5643158011682738,0.5643158011682738,0.5642590270940934,0.6068953243086734,0.5713775415660979,0.0494091883715566,0.0483312434991635,0.0508189218269022,0.0144509699783984,1.0,0.1663203460559672
US20120056976_Example01P_LensData_14.3_2.8_20,0.5622027289066004,0.5622027289066004,0.5621483012618445,0.6157935737387698,0.5734877030693486,0.0349244431754782,0.038088570567002,0.0289770259321288,0.0091955399676715,1.0,0.1185187578286123
US20120063011_Example01P_LensData_30.7_3.5_50,0.5582282770746404,0.5582282770746404,0.558171313305734,0.6067976418028299,0.5739115420887058,0.0603391402596932,0.0607429281653821,0.0584753132063994,0.0182280297439052,0.9816465697500024,0.169596542860336
US20120147254_Example04P_LensData_10.8_3.5_8,0.5535005442775707,0.5535005442775707,0.5534442876930579,0.6068928979464814,0.5640668340628534,0.0317647626015455,0.0288703220233749,0.0247006889427828,0.0235824948032911,1.0,0.1250588516223358
US20120307129_Example01P_LensData_14.4_2.8_16,0.5624592617599449,0.5624592617599449,0.5624062343744662,0.6067158135256835,0.5680887521855424,0.0242435369915477,0.0230325170328315,0.0145146999943382,0.0193324094853507,1.0,0.1212554972050594
US20130033768_Example02P_LensData_14.2_1.8_24,0.572157125149048,0.572157125149048,0.5721078266648861,0.6116308002542701,0.5667481614285925,0.0562081391724153,0.0413814006480811,0.0331556048069321,0.0572059953957923,1.0,0.054558229608354
US20130057972_Example03P_LensData_14.2_2.4_16,0.5680651749893019,0.5680651749893019,0.5680122904043307,0.6102390092803942,0.5650463233265933,0.0438377903075338,0.0318738631539107,0.0192737786068802,0.0472154929054261,1.0,0.0936878131063262
US20130148006_Example01P_LensData_10.2_2.5_14,0.5763200518008339,0.5763200518008339,0.5762692840438649,0.606877898616567,0.557567282962404,0.0152572241311944,0.008522789481557,0.0215659626623388,0.0083619245601777,1.0,0.0977384707555714
US20130155294_Example01P_LensData_14.2_3.5_18,0.5607772099961168,0.5607772099961168,0.5607253535835075,0.6076399666724972,0.5729750229562972,0.0218441167888954,0.0058135281117699,0.0067929845023062,0.0292791667649812,1.0,0.1670794901500711
US20130222925_Example04P_LensData_34.85_2.8_90,0.5549301270610052,0.5549301270610052,0.5548749421564091,0.6072545967037838,0.5851854430699477,0.0454714132835279,0.0240844331020564,0.0084933965028927,0.0567306674163434,1.0,0.1181787784830187
US20130235467_Example01P_LensData_14.2_3.5_10,0.6349372896467845,0.6349372896467845,0.6348886025609571,0.6803778703037562,0.635063723842227,0.101190453424729,0.1038639539090588,0.0838645446421314,0.0452105203260922,1.0,0.177922448872405
US20130314588_Example01P_LensData_14.2_1.8_45,0.5569103646292733,0.5569103646292733,0.556855179835336,0.5985356147902342,0.5567157828790282,0.1095987823827969,0.1107110073816801,0.1070267810860486,0.0272310139766017,1.0,0.0536826342368465
US20140071331_Example04P_LensData_21.63_1.4_50,0.5580866858412381,0.5580866858412381,0.5580335158965058,0.6071119477193944,0.5669771401550121,0.1695357431265421,0.1506064772441281,0.0335724361455805,0.1638180046365235,1.0,0.0291168500747821
US20140204265_Example04P_LensData_14.2_2.8_20,0.6138515483202626,0.6138515483202626,0.6138037300963698,0.6681405661572702,0.6238113578012741,0.0697287048036069,0.0236916973000535,0.0627542326318854,0.077322449152326,1.0,0.1347979111078811
US20140247506_Example01P_LensData_14.2_2.4_60,0.6124328852061428,0.6124328852061428,0.6134756303786776,0.6077076347629133,0.556532589056798,0.082095822696914,0.0296151084335352,0.0999856598253522,0.0717575859475609,1.0,0.0944688330382558
US20150077859_Example04P_LensData_21.63_3.5_28,0.5230174406483485,0.5230174406483485,0.5229569061365451,0.5762307755305847,0.5461940593931044,0.0255983758814577,0.0122294851005373,0.0117268333304618,0.0316128773644743,1.0,0.1656561560452003
US20150097989_Example02P_LensData_18.2_3.5_12,0.5621493536033573,0.5621493536033573,0.5620993640310694,0.6070986178527129,0.5650940677306885,0.0142888178721817,0.0099421797606595,0.0075707229795165,0.0157552935288373,1.0,0.1684618452287527
US20150185495_Example01P_LensData_14.25_3.5_18,0.5918109765612072,0.5918109765612072,0.5917586493637982,0.6073295700350697,0.5637939111830473,0.0639283748587721,0.050784217904403,0.0715175540763855,0.0368468418237666,1.0,0.1676605800700246
US20150205081_Example01P_LensData_21.6_2_35,0.5528061522083753,0.5528061522083753,0.5527519697877878,0.6071302979500296,0.5694376098359352,0.0899301597570676,0.1018298604552136,0.0605573594145073,0.0265800986348234,1.0,0.0668876765502866
US20150226943_Example01TCP_LensData_NA_NA_NA,0.5737932101237697,0.5737932101237697,0.5737429997608614,0.5881454166758705,0.5274584171376023,0.0162231809583012,0.0183285869832533,0.0054943916992629,0.0100840484483234,0.8832026719786156,0.2004988142953897
US20150226945_Example01P_LensData_21.63_4_70,0.5698301060845118,0.5698301060845118,0.5697787412768759,0.6086268494748863,0.5955119013983448,0.0244898951562814,0.0075640319334741,0.0140761566936681,0.0310423709693092,1.0,0.2013650718232246
US20150241657_Example01P_LensData_4.7_2.8_15,0.5713820195948,0.5713820195948,0.5713295838522434,0.605960306416143,0.5597255456758786,0.0267083843685809,0.0239925996674558,0.0303269686664559,0.0098738930912103,1.0,0.1215958002299955
US20150316753_Example01P_LensData_14.2_3.5_16,0.6105785003879525,0.6105785003879525,0.6105269551133735,0.6460375220842287,0.6022396779367855,0.0134236375093041,0.0094929943743053,0.0098527944321924,0.0136578294507709,1.0,0.1646292375275051
US20160103303_Example01P_LensData_21.64_2.8_70,0.5807050592116964,0.5807050592116964,0.5806528685762558,0.6082958067009884,0.5870259144630932,0.0424350781254776,0.0193303397744327,0.062486521193232,0.0208188711685143,1.0,0.1215560731710743
US20160209632_Example01P_LensData_21.63_2.8_90,0.5909303787649527,0.5909303787649527,0.5908802575553824,0.6119006514341329,0.5841180115733714,0.0458188657690032,0.0318109344266725,0.0083358738808266,0.0526321388377266,1.0,0.1239300046475467
US20160274335_Example01P_LensData_14.2_2_90,0.5722574492469913,0.5722574492469913,0.5722061254421735,0.6044857670381595,0.567245377055505,0.0471684742673414,0.0069063193022489,0.0038103752323203,0.0647139869613384,1.0,0.0676872988836726
US20160313535_Example01P_LensData_13.66_3.5_28,0.6016264170714306,0.6016264170714306,0.6015806844333191,0.619807983053026,0.5774954484167307,0.0432814434335067,0.0420516515636816,0.0194139790760028,0.0353335497807875,1.0,0.1665128803003255
US20170059832_Example04P_LensData_10.82_1.7_25,0.5717251544734584,0.5717251544734584,0.5716716324160143,0.608389217548926,0.5614862883623868,0.1429135057337969,0.1373118828105684,0.1373771349111287,0.0626023879128723,1.0,0.047445241699915
US20170068075_Example02P_LensData_21.64_3.5_28,0.5641172233351683,0.5641172233351683,0.5640613701089169,0.6053060006678482,0.5715445701427762,0.0212051762102748,0.0083972977516312,0.0052048119786652,0.027802987029509,1.0,0.1664791504699763
US20170242219_Example01P_LensData_27.5_2.8_63,0.5739465209923084,0.5739465209923084,0.5738931749221248,0.6069393391490608,0.565943127729553,0.034464084411122,0.0299878041925615,0.0425408734798924,0.005981828766013,1.0,0.120072485851243
US20170242227_Example02P_LensData_10_3.5_12,0.5677250948078854,0.5677250948078854,0.5676703385053526,0.6067842066887494,0.5639643113960245,0.0261021807321992,0.0274577325585252,0.0247394432107431,0.0055569135587793,1.0,0.1682394286632104
US20170329112_Example01P_LensData_14.2_4.5_55,0.5630543136775134,0.5630543136775134,0.5629981699685394,0.6076122339828662,0.5895638482354052,0.0360230054103419,0.0294313634322709,0.0452984809939218,0.011023866483426,1.0,0.2300908134306162
US20180031811_Example04P_LensData_21.6_4_600,0.7359408927650397,0.7359408927650397,0.7359170072580119,0.6097730267365261,0.6731716745445288,0.155426605211608,0.1553116150159147,0.006213160230597,0.1312057641059423,1.0,0.1969970618465723
US20180059384_Example01P_LensData_27.5_4_120,0.6238395396339147,0.6238395396339147,0.623799233048334,0.6063638986800306,0.5708029425971866,0.064404869113399,0.0734034858945584,0.0231939343933512,0.0344961577070437,1.0,0.1996678805659869
US20180074300_Example01P_LensData_13.6_2.8_35,0.5879177505650444,0.5879177505650444,0.5878663855752837,0.6023841948531438,0.555459913599829,0.0243307789204089,0.0224330828580671,0.0186330164865424,0.0180155493958114,1.0,0.125146996225166
US20180074300_Example02P_LensData_13.6_3.5_18,0.5594330081353885,0.5594330081353885,0.5593762527601874,0.6028598091095783,0.5662292577449004,0.0419935651762777,0.0424984505973446,0.0421030602630559,0.0091700851071784,1.0,0.1664500071148383
US20180095255_MLP_LensData_21.6_2.8_400,0.6559941250758479,0.6559941250758479,0.655957004742398,0.6029082786879278,0.6178355285245964,0.1571266248813095,0.1546747057114265,0.0144304135329329,0.1354145122395198,1.0,0.1213585249504862
US20180100988_Example01P_LensData_27.5_2_110,0.5936876303939923,0.5936876303939923,0.5936399923599874,0.6073218879202802,0.5676845551060661,0.0770759102390384,0.0819366051829218,0.004185008057742,0.0579486422819531,1.0,0.0676820406211467
US20180196240_Example11P_LensData_8.2_3.5_10,0.5654260225357398,0.5654260225357398,0.5653728741509804,0.5971009017842931,0.5505105395556895,0.0107001823016127,0.0062384270606407,0.0154898704228875,0.0053833911602951,1.0,0.1664631008603152
US20180210178_Example01P_LensData_29_4_23,0.5751529028316295,0.5751529028316295,0.5751104265207818,0.6114473827130391,0.5700569920254249,0.0142136658834993,0.0055968587578576,0.0065630103104305,0.0182673027767258,1.0,0.1914009391586657
US20180246292_Example01P_LensData_14.2_2.8_80,0.5743045497518521,0.5743045497518521,0.5742524096320061,0.6060687159637711,0.5671356713252825,0.0232028599593363,0.0154448214741594,0.0103783026824085,0.026275224264327,1.0,0.1202373058152963
US20180284478_Example01P_LensData_10.8_4_100,0.624814279162462,0.624814279162462,0.624768516936914,0.6361525845909426,0.6101966753380522,0.0282583837393105,0.0222486454737336,0.0020140255629506,0.0308551072062353,1.0,0.19944785189899
US20190086645_Example01P_LensData_28.6_4_250,0.7204140297050948,0.7204140297050948,0.7203877189904003,0.6070749838245145,0.644844897465598,0.065570233622323,0.0694650123417743,0.0007981906983,0.0499029252499768,1.0,0.305313019299228
US20190094496_Example01P_LensData_28.6_4_250,0.640581225123552,0.640581225123552,0.6405411753196538,0.607245038727419,0.6054145343984579,0.0624113676269079,0.0616886112270273,0.0012268927126228,0.0540836606719589,1.0,0.1997427359943032
US20190113711_Example01P_LensData_21.6_1.8_35,0.5662867329720725,0.5662867329720725,0.5662331981837889,0.6099739207028912,0.565614610431413,0.1149554051431525,0.1319196899112835,0.0817768128646238,0.0107422997864882,1.0,0.0554029166562336
US20190250367_Example01P_LensData_21.6_1.4_50,0.5660535186760599,0.5660535186760599,0.5660011735649354,0.6071262626261035,0.5674931119932013,0.0978051972613306,0.0631847970121725,0.0228897453518031,0.1143563938129663,1.0,0.0286119225148297
US20190265504_Example01P_LensData_15.4_2_200,0.606630737760192,0.606630737760192,0.6065854932156067,0.6101508015613546,0.5851149340436748,0.154328086269029,0.1449685257589089,0.0341769732565198,0.1395842066620191,1.0,0.067835318057704
US20190369371_Example04P_LensData_21.63_2.8_16,0.608777684945257,0.608777684945257,0.6087318871917985,0.6409416194883646,0.5984168593103097,0.0860749225493704,0.053781888324713,0.0726993459849287,0.0845522261236139,1.0,0.1198202297146186
US20200018936_Example01P_LensData_15.4_2.8_200,0.6415419953314213,0.6415419953314213,0.6415042905192414,0.606212583171048,0.602858260176435,0.1736392251311758,0.1718020020018393,0.0509999028512867,0.1430523783788885,0.9994249628435672,0.120435586894773
US20200073096_Example03P_LensData_14.2_2.8_16,0.5678068477439181,0.5678068477439181,0.5677547381277,0.6077778404500479,0.5614475856547061,0.0189157958815383,0.0141306634472761,0.0064689186791163,0.0208379602831273,1.0,0.1200846146658499
US20200166730_Example01P_LensData_27.5_3.5_50,0.5708196207217263,0.5708196207217263,0.5707733932680931,0.6047891253345583,0.5602386823443052,0.007300380614068,0.0029360295422044,0.0030927004972973,0.0096726378645558,1.0,0.1642575986779225
US20200174231_Example01P_LensData_29_2.8_45,0.5669210620082309,0.5669210620082309,0.5668684625095889,0.6064641726667399,0.5677384121551694,0.0387047744769542,0.0250869422781014,0.009233704612266,0.045498402225628,1.0,0.12031023748903
US20200192060_Example02P_LensData_28_3.5_120,0.5869848825129479,0.5869848825129479,0.5869372882303433,0.6060321532064329,0.5693444353779117,0.0420751779688382,0.0350682069383409,0.0223993483730825,0.0400556642264553,1.0,0.1601388828665531
US20200271904_Example03P_LensData_NA_NA_NA,0.5716250617096391,0.5716250617096391,0.5715744722645805,0.5880212127708202,0.5276581279821393,0.0095250047988386,0.0089849988178656,0.0042208078680883,0.0087296689973438,0.9652327729156291,0.2010834036165364
US20200271904_Example06P_LensData_NA_NA_NA,0.5975517641833349,0.5975517641833349,0.597505191947551,0.5964262423234391,0.5246546301085585,0.0091409198629777,0.0064489302155144,0.0038315088881795,0.0104980349343655,0.9185757892209876,0.2728931864276977
US20200319427_Example01P_LensData_28.02_2.8_65,0.5563920461630195,0.5563920461630195,0.5563364703452602,0.607673162458404,0.5711181247901633,0.0447129575169633,0.0502490340524111,0.0167355795646631,0.0257505073751505,1.0,0.1155470211423682
US20200341238_Example03P_LensData_13.2_2.8_18,0.5633778786984539,0.5633778786984539,0.5633260111370264,0.6068819635610186,0.560558744426895,0.0245900621107107,0.0028718172880329,0.0207618888758309,0.0296558053757191,1.0,0.1223687220712057
US20200371325_Example02P_LensData_10.8_1.7_10,0.5713914899325389,0.5713914899325389,0.5713395973930787,0.6069152745991294,0.5620339614611382,0.0742050871823113,0.0677474069395227,0.0823012977788199,0.0241256220830054,1.0,0.0459171148811272
US20210072505_Example01P_LensData_21.6_2_85,0.5587385186419226,0.5587385186419226,0.5586846309190687,0.6038984134458782,0.5690956615951206,0.0777789336526685,0.0796243474544021,0.028787873286565,0.0588815746974158,1.0,0.0676811795119526
US20210231927_Example03P_LensData_14.2_1_50,0.5687474119252284,0.5687474119252284,0.568692177760731,0.6068588573453751,0.5645479394879159,0.4149460118907895,0.418880313288108,0.3912908532436642,0.1278699796860673,1.0,0.0016837005465295
US20210263286_Example01P_LensData_21.64_1.8_50,0.5595893255712506,0.5595893255712506,0.5595339180841582,0.6059862215399138,0.5662522936738525,0.1404076115743755,0.1558257239906909,0.1137091907774418,0.0120365300239854,1.0,0.0562164999514481
US20210286156_Example06P_LensData_14.2_4_70,0.5743683595437807,0.5743683595437807,0.5743158993785502,0.6067948247017914,0.579080399960391,0.0222510095814656,0.0193503606999896,0.0259934558097773,0.0088634417218053,1.0,0.1999672289933633
US20220011542_Example01P_LensData_14.2_1.4_18,0.5714555892802671,0.5714555892802671,0.5714060414330925,0.6065056316339145,0.5595523784690944,0.223332080616766,0.2122542542445556,0.2179208697352817,0.0980494431937541,1.0,0.0277153307361628
US6844989_LensData_3.9_2.8_4.2,0.5656118696172775,0.5656118696172775,0.565558510927392,0.6131809630395398,0.5643036044068939,0.0307767130379189,0.0376058158228837,0.0034152874298809,0.0123679657918315,1.0,0.1153705853649301
US7643225_LensData_4.1_2.8_3.67,0.5750093076081559,0.5750093076081559,0.5749592878172858,0.6112033754416413,0.5595012395171086,0.0039056025404716,0.0021250295333899,0.0042504707643401,0.0041491193353899,1.0,0.1140956368635349
US8558939_LensData_3.5_2.84_3.74,0.5588346585421191,0.5588346585421191,0.5587803869076273,0.60437662737609,0.555730579687857,0.027799888821744,0.0349103502480906,0.0065383952957869,0.0057594311039065,1.0,0.118968910293797
WO2014-007298_Example02P_LensData_14_4_10,0.5776659657669667,0.5776659657669667,0.5776158017044061,0.6068823732065834,0.5627891155075041,0.0050664980324017,0.0029447554806189,0.0052121423970298,0.0052391315170818,1.0,0.1991591421398135
WO2014-061226_Example01P_LensData_8.2_1.2_32,0.5701820755202126,0.5701820755202126,0.5701292478159192,0.6074339908953437,0.5609083987859763,0.1089222960005074,0.121497487784493,0.0844126669898258,0.0195286600245098,1.0,0.0156313304503478
WO2016-136352_Example02P_LensData_21.63_2.8_90,0.5835172321235362,0.5835172321235362,0.583467267903562,0.6084136866238529,0.572999563506238,0.0277465755122256,0.0053373746957859,0.0092342496824423,0.0373813875762119,1.0,0.1201468954570688
WO2017-134928_Example03P_LensData_NA_NA_NA,0.5782969734506094,0.5782969734506094,0.5782484036721751,0.5774674123014231,0.5089625089243444,0.0115843021276943,0.0122421956910474,0.0031680452597194,0.0091934758161292,0.9736263591622668,0.3124058108381279
WO2017-134928_Example06P_LensData_NA_NA_NA,0.5308177323210882,0.5308177323210882,0.5307591796614171,0.5575639808864421,0.50252959339413,0.053905062531878,0.0396480674277788,0.0526027404215486,0.0431060632239113,1.0,0.2114851996093862
WO2017-138250_Example02P_LensData_21.6_1.4_50,0.5764704337309497,0.5764704337309497,0.5764200838382678,0.6116616131634371,0.5678966192102408,0.0752421253840543,0.0426651220804512,0.0242742601591403,0.0906467838282926,1.0,0.0284672622773712
WO2017-221949_Example01P_LensData_28.04_3.5_45,0.4809750292396047,0.4809750292396047,0.4809059742724131,0.6071979458732794,0.5933976001616553,0.0968407773103358,0.1118504388422347,0.0087940181044517,0.0546633181088763,1.0,0.1592653517142485
WO2019-073744_Example01P_LensData_21.6_1.4_24,0.5587050295341677,0.5587050295341677,0.5586517167511934,0.607311704761761,0.5675406225314158,0.1364001245150367,0.1460371063997488,0.0675892654440526,0.0839040049192881,1.0,0.0277979117185968
WO2019-116563_Example03P_LensData_21.6_1.4_105,0.5921764103415871,0.5921764103415871,0.5921277260248021,0.6160715065954038,0.5754574128834228,0.119113321499628,0.0407410851181215,0.039814010361111,0.1544697086999025,1.0,0.0300355375489412
WO2019-187633_Example01P_LensData_21.6_1.8_135,0.6041448756035099,0.6041448756035099,0.6040984319340102,0.6105066439626389,0.5751889303818435,0.1153481117375407,0.1092497383167905,0.002113728647415,0.1054522559941792,1.0,0.0543342862534604
WO2019-220618_Example09P_LensData_21.6_1.8_50,0.5767621639160089,0.5767621639160089,0.5767114260890901,0.6068913538978137,0.5640911438204197,0.0316862976138017,0.0123947061533248,0.0235902380789582,0.0371946202203738,1.0,0.054307848369053
WO2019-229849_Example01P_LensData_21.7_0.95_58,0.5614964588393113,0.5614964588393113,0.5614392917925768,0.6016530796160965,0.5642740791887195,0.3683741427906439,0.3793724615775341,0.3560299311802197,0.0479646355059069,0.985006226147792,0.0144365017469523
WO2020-119907_Example01P_LensData_21.6_2.8_150,0.6483711455751603,0.6483711455751603,0.6483326643146194,0.6467298041821724,0.6151441429701202,0.1682982673423109,0.1628272628381617,0.1009193384485315,0.1246457154081109,1.0,0.1169819222033646
WO2020-158622_Example03P_LensData_21.6_1.4_50,0.5875240621936825,0.5875240621936825,0.5874776323880629,0.6071003695601708,0.5591103445724563,0.0588555763178733,0.0105821004743432,0.0077586493279703,0.0801878082911245,1.0,0.0294968251942228
WO2020-230915_Example01P_LensData_21.6_2.8_24,0.4893302666346634,0.4893302666346634,0.4892974061225694,0.552021473242377,0.5167059674972808,0.0691633235132946,0.0080692665189161,0.0637652059728064,0.0796002832507991,1.0,0.1220356621349523
WO2021-039813_Example01P_LensData_21.7_2.8_18,0.5323318141629171,0.5323318141629171,0.5322751864194118,0.5949640402094221,0.5603460318129126,0.0361195415091974,0.0375568552798936,0.0300602742489851,0.0157550480328952,1.0,0.1245249822434398
WO2021-039813_Example02P_LensData_14.25_4.5_18,0.5842708045851681,0.5842708045851681,0.5842195952346199,0.6072470699391969,0.5634642659081329,0.0089070130150743,0.0049322096618191,0.0133764716009814,0.0042142930024013,1.0,0.2317039579876427
WO2021-200206_Example02P_LensData_21.6_2.8_12,0.5675806945727118,0.5675806945727118,0.567527261024445,0.6151430439772475,0.5768125214866024,0.0305219151561814,0.0164503171236351,0.0130210138347428,0.0368920717434167,1.0,0.1219185940346507
WO2022-071249_Example02P_LensData_21.7_2.8_28,0.5807878248167385,0.5807878248167385,0.5807358857756011,0.6067987699036933,0.5571756266264437,0.0464640996787158,0.0317242344348518,0.0536493372005148,0.0322291127942011,1.0,0.1219835375464983
100_LensData_21_2.8_100,0.7190617342551813,0.7190617342551813,0.7190255451273181,0.7447295017377006,0.7016572960119526,0.0845333856810578,0.0506493337030696,0.0679253566010401,0.08649860550051,1.0,0.1145351262318899
101_LensData_21_2.8_100,0.7188264100056481,0.7188264100056481,0.7187938951330636,0.7614575327848011,0.7214244784762921,0.2093398660490384,0.136543212924884,0.191214026424886,0.1911912354051795,1.0,0.1146546188736813
102_LensData_21_2.8_100,0.7401038201931146,0.7401038201931146,0.7400655961849629,0.8194403447501447,0.7884403727503612,0.1531587502626057,0.0768898424462402,0.1168224277769726,0.1683611056073764,1.0,0.1144527773214374
103_LensData_21_4_100,0.5950830188111089,0.5950830188111089,0.5950341257775887,0.636936443585141,0.6043558875414141,0.0294394394229502,0.0112732284434253,0.0181006014660011,0.0361131844213669,1.0,0.1922336256422439
104_LensData_21_4_100,0.5838386095620556,0.5838386095620556,0.5837865171636298,0.6325963802268371,0.6033159611312112,0.0166615472419552,0.011437182759361,0.0110786429671729,0.0175762163563095,1.0,0.1921592465722052
105_LensData_21_4_100,0.5640758692553406,0.5640758692553406,0.5640233191195972,0.5888300235914881,0.5540079481987913,0.010252061012985,0.0048472786962724,0.0149485581287981,0.006286300685625,1.0,0.1925214498635966
106_LensData_21_4_100,0.5969674491190201,0.5969674491190201,0.5969192553938178,0.62998842562212,0.5975938861144131,0.022871374352075,0.0172583231782895,0.0071922430886738,0.0250595437027053,1.0,0.1921428366402573
107_LensData_21_4_100,0.6746428731912463,0.6746428731912463,0.674604330427437,0.7144829338664103,0.6788121898832247,0.0820508704947244,0.0486815868386243,0.0722652020209862,0.080801476844163,1.0,0.1917193297028318
108_LensData_21_4_100,0.687818174421559,0.687818174421559,0.6877837480472936,0.7095543620304442,0.6672752814325803,0.1052633551264716,0.0797300551485367,0.0918350282792453,0.0889700799386404,1.0,0.1917102544669276
109_LensData_21_4_100,0.6019123285822389,0.6019123285822389,0.6018651634838458,0.6167218419328389,0.577301152531295,0.0159413174236398,0.014036286564666,0.0035899213779505,0.0160505538450142,1.0,0.1923095742517357
10_LensData_21_2_50,0.7644395296034844,0.7644395296034844,0.7644166881477319,0.7562964209172462,0.6930283798621193,0.4685171839289829,0.4050047238466605,0.4120301308887316,0.3284604448471689,1.0,0.0635046044913257
110_LensData_21_4_100,0.6822540569804749,0.6822540569804749,0.6822162985381488,0.7108970226361631,0.6725567665418338,0.0700431742643821,0.0487191533994857,0.0573755687616471,0.0659463549291105,1.0,0.1916094741554259
111_LensData_21_4_100,0.6962310784454908,0.6962310784454908,0.696194151818851,0.7299275233008761,0.6924337458239433,0.0554218031744092,0.0292070313178359,0.0457081289280518,0.0588783290966523,1.0,0.1913594593455692
112_LensData_21_4_100,0.6828360175602318,0.6828360175602318,0.6827989698405846,0.7016988411221503,0.6601090608527403,0.0638708758688714,0.052455717908734,0.0485692864811799,0.0543822216449746,1.0,0.1916193982862094
113_LensData_21_4_100,0.6567278967337823,0.6567278967337823,0.6566829767476529,0.7150654404063229,0.6840312828166639,0.0357002762373262,0.0070148983497001,0.0249658334554231,0.0444842756375609,1.0,0.1913748615965453
114_LensData_21_4_100,0.6744223566545186,0.6744223566545186,0.6743838919963104,0.7123418141834482,0.6775008449347948,0.0612610790865465,0.0373979030783765,0.0499195261236518,0.0620184189534724,1.0,0.1916782285334944
115_LensData_21_5.6_100,0.5846693121586845,0.5846693121586845,0.5846193821838636,0.6228539949785646,0.5900398114051892,0.0111123011565263,0.0022148792447816,0.0050178963365565,0.0150157027061319,1.0,0.2947669356055216
116_LensData_21_5.6_100,0.5787787372438202,0.5787787372438202,0.5787269716512056,0.6118054088402962,0.5798545806865789,0.005986649115745,0.0028712371159052,0.0079116226082237,0.0050822052760723,1.0,0.295095714424434
117_LensData_21_5.6_100,0.621433532774788,0.621433532774788,0.6213885567519388,0.6498106602443485,0.6149480784215725,0.018203804129321,0.0119888582949986,0.0115865985174867,0.0197279548938622,1.0,0.2945655581972404
118_LensData_21_5.6_100,0.650418933872081,0.650418933872081,0.6503782737919619,0.6746598894064113,0.6378496783883115,0.02613913753294,0.0187784705710218,0.0193757322107675,0.0256205064431225,1.0,0.2941811859244679
119_LensData_21_5.6_100,0.6008841497066053,0.6008841497066053,0.6008365375059397,0.6206994675962637,0.5840822387553262,0.010776651401098,0.0111861968059327,0.0012654956460585,0.0091646011610608,1.0,0.2948428292505968
11_LensData_21_2_50,0.599734841411356,0.599734841411356,0.5996865607210184,0.6247854098492848,0.5772693219040628,0.0402731799043677,0.0303203134730383,0.0166541137306335,0.0428547936144122,1.0,0.0645353705181862
120_LensData_21_5.6_100,0.5991235852370589,0.5991235852370589,0.5990751776458202,0.6303696852702577,0.5966377546595473,0.0096687355263118,0.0065101347177359,0.0026175407780961,0.0115621343875811,1.0,0.2948341876228683
121_LensData_21_5.6_100,0.541716315685641,0.541716315685641,0.5416571757886139,0.605652445484762,0.5819491192784169,0.0234250405222536,0.0256904858669046,0.0208585136432387,0.0024781709717413,1.0,0.2949052443992786
122_LensData_21_5.6_100,0.6077698106848862,0.6077698106848862,0.6077231182586983,0.6443746919583518,0.6125776619134242,0.0165052666507402,0.0087191312000055,0.0101069740605731,0.0194233684395626,1.0,0.2945687278119338
123_LensData_21_5.6_100,0.7322934988664066,0.7322934988664066,0.7322623676585226,0.7376503284995052,0.6902780360764805,0.0349396512994366,0.0285036183286297,0.0279131818919748,0.0295162246865987,1.0,0.2932390652873448
124_LensData_21_6.3_100,0.6205948650648044,0.6205948650648044,0.6205515328163385,0.6471882385338394,0.6100821564971239,0.0249426162501741,0.0184545034523729,0.0201694142122073,0.023102430196254,1.0,0.3392054466072603
125_LensData_21_6.3_100,0.6237168393934936,0.6237168393934936,0.6236726992226443,0.654041397709407,0.6194997231609146,0.0181809594741697,0.0111365829459049,0.013538719715588,0.0194638689520934,1.0,0.339305158166216
126_LensData_21_6.3_100,0.6215228797580302,0.6215228797580302,0.6214783928954095,0.6502134080081485,0.6155312818107892,0.0169075510935155,0.0110359214193734,0.01195018248239,0.017952897387302,1.0,0.3393499480586262
127_LensData_21_6.3_100,0.6574946373858371,0.6574946373858371,0.6574561398060182,0.6743536698932977,0.6356232416750454,0.0282336524519563,0.0229717776657426,0.0218562834346457,0.0244938154528244,1.0,0.3388529475889858
128_LensData_21_6.3_100,0.6016354200831874,0.6016354200831874,0.6015880154290986,0.6185716670661761,0.5814281135958951,0.0069426737812914,0.0074629848168996,0.0015306861351466,0.0057166756389431,1.0,0.3396822934574633
129_LensData_21_6.3_100,0.5599672552757737,0.5599672552757737,0.5599120043697146,0.6121533132558689,0.5850482864588247,0.0096064544478415,0.0102540098113887,0.0085650182809095,0.0040024894830095,1.0,0.3397612223597689
12_LensData_21_2_50,0.679245176315747,0.679245176315747,0.6792063781681984,0.720338322490698,0.6731097881001887,0.1950971486499383,0.1083007080443171,0.183774638339655,0.1889342251389688,1.0,0.0621383234509347
130_LensData_21_6.3_100,0.6061695095282237,0.6061695095282237,0.606122964992593,0.6400724934000585,0.6077511786616859,0.0139710832617126,0.0082461521068804,0.0089207301916571,0.0159039413217592,1.0,0.3394344161526984
131_LensData_21_6.3_100,0.7019861396935873,0.7019861396935873,0.7019520387342425,0.7115354615512817,0.6667042435397136,0.0279447459461126,0.0229184159602656,0.0222583934470696,0.0236723977639286,1.0,0.3382823986227139
132_LensData_21_7.1_100,0.6087919201449198,0.6087919201449198,0.6087462265791689,0.6426958856554444,0.6076539441019752,0.0145921418481501,0.0082780906656267,0.011731888523987,0.0157689501431734,1.0,0.3905166288735409
133_LensData_21_2.8_100,0.5882182089555519,0.5882182089555519,0.5881685841752359,0.6217873655287227,0.5897537350364954,0.0055898496915327,0.0010049867936353,0.0014095785215342,0.0080094872462788,1.0,0.390919847834066
134_LensData_21_2.8_100,0.6138334976601311,0.6138334976601311,0.613788236166453,0.6322072399433668,0.5954134094951895,0.0096993158292029,0.0086271257086277,0.0047831614219949,0.0093161705362049,1.0,0.3907991276536363
135_LensData_21_2.8_100,0.5910024808760524,0.5910024808760524,0.5909534036877037,0.6123905188353297,0.5779572038850014,0.0035493062386915,0.0026839467476019,0.0030801304256833,0.0037298175914345,1.0,0.3910584192355915
136_LensData_21_2.8_100,0.599065244013039,0.599065244013039,0.5990175545593173,0.6108114234140359,0.5726481231606463,0.0042703825351028,0.0048151795512008,0.0038785053483969,0.0019308852434848,1.0,0.3910361891826363
137_LensData_21_8_100,0.6848252581402569,0.6848252581402569,0.6847897870734716,0.6798707196410647,0.6308275158380569,0.0147070612182764,0.0158240612090611,0.0087415287327689,0.009053120731721,1.0,0.3900737133898815
138_LensData_21_8_100,0.592494049560394,0.592494049560394,0.5924455198780083,0.6109089231549351,0.5755391133839907,0.0033854448266187,0.00324717934527,0.001238214219016,0.0035472242081467,1.0,0.4488203659042287
139_LensData_21_8_100,0.6545002189853067,0.6545002189853067,0.6544622021249173,0.6672471323313676,0.6278537700632897,0.0202365956428521,0.0171678878089019,0.0160727952797642,0.0167293383915689,1.0,0.4477548196159452
13_LensData_21_1.8_50,0.6949560159888676,0.6949560159888676,0.694918172670495,0.7353603089559454,0.6870228325746057,0.2420656548282279,0.1205396219393593,0.2310315246674545,0.2410656675116125,1.0,0.0499487853779994
140_LensData_21_8_100,0.6034349065191031,0.6034349065191031,0.6033883665280492,0.6137844147571853,0.5751489951981774,0.005247855223906,0.0062293862666361,0.0003807772867439,0.0036338427580004,1.0,0.4486670273960973
141_LensData_21_8_100,0.6431785988671995,0.6431785988671995,0.643137137448795,0.6587191593215903,0.6182643776384654,0.0110383693267142,0.009441580152059,0.0077298927770666,0.0099742377524132,1.0,0.4477993835435315
14_LensData_21_1.8_50,0.6524998619467037,0.6524998619467037,0.6524566561280044,0.708730060620296,0.6662464028801101,0.2066018910647175,0.0589616792106348,0.1905393580591314,0.2290708982427458,1.0,0.0502634383418334
15_LensData_21_1.8_50,0.608960490526466,0.608960490526466,0.6089128728000025,0.6379731017898959,0.5912022896838827,0.0458397622713365,0.0273313190364939,0.0461046220587811,0.041598873379698,1.0,0.0508452733349904
16_LensData_21_1.8_50,0.6443016949878438,0.6443016949878438,0.644259966955393,0.6565415622766347,0.604082119167994,0.1425968454555543,0.1463782359741165,0.0897626182914489,0.0887279243659906,1.0,0.0509972071969185
17_LensData_21_1.8_50,0.7610622687534512,0.7610622687534512,0.7610369647720886,0.7709654000436303,0.7123886384881658,0.4821018927765286,0.374821642942165,0.4424022941680602,0.3778164292365344,1.0,0.0496938054491722
18_LensData_21_1.8_50,0.7801090474127712,0.7801090474127712,0.7800878989654926,0.7756267663798591,0.7122027109218775,0.5866810715577243,0.4839398348759788,0.5305921116766081,0.4311712446778374,0.9797895632084416,0.050642326387256
19_LensData_21_1.8_50,0.6011170923014655,0.6011170923014655,0.6010685147629268,0.6269609589815278,0.579452233578424,0.0334631496964001,0.0176725253490154,0.0279195609856233,0.0356185958411689,1.0,0.0517094361078352
1_LensData_21_2.8_50,0.589216089659393,0.589216089659393,0.5891660553621397,0.6192887383928111,0.5740834525108646,0.0276301887614971,0.0215706727829671,0.034370026699016,0.0122518579444955,1.0,0.1150917997365372
20_LensData_21_1.8_50,0.7036065381963477,0.7036065381963477,0.7035701879567315,0.74191692570709,0.6927882579992749,0.2587031305344647,0.1562093524201971,0.243374937933202,0.2414410596889092,1.0,0.0491856960602116
21_LensData_21_1.4_50,0.6609519025809153,0.6609519025809153,0.6609114286512894,0.6758253783053159,0.622906931102944,0.2359864610483632,0.2218789108700247,0.16978840350419,0.1673332267337604,1.0,0.025413622503165
22_LensData_21_1.4_50,0.7435257176610411,0.7435257176610411,0.7434988423517574,0.7492960855435733,0.6882337660755552,0.7254150149065492,0.5984251509535333,0.6556941258375151,0.5331422262410306,0.6415536919510738,0.0246942970753433
23_LensData_21_1.4_50,0.6632883151305788,0.6632883151305788,0.6632481078546162,0.6843319110964508,0.6322782889980997,0.3130794821072792,0.2216401758578421,0.2716825371332474,0.2794191555685413,1.0,0.0257108517469218
24_LensData_21_1.4_85,0.7454612972634683,0.7454612972634683,0.745431854814916,0.8103678992155948,0.7694899186761437,1.0,0.4325407735747157,1.0,1.0,1.0,0.0249619188199994
25_LensData_21_1.4_85,0.6702950802990826,0.6702950802990826,0.6702579552407071,0.6890775257697783,0.6395313249516398,0.5634081189967524,0.4547090342053023,0.4785470165020895,0.4501899777703542,0.7345439745235114,0.0254592918262415
26_LensData_21_1.4_85,0.6618362277288361,0.6618362277288361,0.6617940170316378,0.6818181084830317,0.6360099809599086,0.1883293455087563,0.1101142695942827,0.1353854241139434,0.2014181811747494,1.0,0.0257770838689819
27_LensData_21_1.4_85,0.6736882473108661,0.6736882473108661,0.6736478187143039,0.6970302776284584,0.6511036457818754,0.2452243055014894,0.1360338916169491,0.190105063425384,0.2602888120782449,0.9996904133746736,0.025770787389697
28_LensData_21_1.8_85,0.7383596035937632,0.7383596035937632,0.7383278271928545,0.7819308776048061,0.7379485586708863,0.4084424739704786,0.223741363142839,0.3844008338556161,0.3969697338178831,1.0,0.0505981899606882
29_LensData_21_1.8_85,0.6385462999354745,0.6385462999354745,0.6385031670336565,0.666691785292407,0.6251881851962955,0.1529604602053,0.1143316638066069,0.1023039861998142,0.1479679021092093,1.0,0.0510229122224373
2_LensData_21_2.8_50,0.9520490161920572,0.9520490161920572,0.95205069117268,0.9315843379391884,0.8574296032964082,0.4153300258500886,0.3324992498991549,0.3873004188561719,0.3089822642939557,1.0,0.1117653959911397
30_LensData_21_1.8_85,0.6986742268521496,0.6986742268521496,0.6986395536804053,0.7049745907885018,0.6548282826499122,0.2541437807703923,0.2040092602377116,0.1993897577878909,0.2156316470968091,1.0,0.0512571461375588
31_LensData_21_1.8_85,0.6414810876959447,0.6414810876959447,0.6414381857765328,0.6516696822357295,0.6053400270200313,0.1263377784969998,0.1198278055974159,0.061030732921015,0.1039961672133776,1.0,0.0514492773095284
32_LensData_21_1.8_85,1.0,1.0,1.0,0.9862727771205768,0.9158757883263988,0.7137236143878403,0.515614739469164,0.6725150468708397,0.5886319086917795,1.0,0.0493595729386969
33_LensData_21_2_85,0.7064988474223637,0.7064988474223637,0.7064619365878959,0.7514096738934551,0.7098132358812067,0.2353373046297893,0.1134319398530621,0.212679244483997,0.2437552289919254,1.0,0.063415910244329
34_LensData_21_2_85,0.608142493452012,0.608142493452012,0.6080951499895959,0.6411703876296367,0.6023842249332658,0.0759758191029571,0.047897760163903,0.0360005044233998,0.0860219272933797,1.0,0.0639465306154854
35_LensData_21_2_85,0.6887561605470777,0.6887561605470777,0.6887211480826985,0.6887964647965884,0.6380634267738825,0.2383952893480751,0.2175536029795734,0.1740565799510188,0.1772578604967292,1.0,0.0640691562290257
36_LensData_21_2_85,0.6388426676710605,0.6388426676710605,0.6387998425412049,0.6545055009254681,0.6096766632362612,0.1259385552744714,0.1003988301611031,0.0799683453546277,0.1178909216388827,1.0,0.0642015838302015
37_LensData_21_2_85,0.9602876045195036,0.9602876045195036,0.9602853319523338,0.9522089837730252,0.8853222029193615,0.6699109107061775,0.4931087239043791,0.6293091619763399,0.5444126922249372,1.0,0.0623229244978237
38_LensData_21_2.8_85,0.6399459917107007,0.6399459917107007,0.639901747419943,0.6734433397634031,0.6335023435764168,0.0620202742397655,0.0401571709633678,0.0422447231155783,0.0651008100434376,1.0,0.115131294723477
39_LensData_21_2.8_85,0.5913274319610147,0.5913274319610147,0.5912782466947629,0.6136261258202403,0.5736976386307765,0.0192296945677159,0.0111074604661965,0.0255878493715885,0.0121485962138634,1.0,0.1154111002471566
3_LensData_21_2.8_50,0.6972498568493961,0.6972498568493961,0.697217742686862,0.7018039813830586,0.645113770581874,0.1885909904071236,0.1615291069227419,0.164463876624265,0.1360746797096148,1.0,0.1148340715868776
40_LensData_21_2.8_85,0.778251593535992,0.778251593535992,0.7782228313700158,0.8130633953926407,0.7672976397931206,0.1656004288631258,0.0809458316089832,0.1547555785369561,0.1680685051314247,1.0,0.1144123174036275
41_LensData_21_2.8_85,0.6322905749738623,0.6322905749738623,0.632248539546382,0.650596700758736,0.6073341541643885,0.1176486295761894,0.0917765746566982,0.0931445028765822,0.1026200090231257,1.0,0.1153042066710923
42_LensData_21_2.8_85,0.7365465262780603,0.7365465262780603,0.73651413557606,0.7597460336146956,0.7122868299924134,0.1187841178514864,0.0763545181227732,0.1041188981675652,0.1125203368827126,1.0,0.1144123174036275
43_LensData_21_2.8_85,0.7399587783550767,0.7399587783550767,0.7399221401973359,0.804219576198975,0.7668822749891702,0.1377683657849188,0.0452365280694099,0.1192396145928581,0.1551875135628667,1.0,0.1143615608184323
44_LensData_21_4_85,0.632225956676933,0.632225956676933,0.6321829938289818,0.6634186258464735,0.6236786438036551,0.0504076622616661,0.0343426085991932,0.040806908864784,0.0485449509080514,1.0,0.191910294407737
45_LensData_21_4_85,0.6064112765883691,0.6064112765883691,0.6063631374053151,0.6487679736324384,0.6137711602519426,0.0218829362971553,0.0059522906557217,0.0122010333051637,0.028125947772002,1.0,0.1919121876265326
46_LensData_21_4_85,0.5554641075461165,0.5554641075461165,0.5554099053073243,0.5843228916464477,0.5478895040433931,0.0159021595519957,0.0098361952795356,0.0241037085872752,0.0026236922113803,1.0,0.1925712109821347
47_LensData_21_4_85,0.5803255680018361,0.5803255680018361,0.5802746790263021,0.6159226309984281,0.5815408179505279,0.0101260629193122,0.0032628448239087,0.0079253672395957,0.0123748830010227,1.0,0.1922313110295873
48_LensData_21_4_85,0.6824965075630908,0.6824965075630908,0.6824589388146801,0.7222097189292583,0.6826595909710894,0.0692169820218211,0.034825516282669,0.0628077990710995,0.071199104340764,1.0,0.1914813887431653
49_LensData_21_4_85,0.6312835767556357,0.6312835767556357,0.6312416922627792,0.6371737950614454,0.5913721428127566,0.047870909817314,0.0467347910037628,0.0306630188323936,0.0343619851491177,1.0,0.192207346543929
4_LensData_21_2.8_50,0.7441459570517254,0.7441459570517254,0.7441150978760145,0.771202783346244,0.7180201233068334,0.1384136714686826,0.0874532948751171,0.1318028949870297,0.1253776001853995,1.0,0.1134843043001106
50_LensData_21_4_85,0.6262300440015747,0.6262300440015747,0.6261827577960738,0.6658365115264335,0.6294325156391172,0.0199501317332903,0.0138372160423564,0.0157084845546258,0.0196669708136651,1.0,0.1919966801492345
51_LensData_21_4_85,0.6549258388405313,0.6549258388405313,0.6548828841979075,0.6857369575705824,0.6463784932353805,0.0237087690429754,0.0115953594585929,0.0183036600482574,0.026641033074297,1.0,0.1917136927965467
52_LensData_21_4_85,0.6529298950049324,0.6529298950049324,0.6528876956976791,0.671363181642736,0.6284670714604721,0.0274179152961859,0.0259526181071978,0.0147523605619924,0.0226490037040484,1.0,0.1916453170622374
53_LensData_21_4_85,0.6374086134629466,0.6374086134629466,0.6373606707061422,0.6938994385051264,0.6603185538292758,0.0332496161977456,0.0320063111310232,0.0247167928860398,0.0226867983458649,1.0,0.1914427121153178
54_LensData_21_5.6_85,0.6094677930635682,0.6094677930635682,0.609421765184525,0.6377383733056546,0.598616408097247,0.0155766779010802,0.0102888143207026,0.0107160280528452,0.0166258835133941,1.0,0.294576538866255
55_LensData_21_5.6_85,0.59199693698094,0.59199693698094,0.5919469193823392,0.6337124860377823,0.5997655641236216,0.0090311845161077,0.0047302184133787,0.0036780623274804,0.0113980817242945,1.0,0.294766355425568
56_LensData_21_5.6_85,0.6195665072545546,0.6195665072545546,0.6195217654950946,0.6459163930418109,0.6070670022115833,0.0200829809449672,0.0155021371607414,0.0141048338105644,0.0192531422753799,1.0,0.2946159972102505
57_LensData_21_5.6_85,0.5771091538458754,0.5771091538458754,0.5770569639024936,0.6072954604244413,0.571789658791636,0.0089120910861598,0.0055438324384171,0.0137507076995126,0.0021572723049057,1.0,0.2951400768158257
58_LensData_21_5.6_85,0.6458833139732678,0.6458833139732678,0.6458431072179485,0.6549547245541645,0.6106161167288596,0.029044297067904,0.0285747567408317,0.0193886587937286,0.020397710244077,1.0,0.2943469097478171
59_LensData_21_5.6_85,0.5983528924976702,0.5983528924976702,0.598303179611726,0.6426925076550939,0.6086973491623746,0.0081606213272446,0.0032016964271579,0.00416480700366,0.0106185707342448,1.0,0.2944102715058967
5_LensData_21_2_50,0.6479794146165292,0.6479794146165292,0.6479353409588526,0.6946478546499387,0.6502058382982566,0.1198516600249866,0.0365702418227156,0.1068635757750349,0.1343948917771903,1.0,0.0629877862959052
60_LensData_21_5.6_85,0.6853281886176726,0.6853281886176726,0.6852894741745837,0.7042495906144024,0.6592900496857425,0.0156557034099858,0.010382491339514,0.0131311977767187,0.0155360042785855,1.0,0.2934585198815455
61_LensData_21_6.3_85,0.580832270467536,0.580832270467536,0.5807816264686061,0.6136823336033107,0.5769687031010896,0.0041287279005422,0.0008348215605228,0.0019917759534561,0.0058768176962819,1.0,0.339732726363316
62_LensData_21_6.3_85,0.6025996851441655,0.6025996851441655,0.6025523340859471,0.6338262650934302,0.5970328231462064,0.0105306007255138,0.0060173511414924,0.0064885271355616,0.0123311811131002,1.0,0.339576499169732
63_LensData_21_6.3_85,0.5961578386828515,0.5961578386828515,0.5961093383624907,0.6225220201034506,0.5849397190435339,0.0052683535511457,0.0034078505352931,0.0015780611532486,0.0066087780177263,1.0,0.3397250130235131
64_LensData_21_6.3_85,0.6200580883866905,0.6200580883866905,0.620013284615313,0.6446424268462041,0.6060566764601614,0.0124282647139144,0.0094321959925731,0.0077978708938988,0.0127225675315343,1.0,0.3393602447260115
65_LensData_21_6.3_85,0.5967496231999901,0.5967496231999901,0.5967012067958845,0.609698628169479,0.5687140050512796,0.0051081016902855,0.0035091507498803,0.0079408771449898,0.0015159886173398,1.0,0.339752647910772
66_LensData_21_6.3_85,0.573471043587475,0.573471043587475,0.5734182444897187,0.6186109170984199,0.5861066622885037,0.005730540275266,0.0050520655764237,0.0045800560877845,0.0050758780694448,1.0,0.3396414548958943
67_LensData_21_6.3_85,0.6659859543623498,0.6659859543623498,0.6659461580985687,0.6857197587590966,0.6420067436078895,0.0157184532983302,0.0112809967653522,0.0122014033324785,0.0154121569911642,1.0,0.338469656283074
68_LensData_21_7.1_85,0.6163450941855345,0.6163450941855345,0.6163007509573308,0.6415714968111771,0.6014335754958181,0.0146236130606926,0.0108818932002119,0.0116307325837723,0.0138956671830279,1.0,0.3904347013569493
69_LensData_21_7.1_85,0.5823949305346905,0.5823949305346905,0.5823442178925368,0.6189201875256559,0.584538553838217,0.0041371651111506,0.0013865924339011,0.0014630060343254,0.0058479834758392,1.0,0.39103530975197
6_LensData_21_2_50,0.6394979409846233,0.6394979409846233,0.6394536148750424,0.6957340739809176,0.6539823503627185,0.163642444139269,0.042614274731258,0.1503991716250075,0.1830447594375981,1.0,0.063101770281717
70_LensData_21_7.1_85,0.5843128744034602,0.5843128744034602,0.5842627717872351,0.6109613048484294,0.5743348832000587,0.002708630562235,0.0010650351075623,0.0022988000246406,0.0035947447312945,1.0,0.3911549672870113
71_LensData_21_7.1_85,0.5942895454826701,0.5942895454826701,0.594241215150207,0.6215157320755408,0.5846777920512648,0.0061824336890287,0.0045607483062695,0.0024380047436118,0.007170807672677,1.0,0.3909996317384084
72_LensData_21_7.1_85,0.6030220733082547,0.6030220733082547,0.6029751513250453,0.6160861845111057,0.574903921637439,0.0052007583447104,0.0063418621091716,0.001267436295302,0.0031288817937384,1.0,0.3909498461912407
73_LensData_21_7.1_85,0.6796639066060359,0.6796639066060359,0.6796278172546267,0.6771710356258979,0.6262548175812601,0.0145780991980705,0.0155533261299123,0.0091803063471429,0.0089199292550047,1.0,0.389846246205165
74_LensData_21_8_85,0.5794439326953239,0.5794439326953239,0.5793933127373917,0.60149812361849,0.5641427980038081,0.0017789160992419,0.0007906820151797,0.0033328018050031,0.0011582405583206,1.0,0.4490417686816418
75_LensData_21_8_85,0.602925575538826,0.602925575538826,0.6028788689209881,0.6265174650338362,0.588484899472877,0.0068891255541642,0.005699481648529,0.0039895930876285,0.0070388042338598,1.0,0.4485274360992852
76_LensData_21_8_85,0.6172880175091365,0.6172880175091365,0.6172434190298427,0.6222212586448213,0.5782891780393847,0.0055439700091037,0.0070102890566963,0.0011525173331362,0.002672656828305,1.0,0.4484421862890651
77_LensData_21_8_85,0.6335168709550758,0.6335168709550758,0.6334735891598782,0.6544732901795889,0.6127555396875709,0.0075430597320792,0.0057465095866279,0.0053323537468767,0.0077083605699009,1.0,0.4477498789256043
78_LensData_21_8_35,0.6382225913010677,0.6382225913010677,0.6381798718279197,0.6830073757314181,0.6372514148187257,0.0095821165506441,0.0044393216047211,0.0096868777294115,0.0100641000979132,1.0,0.4440881617028708
79_LensData_21_8_35,0.6305031967057307,0.6305031967057307,0.6304605669758906,0.6469759822599521,0.5944028825688165,0.0084956145209951,0.0081098914513301,0.0070482203703334,0.0061218443078719,1.0,0.4469958465222486
7_LensData_21_2_50,0.6253626031395527,0.6253626031395527,0.6253180116401492,0.6485234593458761,0.5997756312534674,0.0885820061073544,0.0817498296550423,0.0578208667226115,0.0692430269715976,1.0,0.0636236757392561
80_LensData_21_8_35,0.635719416346955,0.635719416346955,0.635677748308172,0.6486187555087481,0.595090504139957,0.0097554677454825,0.0097088051067164,0.0078124982730685,0.0064443065672444,1.0,0.4467884230281362
81_LensData_21_7.1_35,0.6083356174667,0.6083356174667,0.6082890304482452,0.6289021281433719,0.5783668248646875,0.0029396784104325,0.0032472875664892,0.0023221734536205,0.0021383403257468,1.0,0.3901628778879983
82_LensData_21_7.1_35,0.6228116825300744,0.6228116825300744,0.622767330560982,0.6408567125672421,0.5891035571531331,0.005734631282257,0.0058800994555298,0.0042499379914787,0.0041586853735913,1.0,0.3896185713770967
83_LensData_21_6.3_35,0.6846107966577825,0.6846107966577825,0.6845768527806851,0.6914028063431157,0.6339438303889517,0.0331527075573863,0.0295882750570353,0.0290534121995767,0.0228964518803905,1.0,0.3367507113311587
84_LensData_21_6.3_35,0.6890250554147116,0.6890250554147116,0.6889916542180013,0.6938805727513034,0.635827445426824,0.0326106380231934,0.0295434230968919,0.028260603196712,0.0221287274032358,1.0,0.3366580535390061
85_LensData_21_5.6_35,0.6627455610271122,0.6627455610271122,0.6627072275760973,0.6759546498411158,0.6210232154775961,0.0236447511463933,0.0210957370634975,0.0201015839955143,0.0171208710244979,1.0,0.2926871553654736
86_LensData_21_5.6_35,0.7231323065801125,0.7231323065801125,0.7231040579025991,0.7236577844899428,0.6629121907102772,0.0538099881172715,0.0473606845185551,0.0477040739898992,0.0370610099564622,1.0,0.291266477874074
87_LensData_21_4_35,0.7429666925399911,0.7429666925399911,0.7429393511890159,0.7463075730450823,0.6851174962302049,0.0825177344945141,0.0694768227511751,0.07408217794349,0.0600307745969022,1.0,0.1892573024807884
88_LensData_21_4_35,0.8337860282083941,0.8337860282083941,0.8337737314007622,0.8194390748488936,0.7497694563001065,0.1691787640598591,0.1436918810965887,0.1541576409850413,0.1183808755806156,1.0,0.1876606838917005
89_LensData_21_2_100,0.7146728407415506,0.7146728407415506,0.7146365054396269,0.7639044465797131,0.7255246139787981,0.264347339385976,0.1210877183615562,0.2369540998859156,0.2781906649925602,1.0,0.0635408871134703
8_LensData_21_2_50,0.6278857442469212,0.6278857442469212,0.6278416848091084,0.643326216739498,0.5924749112483174,0.0767774395560555,0.0802709476282832,0.0437777706538182,0.0483292132259321,1.0,0.063871583579808
90_LensData_21_2_100,0.6083039184813946,0.6083039184813946,0.6082567246086047,0.64474094345344,0.609601633361781,0.1182194383518968,0.0749114920634103,0.066948781398134,0.1299042836151266,1.0,0.0639627267969241
91_LensData_21_2_100,0.8842860850579787,0.8842860850579787,0.88427135709605,0.91575465016253,0.8642895014840007,0.5608255519223255,0.2985000327975542,0.5475963402533623,0.5375165397261259,1.0,0.06314605938722
92_LensData_21_2_100,0.6871440372851301,0.6871440372851301,0.6871085929954129,0.6832137866782065,0.6344293661334935,0.2293538095848495,0.2183971632788699,0.1514371425576475,0.1670204089449326,1.0,0.0641011638409867
93_LensData_21_2_100,0.6370896246657014,0.6370896246657014,0.6370459394575592,0.6531016991436296,0.6112328716293696,0.0920947990633708,0.0642241238449427,0.0488829333765794,0.098171442041141,1.0,0.0641877511186785
94_LensData_21_2_100,0.880072438787642,0.880072438787642,0.8800551493995137,0.89180422118327,0.8358923439072378,0.3531601288028823,0.2205718528865717,0.3286962350097773,0.3259678577580208,1.0,0.0628243160136385
95_LensData_21_2.8_100,0.6616318036632202,0.6616318036632202,0.661590450294886,0.7016889371528392,0.6651075961873323,0.110232346743202,0.0636830501653054,0.089701766524025,0.1136056365351313,1.0,0.1149859199486021
96_LensData_21_2.8_100,0.5985937000646032,0.5985937000646032,0.5985459740084289,0.6191879599118328,0.5815276521676155,0.0380922376350076,0.0364152053674641,0.0054012193753314,0.0345995656521707,1.0,0.1153536502174453
97_LensData_21_2.8_100,0.7285866645185198,0.7285866645185198,0.7285497718866173,0.7863036927562469,0.7508630321580395,0.1339176879383784,0.0466623775427874,0.1117704802998362,0.1519754879796692,1.0,0.1146380929057427
98_LensData_21_2.8_100,0.7536859356774614,0.7536859356774614,0.7536560915124431,0.7754218648194214,0.7293870584824524,0.1740395192681187,0.1140909422451619,0.1544340757622476,0.1615375819999555,1.0,0.1147432947992058
99_LensData_21_2.8_100,0.6210884140895726,0.6210884140895726,0.6210440962268898,0.6268281897028276,0.5841486264891976,0.0566957025807152,0.0599775672556865,0.0169252695253398,0.041174342301409,1.0,0.1154765445459114
9_LensData_21_2_50,0.7022006050575067,0.7022006050575067,0.7021661182524869,0.7313632868901351,0.6801498077214523,0.2372175569169327,0.146951392839936,0.2243045721071436,0.2177860364490011,1.0,0.0627381684512798
