File Name,Tan Shift,Sag Shift,Long_0.4861,Long_0.5876,Long_0.6563,Poly,RMS_0.4861,RMS_0.5876,RMS_0.6563,Rel. Ill,Effective F/#
CH321571_Example01P_LensData_21.6_5.6_60,0.5243017137740378,0.5243017137740378,0.5242384988307054,0.6064745114905737,0.5867198016280866,0.029803275759698798,0.03391976867954106,0.02339372809388087,0.0018615886887404607,1.0,0.2947048746719693
CH346706_Example01P_LensData_21.6_1.9_50,0.559738623801913,0.559738623801913,0.5596800135253068,0.609427495429222,0.5710072318483195,0.18807221212217837,0.2050986622421585,0.1532455236540791,0.0414347006761163,1.0,0.06457571440000538
CN110161666_Example02P_LensData_14.2_2.82_65,0.5750293040366831,0.5750293040366831,0.5749780501041962,0.6077743783148006,0.5669143987171298,0.028609631135333866,0.02369478850369642,0.010940013784698843,0.028910229686867146,1.0,0.12134113787335342
CN207216120_Example01P_LensData_21.6_2.8_40,0.58969283435603,0.58969283435603,0.5896383354710876,0.6510001417688767,0.6116923021299063,0.051757916726465035,0.05794553931435877,0.016411800124889134,0.031255131110572335,1.0,0.11739171246525791
CN210573001_Example01P_LensData_21.6_14_24,0.8289620790466606,0.8289620790466606,0.8289445796284968,0.6187581541131361,0.7245028855193824,0.014815674725333598,0.016081675088772895,0.0018676237019200884,0.011203469329013623,1.0,0.8329956889575875
CN211955965_Example01P_LensData_14.4_1.4_56,0.5579092987572968,0.5579092987572968,0.5578559582004355,0.588785281472667,0.5457292594772403,0.05954748044992162,0.04002279794521282,0.037970439002323074,0.0625173100305668,1.0,0.051828085961904774
Cox1-01_LensData_3.9_5.3_27,0.5991696948633427,0.5991696948633427,0.5991232844910851,0.6003720813817004,0.5439302496827024,0.01612345604088563,0.020704580526598522,0.0015881203568799379,0.0028088669122943283,1.0,0.2794180856137968
Cox1-03_LensData_3.57_5.1_25.4,0.599569449933293,0.599569449933293,0.5995223699412092,0.611944762383672,0.5576798819795974,0.010857439475632162,0.01422026928688806,0.0008474508615483087,0.0009462468698296008,1.0,0.25632745478718694
Cox1-04_LensData_3.51_5_25,0.5839750330395393,0.5839750330395393,0.5839254722211008,0.6069115875048144,0.5561082538058948,0.004673379022036784,0.006303333443385115,7.224064582030092e-05,0.0012737439621551298,1.0,0.25679253925222745
Cox1-05_LensData_3.51_7.6_25,0.5811511435977194,0.5811511435977194,0.5811010686700477,0.6071311408745573,0.5568189523792068,0.0009100098656179009,0.00154532694619156,8.529032556875382e-06,0.000528651954462561,1.0,0.42938833154291833
Cox1-06_LensData_3.51_3.9_25,0.5803375791334944,0.5803375791334944,0.5802873836528577,0.6083121755075375,0.55838185794232,0.006352175788362723,0.008163865745429055,0.0003862387348090338,0.0025944946208410727,1.0,0.19235449239445152
DE00753329_Example01P_LensData_21.6_2.8_50,0.5568749087933195,0.5568749087933195,0.5568116201174576,0.6039385347627274,0.5654445594805038,0.22193121063535715,0.1765024186021574,0.22531205456163075,0.1504573482943929,1.0,0.12242463920440838
DE00975637_Example01P_LensData_107_8_90,0.5204505284853294,0.5204505284853294,0.5203786814145825,0.6075286379275514,0.6014855093682705,0.03923581473194708,0.03307350284976389,0.04193614470809844,0.02239133946679366,1.0,0.4479242565909969
DE01022027_Example01P_LensData_21.6_3.5_100,0.5342957826543244,0.5342957826543244,0.5342365810633283,0.6417894597628953,0.6276375489022777,0.04685130359584593,0.039066463987229905,0.01017358484892663,0.04819638728545313,1.0,0.1591674845168292
DE01045120_Example01P_LensData_21.6_1.4_50,0.5600086473937628,0.5600086473937628,0.5599508263481051,0.6072303935833623,0.5670047299025107,0.19955520586017528,0.20898387050775613,0.1569079631708609,0.08627085566584308,1.0,0.024952886334197087
DE01096057_Example01P_LensData_21.6_4_200,0.6743174761282495,0.6743174761282495,0.6742815554258065,0.7197489969276897,0.7089089796227657,0.19553118798364885,0.13813723168964032,0.16672684846344685,0.17693288524341746,1.0,0.19068276187643632
DE01157000_Example01P_LensData_35_4_50,0.4568505946453362,0.4568505946453362,0.4567722926870173,0.606222756561096,0.6029636898213075,0.13575404412722827,0.15641728345093184,0.09098230254803957,0.02400846997535705,1.0,0.19195091921879687
DE01250153_Example02P_LensData_21.63_2.8_25,0.5697202115075476,0.5697202115075476,0.5696639458180249,0.6064023511638708,0.5647460493151334,0.036557769941102304,0.03283953139984993,0.03538251670878117,0.021636981882661128,1.0,0.11421623490081671
DE02205380_Example03P_LensData_21.6_3.5_28,0.5667033991098923,0.5667033991098923,0.5666475838460321,0.6063438251020151,0.5653057037792727,0.0655069665051018,0.04794700414341969,0.07327726328652737,0.043638359800299134,1.0,0.1593235529243207
DE02206106_Example01P_LensData_21.6_11_1000,0.9205753875854785,0.9205753875854785,0.9206007309255907,0.6057889478950063,0.7606943737848475,0.08596554003462192,0.0891882588944373,0.04267177562789811,0.058676854548255476,1.0,0.6397583886387329
DE02246966_Example01P_LensData_21.6_4_90,0.5356230427837675,0.5356230427837675,0.5355615680970468,0.6068422339283519,0.5870426511013882,0.0685293831935738,0.07047699877082714,0.06452578603969923,0.018261517376032238,1.0,0.1921021507576234
DE02729831_Example01P_LensData_70.5_5.6_100,0.5542635556372367,0.5542635556372367,0.5542005837155928,0.6078028338712977,0.5838726172503498,0.04073836917629631,0.044250867989639495,0.035277670466214446,0.007560679236739249,1.0,0.2951539339559784
DE03026282_Example01P_LensData_77.5_8_90,0.5080428878095444,0.5080428878095444,0.5079737273633572,0.6081664138470788,0.5936198174538494,0.04685146309373748,0.0513267262217085,0.03617564920857979,0.015198152221577171,1.0,0.4485226725165091
EP1357414A1_ex1_LensData_3.9_2.88_3.33,0.5710887911719575,0.5710887911719575,0.5612381168300781,0.6070276083149352,0.5582884303391497,0.05707831409783957,0.06630522287781783,0.03572119251764114,0.013885852760696905,1.0,0.12045599090766405
FR1066698_Example01P_LensData_21.6_2.8_50,0.5367251100115056,0.5367251100115056,0.5366565119460603,0.6077502798115542,0.5753228852377374,0.2741382655634355,0.25475280184202537,0.25211020820521557,0.15231213331581536,1.0,0.11527797643003669
FR1233449_Example01P_LensData_21.6_1.4_35,0.5643253052745846,0.5643253052745846,0.5642660634369497,0.5989929632660423,0.5532537307335867,0.3151009925627957,0.2751392358393135,0.31424532784903325,0.1806031488587733,1.0,0.026640458818521544
GB0720808_Example01P_LensData_21.6_3.5_28,0.5406156376270806,0.5406156376270806,0.5405558831202308,0.607818032036867,0.5750050221091272,0.030275407746992073,0.03356651201155961,0.02072739324558942,0.012550315123271002,1.0,0.1630325578668432
GB0978797_Example01P_LensData_21.6_4_20,0.5379183822702236,0.5379183822702236,0.5378522255418664,0.6069484439944085,0.5737817289221181,0.084503044625004,0.08225707880092245,0.0771320782316836,0.04057081670203586,1.0,0.19244722347249305
GB1408910_Example02P_LensData_21.6_2.3_135,0.5457084032512584,0.5457084032512584,0.5456479689523556,0.6074183572450277,0.593810307779793,0.154594778136393,0.1329887526435762,0.08743719271030076,0.13882645455495238,1.0,0.08401636596041463
HandbookCamFig01_LensData_21_1.3_55,0.5688351589768273,0.5688351589768273,0.5687810763721742,0.6100189662745423,0.5748685992277565,0.48867960860911286,0.3995052240395252,0.3317430443512394,0.43481211195924796,1.0,0.014787932012680896
HandbookCamFig02_LensData_21_3.2_85,0.5718730301545156,0.5718730301545156,0.571821164698173,0.6126659068476699,0.5802695878461719,0.040125966768286864,0.010582100474343218,0.002662464752990781,0.054302427340775186,1.0,0.09593660282040743
HandbookCamFig03_LensData_21_3.2_35,0.5300462019658612,0.5300462019658612,0.529987049247024,0.6334254836283416,0.6070733559871231,0.1108632816669379,0.13559340133178027,0.024653609060239754,0.0350328010056999,1.0,0.13979484836844236
HandbookCamFig06_LensData_21_1.4_20,0.6414716635474016,0.6414716635474016,0.641403898890956,0.685652142031932,0.6417480940908659,0.1716205856377071,0.03750441453532983,0.10621471958415259,0.21576113718066364,1.0,0.023518418881376412
HandbookCamFig07_LensData_21_2_24,0.5893576902082636,0.5893576902082636,0.589305845851877,0.6446560743457542,0.6077718801229761,0.07439522803662997,0.06736914884256197,0.026858262822024415,0.07008817743915771,1.0,0.06743901850651908
HandbookCamFig08_LensData_21_1.4_27,0.5893576902082636,0.5893576902082636,0.589305845851877,0.6446560743457542,0.6077718801229761,0.0752041102008761,0.06736914884256197,0.026858262822024415,0.07008817743915771,1.0,0.06743901850651908
HandbookCamFig12_LensData_21_2.9_200,0.5796590303466395,0.5796590303466395,0.5796083096006386,0.623219006823151,0.59748960484322,0.05491369985549077,0.01939273736988067,0.019468795188303977,0.07109904308296494,1.0,0.11777054554626386
HandbookCamFig13_LensData_21_2.1_300,0.4678785795651615,0.4678785795651615,0.4677954836966481,0.5465617171535393,0.5397915112217624,0.20668733636375766,0.12287616128444792,0.12296565670886818,0.2299222817800703,1.0,0.06654609102229539
HandbookCamFig16_LensData_NA_NA_NA,0.0,0.0,0.0,0.0,0.0,0.16324694633177883,0.173961231435366,0.11246308501956237,0.07961017078037759,1.0,0.31387540055318636
Imaging_Optics_Figure_7_19a_LensData_24_4.4_100,0.722851883820727,0.722851883820727,0.7228119594147626,0.735597389751065,0.6901697871881955,0.11253800952812354,0.09319428925240618,0.09701943002495024,0.0866952558731336,1.0,0.21745187407285713
Imaging_Optics_Figure_7_19b_LensData_24_4.4_100,0.8748599453336505,0.8748599453336505,0.8748357863156816,0.8479978305170883,0.7870131733828551,0.12172053099829794,0.10899525221317666,0.10107422036069488,0.0853233667851095,1.0,0.2179253619864873
Imaging_Optics_Figure_7_20_LensData_23_3.4_100,0.5808390905546056,0.5808390905546056,0.5807923562606176,0.6358329391019957,0.6079674668810149,0.1455996439033668,0.11914410848624384,0.1256356142796727,0.11359150246729022,0.996449791600352,0.19053189065989667
Imaging_Optics_Figure_7_24_LensData_24_4.4_50,0.6449383684168029,0.6449383684168029,0.6448978070679434,0.727814124018178,0.6922094776648864,0.06611273038301115,0.01275982393342889,0.0650796471343715,0.07297636499289266,1.0,0.2254231191329302
Imaging_Optics_Figure_7_28_US1792917_LensData_61.8_4.5_100,0.6550657688154591,0.6550657688154591,0.6549913195792404,0.7114913238172248,0.6817036746616573,0.06998625060616162,0.08111706716824023,0.048616755224763455,0.003768170736519198,1.0,0.22352379317989304
Imaging_Optics_Figure_7_6_LensData_1_5_100,0.5861861071305923,0.5861861071305923,0.5861341536512118,0.6267829232376835,0.5785316597961695,0.007280793817278509,0.0070329099513295485,0.007514918761340933,0.0039035545281005234,0.9775666678420192,0.26097440917832476
Imaging_Optics_Figure_7_7_LensData_1_5_100,0.5935949123757379,0.5935949123757379,0.5935451211066217,0.6311346195846943,0.57902342078781,0.004113621399526054,0.0022868027179787135,0.004988983798090169,0.003930631286416788,0.9775938378042612,0.26083541027578094
JP1963-002613_Example01_Tale12_LensData_21.6_3.5_28,0.5366042321095281,0.5366042321095281,0.5365414063058056,0.6063200439165254,0.5733042893517204,0.0966415063409972,0.09607465269198937,0.08664348301220572,0.043197875096010134,1.0,0.1595834185790721
JP1963-026133_Example01_Tale12_LensData_21.6_3.5_28,0.5366042321095281,0.5366042321095281,0.5365414063058056,0.6063200439165254,0.5733042893517204,0.0966415063409972,0.09607465269198937,0.08664348301220572,0.043197875096010134,1.0,0.1595834185790721
JP1973-071634_Example02P_LensData_21.6_5.6_15,0.7527885067711052,0.7527885067711052,0.7527670821052894,0.7516485098622643,0.6925330591914823,0.0894041231787866,0.07523673755560124,0.08112972704394818,0.06429801213867736,1.0,0.2911792310233825
JP1976-023175_Example02P_LensData_21.6_5.6_15,0.7527885067711052,0.7527885067711052,0.7527670821052894,0.7516485098622643,0.6925330591914823,0.0894041231787866,0.07523673755560124,0.08112972704394818,0.06429801213867736,1.0,0.2911792310233825
JP1976-062037_Example01P_LensData_21.6_2.8_135,0.5089740503546929,0.5089740503546929,0.5089088485942067,0.6072601467709641,0.6014047990955174,0.11301344540031304,0.12931704439618497,0.06786739858016184,0.03800646176241179,1.0,0.11508447725480832
JP1978-087728_Example01P_LensData_35_4_80,0.5551047726803188,0.5551047726803188,0.5550473797241521,0.606308977814258,0.5750290636334253,0.03467252309141234,0.03744996396812325,0.03176016754661126,0.0010726158157529698,1.0,0.19264581601699746
JP1979-030821_Example01P_LensData_21.6_1.8_40,0.5522882890356239,0.5522882890356239,0.5522281009599708,0.6031131323513457,0.5636013146671293,0.18016280282228814,0.16286500727414535,0.18381504222040487,0.08769873497727215,1.0,0.050909422916375305
JP1979-055423_Example01P_LensData_21.6_3.5_135,0.5336302041041957,0.5336302041041957,0.5335671288460165,0.6137601892638136,0.6089231484863373,0.06950369884946808,0.074856699876226,0.059997961204507705,0.014588843929186258,1.0,0.15975365559174387
JP1979-055424_Example01P_LensData_21.6_4_200,0.5086817969508431,0.5086817969508431,0.5086159736823308,0.6082537792718147,0.6236464055177371,0.08386730653619139,0.08303835122213615,0.013285327447724133,0.0714328742413634,1.0,0.1913797656439417
JP1980-017129_Example01P_LensData_21.6_2.8_21,0.5401753164106444,0.5401753164106444,0.540113983319306,0.606029679262333,0.5704866388538572,0.10480311826407543,0.10703319818383486,0.09302799191066986,0.0398915826812932,1.0,0.11437567445919596
JP1980-028038_Example01_Tale26_LensData_21.6_2.8_55,0.5349600221059163,0.5349600221059163,0.5349009477031824,0.5959432944660571,0.5624159435172267,0.11869808013170631,0.11994729778233128,0.10705828326178547,0.04626651660810243,1.0,0.11526574379375396
JP1980-087117_Example01P_LensData_21.6_2.8_24,0.5356168363531577,0.5356168363531577,0.5355533923519127,0.5982818730797667,0.5625117941609195,0.1410798382236902,0.13972950495086073,0.12714946914365674,0.06276151170358675,1.0,0.11417730177235814
JP1981-035116_Example01P_LensData_21.6_5.6_600,0.2554176831346404,0.2554176831346404,0.2553096883744476,0.29133296177430223,0.47630059885312404,0.23549253025637887,0.20569999652220053,0.26907227139394285,0.08282484447053838,1.0,0.2959837806113631
JP1981-159613_Example01P_LensData_21.6_2.8_300,0.6411238666651126,0.6411238666651126,0.6410845013338966,0.6189913231082228,0.6258652394943088,0.16042945025581803,0.14044420552959921,0.026113791129853365,0.1579544784696197,1.0,0.11491374556238676
JP1982-108817_Example01P_LensData_21.6_1.8_50,0.5470233153396141,0.5470233153396141,0.5469653264552516,0.6068079453341229,0.5712167569569652,0.11503220337792976,0.13174262104544804,0.07805936003535507,0.024283589696139734,1.0,0.051561642898627906
JP1983-014810_Example03P_LensData_21.6_2.8_350,0.41538045961098913,0.41538045961098913,0.4153006585628702,0.6055172073037536,0.6783237510723742,0.3626960406371799,0.36944089555892273,0.0034858659302858712,0.29531673267877,1.0,0.11486279354815462
JP1985-111215_ExampleMLP_LensData_21.6_1.7_50,0.5444732630093899,0.5444732630093899,0.5444123207625106,0.6080660469023373,0.5736870207845018,0.3342055019064504,0.3645021844782668,0.2646045793210037,0.08778788159379403,1.0,0.04702164926228592
JP1986-090115_Example04P_LensData_20.57_4.5_105,0.6526453190993602,0.6526453190993602,0.6525966958498582,0.606106506082244,0.5651028641054265,0.06928663019397469,0.013298633445622524,0.09246285163009371,0.057207051389366714,1.0,0.22417811402429308
JP1987-244010_Example01P_LensData,0.5417927250362952,0.5417927250362952,0.5417315544940977,0.6083074929436187,0.5804691478094954,0.3691533925251829,0.4231701957687021,0.25949902219787097,0.036900212822083854,1.0,0.02581472228007058
JP1987-244010_Example02P_LensData,0.5429027787253355,0.5429027787253355,0.5428449725767029,0.6072490302507809,0.5828407937201228,0.126654324848177,0.1389432719748364,0.08624127550755514,0.05189920618989121,1.0,0.06394962083713249
JP1987-249119_Example04P_LensData_21.6_2.8_20,0.5670583848165291,0.5670583848165291,0.5669948538614674,0.6079308950620094,0.5667734301200925,0.285780358448245,0.27392277780129576,0.2564295126777259,0.14860883605531366,1.0,0.11369956938433134
JP1988-017421_Example03P_LensData_21.6_2.8_15,0.5614764744432637,0.5614764744432637,0.5614197759861361,0.6079906072053315,0.5687600500858571,0.09332253408351145,0.09261274565769272,0.087920364185587,0.03605342330808709,1.0,0.11473345006146854
JP1989-031113_Example05P_LensData_21.6_2.8_28,0.4002571154582442,0.4002571154582442,0.40016861989074165,0.48602756328543434,0.46306134796605425,0.5591416301469632,0.48463053893705943,0.5263160804583367,0.35873039234842946,1.0,0.11643118485571537
JP1990-248910_Example01P_LensData_21.6_2.8_15,0.5485119104489149,0.5485119104489149,0.5484522918484793,0.6055024859025993,0.5698044029038041,0.15006498105308197,0.1305602335740669,0.15090677376599973,0.08609663387469152,1.0,0.1142262078888595
JP1994-029897_Example04P_LensData_20.6_4.5_105,0.6526453190993602,0.6526453190993602,0.6525966958498582,0.606106506082244,0.5651028641054265,0.06928663019397469,0.013298633445622524,0.09246285163009371,0.057207051389366714,1.0,0.22417811402429308
JP1996-110467_Example01P_LensData_21.6_1.8_85,0.5327200518210174,0.5327200518210174,0.5326603975601651,0.6053409900711053,0.5795043093909809,0.21363408474654264,0.2520597143080019,0.1122829681308232,0.0546209213207047,1.0,0.05103966415519997
JP1997-211319_Example01P_LensData_21.6_3.5_180,0.5870619233747091,0.5870619233747091,0.5870134581460857,0.6083845797309075,0.6342915109982347,0.04643976713609058,0.022509423701998328,0.0008275462724646504,0.059340905728051604,1.0,0.2422845287992168
JP1998-206729_Example01P_LensData_35_4.5_300,0.6055925932744332,0.6055925932744332,0.6055468276866601,0.6087517478867251,0.6204405932604603,0.040588373941278726,0.018385516996673068,0.003980681190246351,0.05238598041763909,1.0,0.23196336560558878
JP1999-231209_Example01P_LensData,0.5743058030704536,0.5743058030704536,0.574254716387827,0.6069387019926515,0.5839528553207869,0.03544890186390363,0.014036152742728287,0.021228370346634155,0.04338304582566618,1.0,0.11699529077092478
JP2000-028919_Example01P_LensData_44.8_8_210,0.5550150002907008,0.5550150002907008,0.5549599493305672,0.6062632235557796,0.6117248645310233,0.008109404731437668,0.003738291892795136,0.005312596060852844,0.00997908178447599,1.0,0.4578466590490057
JP2000-275517_Example01_Tale24_LensData_4_NA_NA,0.5816895935667875,0.5816895935667875,0.5816387267888034,0.6069009017905954,0.5525084236422592,0.018772626017008128,0.010891984704225992,0.0208024999275625,0.016256653103731596,1.0,0.16197322255764088
JP2000-292689_Example02P_LensData_33.31_2.8_85,0.541686858234843,0.541686858234843,0.5416275800570828,0.6060891982420155,0.5800813529149581,0.09202537760607739,0.1020643730112237,0.07534625550705985,0.007142493325994026,1.0,0.11797911107881102
JP2001-033704_Example01P_LensData_21.6_3.5_180,0.6304179601727797,0.6304179601727797,0.6303802614375026,0.6068972780029059,0.5831730760633549,0.10542669577792865,0.10829783211944366,0.046396918156543995,0.07622453082797344,1.0,0.16654392298141651
JP2001-174702_Example01_Tale24_LensData_4.47_NA_NA,0.5610359424643622,0.5610359424643622,0.56098440358211,0.6068744954072587,0.5723044174331061,0.017791064599755258,0.008255874561575425,0.009316462218298899,0.021940044818026194,0.9975340844157444,0.20547014424495075
JP2003-005030_Example06_Tale78_LensData_21.6_2.8_45,0.5301105291544128,0.5301105291544128,0.5300455295056664,0.6068743378512722,0.5751539672929765,0.17550120351703116,0.17925133731356507,0.14883619397318554,0.07530769103253668,1.0,0.12138194589913541
JP2003-185916_Example01P_LensData_34.85_4_120,0.5914671876590605,0.5914671876590605,0.5914189114379684,0.6055322097847876,0.5765699614951144,0.025990062828610806,0.007143004677684409,0.0027825238820201655,0.03522778796280421,1.0,0.1916999577995423
JP2008-003108_Example01P_LensData_11.3_3.5_8,0.5693215102499241,0.5693215102499241,0.5692657559730302,0.6068861230390621,0.5676241556799065,0.061556675389669774,0.05390741579590182,0.06599601424012283,0.030215432329392722,1.0,0.15951031590493112
JP2008-145584_Example01P_LensData_21.6_2_200,0.6181202885977037,0.6181202885977037,0.618076751069136,0.6126669634181153,0.5882953395810823,0.15505874611018067,0.14724598396526772,0.01676119897081458,0.14040536351147653,1.0,0.06706661015510347
JP2011-170128_Example05P_LensData_21.6_1.4_85,0.5490811996632133,0.5490811996632133,0.549025445745041,0.6075477749927831,0.5746407778161253,0.19891039006279265,0.21749311712609343,0.061186907713047724,0.12846704025811317,1.0,0.02923599460860144
JP2011-248340_Example01P_LensData_8.2_2.8_10,0.5733167976788276,0.5733167976788276,0.5732656010764343,0.6083037327124451,0.5590939910047974,0.008523759177155364,0.006081072742931999,0.002488802625162307,0.009992262750424348,1.0,0.12268688665054785
JP2012-234169_Example01P_LensData_14.2_2.8_30,0.5646085886589602,0.5646085886589602,0.564553773576116,0.6069777604368157,0.5623189729996393,0.06537868349020563,0.0702555018528498,0.05403076999795894,0.01983900841297923,1.0,0.12133073127713485
JP2012-242690_Example02P_LensData_14.2_1.8_50,0.5659047130007725,0.5659047130007725,0.5658517647341991,0.6212806642157047,0.582721002419017,0.08163585584166279,0.04717416250428442,0.03434811753680846,0.09614937680684071,1.0,0.05453452162330687
JP2013-003324_Example02P_LensData_10.8_1.4_25,0.568343350003868,0.568343350003868,0.5682920573373625,0.607452912108874,0.5619674804044422,0.074272921635584,0.057653721877264814,0.009083669836353286,0.08064797328591644,1.0,0.02861700366979089
JP2013-054269_Example01P_LensData_21.6_2.8_28,0.5460905773159263,0.5460905773159263,0.546035531493312,0.6042804243209596,0.5672111566374993,0.050476242937217045,0.058206014988677265,0.033963393268848716,0.010838944859946463,0.9840413604108773,0.1211356381338237
JP2013-104994_Example02P_LensData_21.6_2.8_180,0.6059488144450245,0.6059488144450245,0.6059028945864611,0.6078396723516123,0.577911818257208,0.05935985282666547,0.049936012072124544,0.00881257397720902,0.06095980434893304,1.0,0.12274992472928498
JP2013-161076_Example01P_LensData_10.8_1.8_75,0.5627216299777539,0.5627216299777539,0.5626688865923991,0.6066924744422919,0.5706096056456845,0.06545344129124177,0.017860087184678252,0.006362337074915275,0.08803367989299603,1.0,0.05029660631370147
JP2013-250290_Example01TCP_LensData_21.6_9_975,0.5771273500601957,0.5771273500601957,0.5770767689268889,0.6030472663863031,0.5452606908839583,0.0006084788738045822,0.0009831160499265154,0.00024295485244539184,0.0007193068107479895,1.0,0.5141202181720911
JP2014-026184_Example04P_LensData_14.2_1.8_50,0.5417017785095545,0.5417017785095545,0.5416427478889031,0.606411064009924,0.5726484788491363,0.2608148256549413,0.2818166928636173,0.2127178536214836,0.06941575502824882,1.0,0.05160794125891721
JP2014-145954_Example01P_LensData_14.2_2.8_60,0.5700914756065134,0.5700914756065134,0.5700386395187413,0.6074097288489831,0.5659738541298313,0.0212931267654828,0.02158213824762157,0.01825149284406905,0.01073276786500228,1.0,0.12320670346025431
JP2015-041003_Example01MLP_LensData_21.6_1.4_50,0.5645481910453611,0.5645481910453611,0.5644921949973447,0.6060765436602921,0.5654855184211433,0.21980383915068327,0.18488849916623232,0.25011885192521804,0.09742412351161216,1.0,0.02918521970193407
JP2015-096915_Example02P_LensData_21.63_85_18,0.5424428080815583,0.5424428080815583,0.5423869775054427,0.5934048551381418,0.5591405663588989,0.07780033029481878,0.08260402672040984,0.048784972522520044,0.04338267487407725,1.0,0.05430194274784219
JP2015-102734_Example01MLP_LensData_21.63_2.8_300,0.6742581249522316,0.6742581249522316,0.6742256063095324,0.5636543516601091,0.6397156235596433,0.1179596048938692,0.11182793847046474,0.01156857353421833,0.10729823204356283,1.0,0.22860201670551838
JP2015-111192_Example01P_LensData_13.66_2.8_24,0.5737407787879588,0.5737407787879588,0.5736911156126452,0.609025716949851,0.5650250490755118,0.019917215925558826,0.008366567746285454,0.005624974892586187,0.025867768692390845,1.0,0.12036694244553789
JP2015-161792_Example01P_LensData_14_2.8_50,0.6409405266089223,0.6409405266089223,0.6408992232653912,0.6341659967648713,0.5795626814206886,0.009297302874624495,0.011006008475920965,0.0031277685620106585,0.005149085410648716,0.9816844265640599,0.3162701391149385
JP2015-215560_Example01P_LensData_21.63_4_500,0.6994427646132554,0.6994427646132554,0.699413314585281,0.6068423836065391,0.6466827228493169,0.12408727464005596,0.12378055653793164,0.0075730044084068235,0.10509698184831154,1.0,0.19990132665780316
JP2016-099362_Example06P_LensData_11.15_3.5_30,0.5651122096454476,0.5651122096454476,0.5650599636167696,0.5991143535362857,0.5546587072542346,0.01007260161853591,0.007696518561022182,0.014161185425435428,0.002507970839641447,1.0,0.16407084791162696
JP2016-184136_Example07P_LensData_11.6_1.8_8,0.5593691094583685,0.5593691094583685,0.5593109364760909,0.6068970889357223,0.5638667074567507,0.22606476938525294,0.23044634925148058,0.19457184704802946,0.0939445976074222,1.0,0.05630819281273074
JP2016-188967_Example01P_LensData_21.6_18_28,0.5728147669203708,0.5728147669203708,0.572764766420592,0.5995926730290084,0.5577181208672518,0.018063770676900938,0.010121317463781171,0.006330928624659949,0.022134811550829532,1.0,0.11974829350754203
JP2016-191761_MLP_LensData_21.6_2.8_400,0.6760144128456392,0.6760144128456392,0.6759808603710065,0.6150019160383517,0.6299697254051329,0.1948289871234309,0.19347473911434637,0.02133514316854346,0.16516324116877834,1.0,0.12353363181047292
JP2017-161685_Example02P_LensData_33_4_19,0.6171253461477534,0.6171253461477534,0.6170823964483259,0.6256198178457426,0.5837636670438325,0.03698279536539945,0.038093457976902584,0.017504448686553847,0.02665365896669989,1.0,0.19711714688263204
JP2017-167327_Example01P_LensData_10.82_1.4_12,0.5771783681618695,0.5771783681618695,0.5771274317600912,0.6068406271724016,0.5594372957794838,0.05641034604222904,0.014621673591927148,0.011358148749518784,0.07568897872267742,0.9964308933821701,0.028543791066816582
JP2018-005099_Example04P_LensData_21.63_1.4_85,0.5688084635623156,0.5688084635623156,0.568755466413449,0.6069665714408787,0.5703344477680533,0.09930798525616391,0.054051313445017776,0.029956375232029653,0.12105188045589577,1.0,0.029437604088864033
JP2018-049102_Example01P_LensData_21.6_2_135,0.5693184679733063,0.5693184679733063,0.5692659318330751,0.6055488634525602,0.5826947239410263,0.10048210392079222,0.01865980625349787,0.006561712445163294,0.13677465904002079,1.0,0.06914640871662363
JP2018-132674_Example01P_LensData_33.63_4_135,0.5510051446341505,0.5510051446341505,0.5509510072549062,0.5988144743911807,0.5817484472646689,0.024767269964566664,0.007051768454650718,0.002984193975553001,0.03351424524090409,1.0,0.19525400583722102
JP2018-205474_Example01P_LensData_34_2.8_90,0.5600245477333454,0.5600245477333454,0.559969676759144,0.5973541667303456,0.565084737404101,0.04901552251127784,0.03832398413531352,0.06472746089705678,0.009932539544606163,1.0,0.12215465398983645
JP2019-023693_Example01P_LensData_10.82_1.2_45,0.5722917526819146,0.5722917526819146,0.572240167754178,0.6070650927747944,0.5597823273058338,0.06954614693476054,0.06576656962975026,0.03492209526615736,0.057345249358695706,1.0,0.018451365346645307
JP2019-090947_Example04P_LensData_21.6_1.8_35,0.5718463296941254,0.5718463296941254,0.571795622288339,0.6080592559242075,0.5663675336710987,0.056319644148392016,0.028345452434895942,0.010991185903455667,0.0708215216537196,0.9856307428243525,0.0553668355702833
JP2019-144441_Example01P_LensData_21.6_2.8_70,0.5941092690510453,0.5941092690510453,0.594060999366438,0.6101386902326726,0.570159208179863,0.03759672553535572,0.030509107966674352,0.009343759930974778,0.03940446006592165,1.0,0.12179693945913793
JP2019-144477_Example01P_LensData_21.6_1.4_105,0.5778514871952661,0.5778514871952661,0.5778005413228403,0.6070834868059938,0.5679091412333098,0.07427150780070255,0.013877860507786196,0.04155283629315756,0.09548305388702184,1.0,0.029415654965149512
JP2019-152887_Example03P_LensData_21.6_2.8_400,0.6505583709034896,0.6505583709034896,0.6505212289860834,0.6078493220255612,0.6213603176373657,0.1722609127087135,0.16077728530213975,0.019520874871061633,0.1592334671998607,1.0,0.1207741615941635
JP2019-219472_Example06P_LensData_21.6_1.4_28,0.5725937217308293,0.5725937217308293,0.5725458695793956,0.6070373017894484,0.5651490661682297,0.10008775905520373,0.03963599768642417,0.03114124257717726,0.12843302282408184,1.0,0.029389577403029023
JP2020-030383_Example01P_LensData_14_1.4_56,0.5706596850028032,0.5706596850028032,0.5706070028789804,0.6068421312018487,0.5621277833113307,0.07476683989559117,0.06515138353236256,0.01314492977841587,0.07415250265666931,1.0,0.029110571916969526
JP2020-173366_Example03P_LensData_21.6_1.8_85,0.5738100074652998,0.5738100074652998,0.573757796461991,0.6076169137107772,0.568162926507661,0.11212753942570022,0.09325953783696275,0.1331964466590579,0.042736251566503625,1.0,0.05438666734252542
JP2020-190696_Example01MLP_LensData_21.64_4_17,0.5814362842535439,0.5814362842535439,0.5813851249576849,0.6061890005061014,0.5641789304220785,0.014543456256027777,0.003422423079360679,0.022926937528404554,0.00791982292213794,1.0,0.20028180867130851
JP2020-190696_Example03MLP_LensData_21.6_2.8_24,0.559708996731967,0.559708996731967,0.5596550798319198,0.6075304359564693,0.5682377127369226,0.03806128592988339,0.04247941629688161,0.014395578895630558,0.022689002393991853,0.9850215922708825,0.12402101350720002
JP2021-047297_Example01P_LensData_21.6_2.8_100,0.5874027177420119,0.5874027177420119,0.5873528272704969,0.60604978025509,0.5720554564458467,0.026112968486020717,0.01958494723210194,0.035219549589003016,0.007370153536590989,1.0,0.12500004580368054
JP2021-189351_Example04P_LensData_21.63_2_40,0.5619598183727479,0.5619598183727479,0.561903052200541,0.6069572526345015,0.5648335914333448,0.14655200581376102,0.1581267631186277,0.1215347699454972,0.03725460336307185,1.0,0.06644676421425619
JP2021-189377_Example01P_LensData_21.7_4_24,0.5895138686883934,0.5895138686883934,0.5894637083875537,0.6070484614799718,0.5641751994649641,0.022154246767750078,0.013479027911290015,0.03074658407289493,0.0109594671214466,1.0,0.19579426940992034
JP2022-030896_Example01P_LensData_19.92_2.8_24,0.5885690197799099,0.5885690197799099,0.5885210337154375,0.6095791295164092,0.5629647711366699,0.018559164292404885,0.009940456699311945,0.0009884351460158018,0.023552583108379148,1.0,0.12009947337981693
KR1020140184971_Example01P_LensData_21.6_1.4_50,0.5831050191676043,0.5831050191676043,0.5830475109398148,0.6367459265711586,0.598100436259058,0.13187932766989124,0.04754754649041922,0.05537782230933906,0.16798602030000728,1.0,0.030162364886776354
KR1020150155317_Example01P_LensData_21_2_135,0.5847532914915888,0.5847532914915888,0.5847030698253667,0.6076123905935169,0.574831655962669,0.04753284492202665,0.011260290106263456,0.07421892297789755,0.02319040438914079,1.0,0.07032342284186797
KR1020200129711_Example02P_LensData_21.6_1.4_85,0.5459122920656041,0.5459122920656041,0.5458526250120347,0.6073911158149625,0.5771089717769426,0.19901447382973,0.2234723727360339,0.0907744236398951,0.10248100597151613,1.0,0.030566255634616096
Note01Fig1_LensData_21_4_21,0.7950191372124472,0.7950191372124472,0.794980573870536,0.7882210892406245,0.7231960083313254,0.0704077807480927,0.05800992512145332,0.06745048082794898,0.04948276436048001,1.0,0.18662190527432437
Note02Fig1_LensData_21_2_50,0.7311581490237893,0.7311581490237893,0.7311196966355994,0.7416160284352002,0.6874874545065202,0.18563361468028092,0.15345572084924253,0.16166342349235466,0.14152569146357033,1.0,0.06276899738186162
Note02Fig2_LensData_21_4_50,0.5651231584256001,0.5651231584256001,0.5650697694641743,0.5927634346335346,0.5509983530477335,0.01607596326513784,0.015270024256497108,0.008467683703619729,0.013615085177534255,1.0,0.192646005338877
Note03Fig1_LensData_21_1.8_35,0.515195490512318,0.515195490512318,0.5151185288938442,0.709222517611687,0.7025196939100766,0.8392673669238475,1.0,0.1473608706960532,0.3659559155609859,1.0,0.04967916048571444
Note05Fig1_LensData_21_NA_NA,0.6584872975461075,0.6584872975461075,0.6584464065542612,0.725041138655854,0.7722324026682058,0.21793193771743272,0.04795249998598132,0.09251041454230523,0.28518594550356724,1.0,0.09512636624745104
Note05Fig2_LensData_21_2.5_105,0.6262081293629117,0.6262081293629117,0.626147166518111,0.6565357957275291,0.6244246955217114,0.07115969937964545,0.045201253936525757,0.027899657061259384,0.08184851613452217,1.0,0.09579919177878898
Note06Fig1_LensData_21_6_10,0.5897827860684085,0.5897827860684085,0.5897328790735087,0.6435531824402845,0.6039160268930674,0.012840434608153319,0.013798814133374346,0.005698018173739506,0.009030087435980038,0.9695726611734238,0.32039833323460093
Note07Fig1_LensData_21_NA_NA,0.6580825715095018,0.6580825715095018,0.658058194534596,0.7010926287085094,0.6549362297757705,0.37429683496078675,0.37987246522135587,0.2587789756320748,0.2229725804788956,1.0,0.03171208661414918
Note11-Fig1_LensData_21_2.8_300,0.5946624572550528,0.5946624572550528,0.5946127041607012,0.6448136303322499,0.6337849189421416,0.06848241334305614,0.01234422785345071,0.014804678435985682,0.0927333729776607,1.0,0.1275719835375465
Note12Fig1_LensData_21_3.5_38,0.6171472025647409,0.6171472025647409,0.6171018264599102,0.6712200136689271,0.6325834574284745,0.02825476655498451,0.02293361597129478,0.018660052853578954,0.026250905725124604,1.0,0.19095462809548905
Note14-Fig1_LensData_21_2.8_24,0.7458236301574105,0.7458236301574105,0.7457941109789465,0.7374565503917141,0.6794683974269277,0.05008319228309135,0.042649494005459726,0.04655612407053257,0.03481618693916978,1.0,0.19075913798694655
Note16-Fig1_LensData_21_1.3_58,0.6379935588739349,0.6379935588739349,0.6379488119159351,0.678310033061233,0.6369422480361973,0.4614510399816726,0.4470660394322283,0.14789264647779019,0.38902531364644366,0.9940950615393608,0.02012491579756728
Note17-Fig1_LensData_21_4_28,0.7361060793028049,0.7361060793028049,0.7360888104873149,0.7175414736986592,0.6590714926600202,0.04721223023534452,0.04509319895573143,0.03921097108529021,0.02909396534833244,1.0,0.19090766405504261
Note19-Fig1_LensData_21_1.5_85,0.6709583261007458,0.6709583261007458,0.6709080123855163,0.7333916059401253,0.6998653021938354,0.3359375920450583,0.2846012198471575,0.2173115433187081,0.293399228859501,1.0,0.03150248897200052
Note20-Fig1_LensData_21_3.7_20,0.46907768990535553,0.46907768990535553,0.46899894095761036,0.6069016580593305,0.5928514045811559,0.17553967668701229,0.20479846056974707,0.10715640586431187,0.03494254514464568,1.0,0.1795986131866964
Note21-Fig1_LensData_21_4_105,0.6922012380047484,0.6922012380047484,0.692182031063173,0.667785293163321,0.6231114701463079,0.059618887655964736,0.07201551301671805,0.01442800392392197,0.022938515624434847,1.0,0.19147978256076773
Note23-Fig1_LensData_21_2.8_80,0.6416990114273896,0.6416990114273896,0.6416756473047217,0.6418200665888318,0.5961484385023821,0.05631500275974815,0.06439348090991819,0.018925940744447454,0.030375598575302316,1.0,0.11545355109828065
Note24-Fig2_LensData_21_NA_0,0.5792725897975899,0.5792725897975899,0.5792200975809733,0.6164472505235664,0.5645527947894795,0.015756967482054858,0.0017299039708079502,0.016743444306901837,0.01738778016960052,1.0,0.12158580892048054
Note24-Fig3_LensData_21_NA_0,0.6448407966515334,0.6448407966515334,0.6448201646640104,0.6669975132308427,0.6081909946044879,0.15379099990467618,0.12345799579641738,0.1476932305596388,0.11092895456619081,1.0,0.11321124718536384
Note24-Fig4_LensData_21_NA_0,0.7604274817067787,0.7604274817067787,0.7603908829183605,0.5967117876551166,0.49732124376190007,0.10414158480911793,0.12814591957857127,0.002429812848480842,0.03474398225032641,1.0,0.2528493858947871
Note26-Fig1_LensData_21_2.8_55,0.5241196778833791,0.5241196778833791,0.5240474053461454,0.6782785218639339,0.6689625944236987,0.24167433814403744,0.28321312894003037,0.05653799864022089,0.11667825291534444,1.0,0.11447176447381037
Note27-Fig1_LensData_21_1.45_35,0.5320632957954515,0.5320632957954515,0.5320057517492834,0.6490991531649326,0.6324996345321722,0.40963701064376556,0.47335664745164807,0.162649424420992,0.18649116144078112,1.0,0.05078760955476991
Note30-Fig1_LensData_21_3_135,0.49766973759999317,0.49766973759999317,0.4976101668069407,0.7079620697197213,0.9544633792295358,0.41845496550470224,0.084092735100884,0.0536243105027869,0.5656921360739677,1.0,0.12788674643021383
Note31-Fig1_LensData_21_2_200,0.731930898152757,0.731930898152757,0.7318961206749299,0.701911919838287,0.6994741286777576,0.4197879121697276,0.47899213029615223,0.10806485615811258,0.23261190643948593,1.0,0.06352707883057708
Note32-Fig1_LensData_21_1.85_85,0.6474295186541997,0.6474295186541997,0.6473823639938011,0.6956096803784595,0.6616141205145251,0.17252060945426265,0.14494431313128936,0.10663570874469439,0.1547572006941185,1.0,0.0635763025192635
Note32-Fig2_LensData_21_2_135,0.4223179836815279,0.4223179836815279,0.4222582137899121,0.5748902835254639,0.5803729694182781,0.27265110722270264,0.2695732655951465,0.0997558595684719,0.21917280872851305,1.0,0.08362750492694924
Note33-Fig1_LensData_21_2.8_35,0.6265140881491771,0.6265140881491771,0.6264577361338431,0.7552603768657267,0.7300415448626847,0.24567317813911335,0.2776358295467232,0.10497390942676625,0.12561358315971188,1.0,0.11157434578603086
Note34-Fig1_LensData_21_2_50,0.5856485347562462,0.5856485347562462,0.5855906568236804,0.7226147764638204,0.702631457771813,0.390417514713016,0.4241168238958331,0.10812024946871018,0.26013091847491665,0.9817810308742545,0.06413926028888077
Note36-Fig1_LensData_21_2_85,0.4095674833215374,0.4095674833215374,0.4094860383429248,0.4797264676820688,0.45890241628998524,0.42649821632100887,0.42942814179795424,0.32862994029565407,0.23237724120074496,1.0,0.06622540418694497
Note37-Fig1_LensData_21_2.5_35,0.7087926378241067,0.7087926378241067,0.7087586843028799,0.7084977600738068,0.6479789293826747,0.10495046697336408,0.08861442045104662,0.09900251054434449,0.07160447590486856,1.0,0.09529266414359638
Note38-Fig1_LensData_21_2.8_35,0.9456349399173851,0.9456349399173851,0.9456456587026266,0.9424999112172014,0.8739933987792704,0.2857755051552595,0.2393511186591331,0.2671433655323131,0.19816124427509138,1.0,0.11107435280926188
Note38-Fig2_LensData_21_2.8_35,0.730161622944265,0.730161622944265,0.7301103453844697,0.7580018510307517,0.7052020265917522,0.11968123652787459,0.1035426316438629,0.1052176399933957,0.08455619196614866,0.9148734894104772,0.14603282108532736
Note38-Fig3_LensData_21_2.8_35,0.4756860635555496,0.4756860635555496,0.4755985452919199,0.6069010593465819,0.5926837587885513,0.2948327068535085,0.34805442933822633,0.17176716334535772,0.04155829975991978,1.0,0.11507594555591316
Note40-Fig1_LensData_21_2_58,0.6428344854762479,0.6428344854762479,0.6428014621617509,0.7010611175112104,0.6602450132082532,0.1174596587528324,0.06521636114827499,0.09184569481513398,0.12458466634369382,1.0,0.06265955712115928
Note41-Fig1_LensData_21_1.4_85,0.5125436406876156,0.5125436406876156,0.5124786871601205,0.615766608661905,0.5962322613986846,0.2917224979684494,0.3157210543159238,0.03245298719238247,0.2058690948091215,1.0,0.051013940808209
Note43-Fig1_LensData_21_4_135,0.7166540933076951,0.7166540933076951,0.716639388302085,0.7323832476265529,0.6987197226110363,0.04895531433576224,0.03978188105361027,0.039100184464095,0.04122435307401917,1.0,0.20238392889314488
Note44-Fig1_LensData_21_1.4_50,0.5799806430007278,0.5799806430007278,0.5799227613365675,0.6547081462841792,0.621518835116563,0.45249637264227177,0.24969946105058982,0.32862994029565407,0.4908519760878111,1.0,0.025452250273753325
Note45-Fig1_LensData_21_2.5_105,0.7361146767035557,0.7361146767035557,0.7360888104873149,0.7178880968689497,0.6693258269743422,0.15294793962081404,0.1685917300820479,0.08672735291591534,0.075873578132733,1.0,0.09484336057329107
Note53-Fig1_LensData_21_3.5_15,0.6197529020079868,0.6197529020079868,0.6197028469916674,0.683351824629095,0.6453245376664332,0.06115690303868626,0.06164223486046262,0.03616433900242197,0.042172039615088454,1.0,0.15319608922068398
Note57-Fig1_LensData_21_2.85_28,0.8136279840728939,0.8136279840728939,0.813614750814469,0.9023861570553995,0.8625376029512813,0.32365625439636353,0.3307822562543331,0.22211968267858015,0.18956888630272992,1.0,0.11204178761382978
Note59-Fig1_LensData_21_1.85_105,0.7241117465385962,0.7241117465385962,0.724093059079658,0.7278456352154772,0.686285992992853,0.22726256437260992,0.17391135990576861,0.19501019647211254,0.19146425938486847,1.0,0.05060586055038924
Note60-Fig1_LensData_21_1.8_50,0.6451040129650822,0.6451040129650822,0.6450530918758095,0.6952315460108698,0.6544332923979562,0.13468543103931338,0.0566883295871227,0.1005535232410774,0.1543871516637962,1.0,0.05259294635534007
Samy&Gao-1(220deg)_LensData_2.85_4_4.5,0.5784878314776863,0.5784878314776863,0.578436689219197,0.6076036786927995,0.5549815623157294,0.007741746711280705,0.006285649248347531,0.008919390559833698,0.005041612522051518,1.0,0.1917697748229993
Samy&Gao-2(220deg)_LensData_2.85_3.8_1.5,0.5844115729522233,0.5844115729522233,0.5843612433188712,0.6129757977303808,0.5594973590758292,0.001101310041753849,0.000969640263914007,0.0019863780969116567,0.000797018280441864,1.0,0.1783000788434021
US00252682-1_LensData_11.13_3.1_25,0.5839714256245246,0.5839714256245246,0.5839207437987012,0.6218015890529596,0.5738067908504738,0.01720701066342601,0.016905428078897652,0.0070339451818325835,0.01449458792837012,1.0,0.13588915020736853
US002645973_Example01P_LensData_21.6_1.5_85,0.5312254004930298,0.5312254004930298,0.5311599309293175,0.6077470596823021,0.5826405659677253,0.5673322000515215,0.6080870782354549,0.47236766005302216,0.15114572974665338,1.0,0.03230898185746749
US002645974_Example01P_LensData_21.6_3.5_28,0.5748618495705844,0.5748618495705844,0.5748072340980593,0.6084210460639821,0.5610585540930385,0.11061775289124023,0.09742371912720654,0.10552019382441498,0.06797352864514655,1.0,0.160053150590898
US002645975_Example01P_LensData_21.6_3.2_35,0.5786721527631812,0.5786721527631812,0.5786201772420797,0.6058840070936746,0.5580336612634056,0.03974470186907544,0.02931184381801433,0.04664796617950339,0.02405606640368399,1.0,0.12808991934277214
US002681594_Example01P_LensData_21.6_1.8_50,0.5583131460347467,0.5583131460347467,0.5582536220181435,0.6078571349118195,0.5688213615051284,0.30392334614544836,0.3061984265280893,0.23074248237275627,0.16873289657581703,1.0,0.05255569269516796
US002720140_Example03P_LensData_39.5_4_150,0.509621525845182,0.509621525845182,0.5095560679091522,0.6056525015746933,0.6026481357340807,0.06204817839589076,0.06569022296747395,0.05791171950705512,0.006412617373404866,1.0,0.1925311480295562
US002721499_Example02_Tale01_LensData_21.6_4.5_21,0.565468096235477,0.565468096235477,0.5654115684076164,0.60571295076492,0.5619981411434517,0.03835333226564913,0.02848720560823922,0.041932792304941076,0.026517498072154887,1.0,0.22406243835587994
US002724994_Example02P_LensData_21.6_2.8_80,0.5362204864477659,0.5362204864477659,0.5361550782790717,0.6083561761678861,0.5833077123993957,0.1386931117746633,0.1630052543272948,0.07724207937573453,0.03384303560946267,1.0,0.11566493203039165
US002779239_Example01P_LensData_21.6_2.8_28,0.5669251177301472,0.5669251177301472,0.5668702618723,0.6070697813258406,0.5617047436829948,0.036311890270043244,0.038397660177179896,0.03324710680097594,0.00836500111171348,1.0,0.1154161325448586
US002838978_Example01P_LensData_21.6_2.8_50,0.53839442015572,0.53839442015572,0.5383287212451358,0.6076304178343797,0.5746951777581869,0.13850026743108312,0.1411052110948045,0.12103278468619959,0.05595403829593713,1.0,0.1152004582810917
US002854890_Example01P_LensData_21.6_1.8_35,0.5542592623708844,0.5542592623708844,0.5542007980086278,0.6062054931516557,0.5653909533412701,0.3194975291577238,0.30408742286368334,0.29435132996636115,0.16169050250533964,1.0,0.051198969356116286
US002896506_Example01_Tale03_LensData_21.6_1.8_35,0.5528224907631021,0.5528224907631021,0.5527620167148567,0.6073084487097441,0.566775430413808,0.36475031651670164,0.4059770773711422,0.2648709768303297,0.10086570585181491,1.0,0.05136360610544739
US002995980_Example01P_LensData_21.6_2.8_90,0.5065453331606712,0.5065453331606712,0.5064737615260149,0.6057490982046779,0.5896692443511192,0.19785784069109727,0.22335671234697596,0.14525674471434105,0.03470316403716464,1.0,0.11507621427083899
US003037426_Example01P_LensData_7.4_5.7_5.7,0.5705919766874822,0.5705919766874822,0.5705308713962278,0.6070587587090253,0.5600549542908159,0.3032807861039604,0.20411079036005036,0.3160521025394575,0.24125844500523821,1.0,0.05230357091600643
US003038380_Example01P_LensData_21.63_NA_35,0.7450522240084244,0.7450522240084244,0.7450297758619083,0.6080487532421476,0.5113108241288343,0.1632461944131473,0.19933569114416028,0.008947384455637166,0.05926185152191283,1.0,0.1921991202029042
US003108152_Example02P_LensData_21.6_2.8_135,0.5199771629747391,0.5199771629747391,0.5199130793287969,0.6057936424331799,0.5958832759463158,0.10528874833007573,0.09988443858099255,0.11504000398588717,0.02243881675738401,1.0,0.11495158550966977
US003376091_Example01P_LensData_78_5.6_75,0.5025472933990939,0.5025472933990939,0.502479331592073,0.6063720997842397,0.5950045828771505,0.05013484681453771,0.05603446313137927,0.03934887937922023,0.00919686131347741,1.0,0.2989999896178324
US003410632_Example02P_LensData_27.5_4_35,0.5402276646835317,0.5402276646835317,0.5401656197882537,0.6066057348299345,0.5736792269316037,0.12029837944107477,0.11373193372743358,0.11036939624543304,0.06396015195864145,1.0,0.19251968489510654
US003467462_Example01P_LensData_44.8_4_300,0.47187420894937254,0.47187420894937254,0.47179517778557656,0.6071358688146001,0.6491912962551507,0.14907792835127748,0.17280332257309558,0.08005541145235885,0.05105812896934057,0.9836534639165997,0.19502121321124719
US003490825_Example01P_LensData_21.6_4.5_85,0.581822965064041,0.581822965064041,0.5817611020873384,0.6075263833013846,0.5749601338305186,0.1014008265865897,0.09298718110190984,0.1005810991389591,0.051034320375753076,1.0,0.2230855924217505
US003502393_Example01P_LensData_44.8_4_600,0.39892515878030976,0.39892515878030976,0.398852790778567,0.6057473499634517,0.7741703824425232,0.3453267658191378,0.1302214812092767,0.18194490866131915,0.42781276090890724,1.0,0.19299742949744808
US003502394_Example01P_LensData_21.6_4_300,0.4835785279035163,0.4835785279035163,0.4835117154623295,0.6063387105195814,0.6563855360351278,0.11774981959566598,0.09896825702268065,0.0030747220444098324,0.12122625477945252,1.0,0.1921415052799429
US003506336_Example01P_LensData_21.6_2_35,0.5238935177255717,0.5238935177255717,0.5238268776262544,0.6054297066959813,0.5754835698182139,0.34089948030926176,0.3348572173781271,0.3045621672460736,0.15984597054973296,1.0,0.06403537754141721
US003506339_Example01P_LensData_21.6_3.5_28,0.5319484904142301,0.5319484904142301,0.5318866133625684,0.6074265722141635,0.5757585198150622,0.06392802282414006,0.07104120951542903,0.049866351869076786,0.014024212288017186,1.0,0.15963410798553582
US003507558_Example01P_LensData_21.6_2_35,0.5344617066666463,0.5344617066666463,0.5343991797856449,0.606545129344169,0.5731407519986732,0.2455916291457095,0.23981517324203674,0.22549641457796166,0.11126103295576761,1.0,0.06363560301766863
US003515462_Example01P_LensData_21.6_4_17,0.556528023662469,0.556528023662469,0.5564671526045921,0.6136852868327216,0.5780139483534725,0.05205485053333587,0.04186061617598242,0.056347209676261986,0.03174018325649129,1.0,0.19162962166770592
US003524697_Example01_Tale06_LensData_10.8_5.6_10,0.5488264340317929,0.5488264340317929,0.5487655680784127,0.6078103316455831,0.5701601707461221,0.07128002344975369,0.06937274003771327,0.06280144878197262,0.037151169243745105,1.0,0.29461301691743674
US003524697_Example01P_LensData_10.8_5.6_6,0.5565379908251723,0.5565379908251723,0.5564804178093041,0.6055338552995106,0.5621192224789314,0.045335154234784104,0.044117543935990336,0.04022700848266602,0.023837519959168704,1.0,0.2946292314203477
US003536379_Example01P_LensData_21.6_6.3_800,0.5783162005767308,0.5783162005767308,0.5782664007931949,0.6244385872131154,0.7264919777017685,0.057596758576483234,0.0324995920926553,0.0047574953746760225,0.0711158712882585,1.0,0.3169245759953292
US003545845_Example01P_LensData_21.6_3.5_24,0.5402801689905091,0.5402801689905091,0.5402199190034442,0.6054192238659758,0.5718420025580513,0.08298065547857093,0.08051512113076846,0.07776571788014475,0.03787048769749917,1.0,0.1596292405810838
US003549241_Example02P_LensData_21.6_4_20,0.544411992070658,0.544411992070658,0.5443522146719298,0.6053608465369714,0.5698726285943818,0.07188949679291202,0.06870735492101716,0.06737114320491244,0.035507536004141756,1.0,0.1912567797081145
US003552833_Example01P_LensData_21.6_2.8_60,0.47985850828684834,0.47985850828684834,0.47978629316529453,0.5340939968301626,0.5031637052223676,0.32302802637970124,0.2924686115676549,0.30483158923015824,0.18552210231181424,1.0,0.11612751866805339
US003560079_Example01_Tale44_LensData_21.6_1.4_50,0.5476719692368156,0.5476719692368156,0.5476096547552868,0.6060205110794787,0.5701691554429672,0.44020849558002384,0.501261455581468,0.2955073218865604,0.10649239161372638,1.0,0.026941718786165827
US003576360_Example01_Tale27_LensData_21.6_1.4_35,0.5489475642276974,0.5489475642276974,0.5488863388966705,0.6066235783605171,0.5689294888502137,0.3412371715237747,0.2552449922795435,0.3746954051417961,0.22306811630782145,1.0,0.025086113972992933
US003584935_Example01P_LensData_21.6_2.8_35,0.5689727278687409,0.5689727278687409,0.5689175581308679,0.6077831730899669,0.5699816207123471,0.06354259616923005,0.02884091776952433,0.08322806664043528,0.04611614763591027,1.0,0.11545311138294748
US003589798_Example02P_LensData,0.5707038651627605,0.5707038651627605,0.5706481859628745,0.6324441666487316,0.5949886118213084,0.04810228999076134,0.045598252923117075,0.04954191546463904,0.018767979114751875,1.0,0.1146774901781641
US003615126_Example01P_LensData_21.6_2.8_38,0.533015119272517,0.533015119272517,0.5329530706017908,0.6073032871756264,0.5732185016467288,0.07826544437488422,0.07621309659510184,0.06050373315051777,0.04864460511191725,0.9920253141934433,0.11649618333197959
US003622227_Example01_Tale14_LensData_21.6_2.8_24,0.5193615968438761,0.5193615968438761,0.519296765572737,0.5793507625126788,0.5441858351934565,0.22156278189860282,0.22342607533272435,0.1897952154032253,0.09998026877811472,1.0,0.11495270922663234
US003649104_Example03P_LensData_21.6_2_50,0.5385046978313089,0.5385046978313089,0.5384429767010676,0.6073776403665495,0.5744895506936288,0.23157300628422522,0.20829590938080345,0.23039691674392415,0.12219480847559754,1.0,0.06352205264003255
US003663095_Example02P_LensData_21.6_5.6_15,0.5696644630888105,0.5696644630888105,0.5696096869768844,0.6082155845495684,0.5672332297207826,0.03688335754418856,0.036273558586717325,0.034160932461637046,0.017078306360424764,1.0,0.29381263729653234
US003731989_Example01P_LensData_21.6_2.8_35,0.5560889301470971,0.5560889301470971,0.5560310744311141,0.6090921368817419,0.5716388790039962,0.0809211890819502,0.07824634057055957,0.07977617377363631,0.031832925666517554,1.0,0.11499401193216413
US003738736_Example03P_LensData_21.6_1.2_50,0.5546766260043768,0.5546766260043768,0.5546173634813613,0.6079318098320671,0.5705021175898883,0.5158034896561691,0.5422337515109825,0.45356055647490984,0.13622999199531688,1.0,0.013557217652372049
US003740120_Example03P_LensData_21.6_2.8_28,0.5420525093761448,0.5420525093761448,0.5419925055669604,0.6047902657247886,0.5692129122242395,0.11543547101127935,0.1207850646722729,0.098645804212885,0.040113479423370825,1.0,0.11461210695098335
US003743384_Example01P_LensData_21.6_11_360,0.7728032984147283,0.7728032984147283,0.7727880960219139,0.6071958948094471,0.7497590790255443,0.031122223066929383,0.03331908189819163,0.0026183831995636926,0.023468716459728957,1.0,0.6406153449658396
US003748022_Example01P_LensData_21.6_2.8_35,0.5411438363116691,0.5411438363116691,0.541083286230275,0.6053276041144926,0.5706603545417929,0.1722048036290105,0.18701955118553645,0.14213447860518283,0.0382724909128691,1.0,0.06308167162669635
US003749478_Example02P_LensData_21.63_28_100,0.5234808774225413,0.5234808774225413,0.5234195500467408,0.6066009545813041,0.5905872894760019,0.07891901774578315,0.08844739238650338,0.0533434996540434,0.02710454475641678,1.0,0.11497647828325362
US003774991_Example03P_LensData_43.45_8_800,0.6050164470993373,0.6050164470993373,0.6049685144523571,0.6062509439573041,0.7186669818035022,0.02546878384458033,0.004011592779022533,0.013779211989279951,0.03335078014327297,1.0,0.44857863850697094
US003804494_Example01P_LensData_21.63_5_200,0.5234921336131405,0.5234921336131405,0.5234291388836265,0.6080370260349608,0.6264054473259155,0.038872807784234534,0.03821075913928427,0.025899158669280827,0.02705457459894411,1.0,0.2559590527310292
US003817603_Example01P_LensData_21.6_1.7_50,0.5410992571391623,0.5410992571391623,0.5410389795924706,0.6073454425402612,0.5736017675901789,0.2938559531584149,0.3115425183370775,0.24767035681018276,0.088865419242162,1.0,0.04475696261747881
US003819253_Example01P_LensData_21.6_4.5_300,0.5399359954371596,0.5399359954371596,0.5398742589032545,0.6057776914651071,0.6442231690732407,0.044912128230484495,0.03033149383878192,0.05478245500703601,0.02813869009446572,1.0,0.22361165074632514
US003827781_Example01P_LensData_21.6_5.4_600,0.5110726273598861,0.5110726273598861,0.5110079886269407,0.6067108779268506,0.7460555599391826,0.048155892675025826,0.020949399865392068,0.02027462826635642,0.06032008885695297,1.0,0.3520202843126058
US003830559_Example01P_LensData_21.6_2_24,0.5322746831734588,0.5322746831734588,0.5322117137541966,0.6058761667926746,0.5730079544575676,0.20519890203989244,0.16309975256396023,0.2169037266874264,0.13037050929098828,1.0,0.06293702971071005
US003838911_Example01P_LensData_21.6_3.5_135,0.48363378415502306,0.48363378415502306,0.48356615831596733,0.6082734665225512,0.6135743161504592,0.08709375064898196,0.098043497561278,0.02733455777173307,0.050711752246255584,1.0,0.15917623607339093
US003844640_Example01P_LensData_21.6_2_35,0.562063233265372,0.562063233265372,0.5620018009155593,0.6083968445191204,0.5678642015433248,0.22107774881042513,0.21546924733581568,0.20646178851590075,0.09659755131049153,1.0,0.062288058736197076
US003848972_Example01P_LensData_21.6_4.5_85,0.5543376306868474,0.5543376306868474,0.5542800177179966,0.606077057923032,0.5759750511207904,0.08075711701873343,0.07781883849408218,0.08818066621501483,0.010879092472060599,1.0,0.06406302464299084
US003850509_Example01P_LensData_21.6_3.5_16,0.5624402900329069,0.5624402900329069,0.5623807292329862,0.6054434811856566,0.5651297357701134,0.09467635560472758,0.0811327725441026,0.09586980722760347,0.056188590714851765,1.0,0.15954549313158542
US003862794_Example02P_LensData_21.6_2.1_28,0.5421690920710475,0.5421690920710475,0.542105890651544,0.6054648738223911,0.5695714068253743,0.20437755625469303,0.2186439192953962,0.1688572751890307,0.060650999335687704,1.0,0.0627939084769177
US003864027_Example01P_LensData_21.6_6.4_400,0.5013042101681074,0.5013042101681074,0.5012351586544882,0.60761384609572,0.6910453229282668,0.03869402545833502,0.03160513041667521,0.029698787474821093,0.03329119954171525,1.0,0.3391357517269515
US003874770_Example01_Tale38_LensData_21_2.8_35,0.7557826922849337,0.7557826922849337,0.7557525451180009,0.7844669554835958,0.7315912653636193,0.15641583392036143,0.13913646596857507,0.1349560151701908,0.10664847107424742,1.0,0.1124261598866023
US003874771_Example05P_LensData_21.6_1.4_50,0.5631241055525287,0.5631241055525287,0.563066565550376,0.607330510959421,0.5670811702369261,0.25473467488772733,0.2585814807288243,0.24265091412770504,0.06835851141023887,1.0,0.026644031505603624
US003884556_Example03P_LensData_21.6_3.5_21,0.5627879165197589,0.5627879165197589,0.5627295579196805,0.6055823797073435,0.564929954234934,0.06471559151299365,0.06102593912154138,0.06367641825098193,0.030046572638946386,1.0,0.1595260967996663
US003884556_Example04P_LensData_21.6_2.8_24,0.5629755824464396,0.5629755824464396,0.5629170852886279,0.6049094766806269,0.5639913180155746,0.11946788531252477,0.0938606227593568,0.1281195832708147,0.07596423021701726,1.0,0.11434774032122426
US003884557_Example01P_LensData_21.63_3.5_50,0.5630928929122861,0.5630928929122861,0.563037723726587,0.6064711902103785,0.5674921312653145,0.02666075260181343,0.030333639976938925,0.016650704826299326,0.010458507380016833,1.0,0.16040179599284973
US003936153_Example01P_LensData,0.5563743820948134,0.5563743820948134,0.556315362093115,0.6088245532476368,0.5719950572990967,0.15545885796381903,0.1586316458604284,0.13628841262731922,0.06119159132826499,1.0,0.11486733116610674
US003938883_Example01P_LensData_21.6_2.8_24,0.5409750380892995,0.5409750380892995,0.5409109173760595,0.6072318875292262,0.5740133790842427,0.14241588370489403,0.15679843492780143,0.11063112963800673,0.036094890460889845,1.0,0.11446679324768248
US003973832_Example02P_LensData,0.5551467155753583,0.5551467155753583,0.5550861128019902,0.6216391359112916,0.5875247277544092,0.1481847059805255,0.15857470919747138,0.12074651205703119,0.04743928592314454,1.0,0.11439272564267144
US003975089_Example01P_LensData_21.63_2.8_38,0.6357481584474333,0.6357481584474333,0.6356971899661169,0.606791911491601,0.5528425140453646,0.24238804563785946,0.23298737849176157,0.19024515310788542,0.15145779841183446,1.0,0.11754672433451833
US003994576_Example01P_LensData_21.6_2.8_40,0.5755304261488574,0.5755304261488574,0.5754758147793869,0.6070238449326418,0.5536153197966435,0.07326574941403217,0.062258091729923415,0.06888640505898568,0.049929826911922645,1.0,0.12141183432747676
US003997247_Example11P_LensData_24.7_5.6_40,0.5648558999751926,0.5648558999751926,0.5648021248396684,0.6068386693817134,0.5670801258036381,0.006648019768926065,0.0073886922798082465,0.006257860859663345,0.0019335178264400356,1.0,0.29477963849292455
US004029397_Example02P_LensData_21.6_3.5_18,0.5855682653085056,0.5855682653085056,0.585505269978167,0.6084265977067221,0.5627705065451153,0.3276663389927931,0.2627576976815443,0.3228210432292014,0.22815806851521572,0.9888257492509543,0.16092845892600752
US004045128_Example01P_LensData_21.6_4.5_400,0.539274563434761,0.539274563434761,0.5392163886033374,0.6063048022655039,0.673438759439017,0.08487957927246056,0.02760611781411284,0.0036728859333917153,0.11299594916812397,1.0,0.22380114973345308
US004046459_Example02P_LensData_21.6_2.8_28,0.5526765006880425,0.5526765006880425,0.5526179834559566,0.606416557672061,0.5694816939735585,0.08332361923766998,0.08069859266981211,0.0819495447171941,0.032667721981697435,1.0,0.11508853851448281
US004057330_Example02P_LensData_21.6_2.8_135,0.5169343390731872,0.5169343390731872,0.5168704909173916,0.6073696415642271,0.6012123361374142,0.1131081620839343,0.12688091991841208,0.08219454379063623,0.028307384616686325,1.0,0.11495774152433426
US004062630_Example05_Tale30_LensData_21.6_2_135,0.5261969147037744,0.5261969147037744,0.5261349261931308,0.6081011705432949,0.5962684253902459,0.1504758590143994,0.16138299996486474,0.08955225222365863,0.08255364997715295,1.0,0.06371999782585196
US004063802_Example01P_LensData_21.6_2_85,0.5272396144534254,0.5272396144534254,0.5271767902009076,0.5915084703201232,0.565546589548112,0.19762490541320749,0.1696768348230277,0.21728505423758035,0.09254564078666795,1.0,0.06682466900733654
US004094588_Example01P_LensData_21.8_1.4_50,0.5604249874901998,0.5604249874901998,0.5603670952268557,0.6100486794429236,0.5717686502591358,0.2885816085246817,0.3377612365465827,0.16906360419234467,0.06143950341973288,1.0,0.027069999627463395
US004099843_Example06P_LensData_21.6_1.2_50,0.5520579602058497,0.5520579602058497,0.5519984180360199,0.6070074805376604,0.570025330161624,0.3698010906773198,0.41010752888353497,0.2893546982491875,0.06489334792121847,1.0,0.01540300826359469
US004099850_Example05P_LensData_21.6_3.5_28,0.5485474869978093,0.5485474869978093,0.5484882189298392,0.6096908313539312,0.5750243075222891,0.07758129981525944,0.08043663414868026,0.0678279729452771,0.027770079742568638,1.0,0.15981816549541564
US004123144_Example08P_LensData_21.6_2_50,0.5622109265185127,0.5622109265185127,0.5621539299479176,0.618277820424682,0.581119329604593,0.14152407402975284,0.14905276298720807,0.12642083661471798,0.033739230538546994,1.0,0.06430240078464758
US004124276_Example03P_LensData,0.8661374727795715,0.8661374727795715,0.866119785924364,0.9038258910555182,0.8548204200622391,0.2697582939638146,0.24033978848571477,0.23560375499615357,0.18013856583958282,1.0,0.11408310497653935
US004147410_Example01P_LensData_21.6_3.8_50,0.545697358211269,0.545697358211269,0.5456333547108753,0.6057445766629773,0.5829094921718356,0.0939931611968281,0.07695721389557333,0.10333962728981058,0.05204116331583311,0.9879240687706764,0.1864739410647096
US004154508_Example02MLP_LensData_21.6_4.5_300,0.637622166687283,0.637622166687283,0.6375817108658992,0.607975957649707,0.6190604576551317,0.061258581805273306,0.06391605909469814,0.006431871522202101,0.04796191158402037,1.0,0.22369983809925717
US004154508_Example02P_LensData_21.6_4.5_300,0.637622166687283,0.637622166687283,0.6375817108658992,0.607975957649707,0.6190604576551317,0.061258581805273306,0.06391605909469814,0.006431871522202101,0.04796191158402037,1.0,0.22369983809925717
US004170403_Example01P_LensData_21.6_2.8_35,0.5391497947722812,0.5391497947722812,0.5390872925783179,0.607507840537334,0.5738059065189178,0.10602684191224378,0.11276928021545851,0.08934465692926442,0.032267431822570324,1.0,0.11488336245429555
US004176913_Example02_Tale31_LensData_22.1_2_200,0.5679750874263472,0.5679750874263472,0.5679212706024119,0.60473438723373,0.5898909195885839,0.13273106919613586,0.11733614917143637,0.1400220657842053,0.06427030900468537,1.0,0.06399754980844902
US004192577_Example01P_LensData_21.6_3.5_135,0.5428543891382388,0.5428543891382388,0.5427947224128775,0.6075013964974862,0.5963123681465841,0.07185825001668841,0.07764409945987102,0.024229546678826007,0.04817394336048478,1.0,0.1658140321712838
US004206971_ExampleMLP_LensData_21.6_2_200,0.5347052983941022,0.5347052983941022,0.5346455546618052,0.6058317073292934,0.6004209222619754,0.2380980764198941,0.2639057236690328,0.1331479442762986,0.11488026590728337,1.0,0.06393672252069257
US004210388_Example01P_LensData_21.6_2_21,0.5518411426862396,0.5518411426862396,0.5517808201522413,0.6068083203173706,0.5689980797292097,0.11420275737838131,0.11371420439866171,0.10867201891197428,0.04064314413885027,1.0,0.06253818347488707
US004214816_Example01P_LensData_21.6_2.8_135,0.5179881203484108,0.5179881203484108,0.5179258879961738,0.6071186977329678,0.6007411033730781,0.07352701379600106,0.0718010488156061,0.03450188271983015,0.05836872194117499,1.0,0.11503147934284544
US004234242_Example03_Tale60_LensData_21.6_1.8_50,0.544425152498191,0.544425152498191,0.5443655998341559,0.605890175725658,0.5708817187963121,0.2540464642711389,0.2460810405325734,0.241089598275201,0.10923264078560735,1.0,0.051521549410262345
US004241983_Example01P_LensData_21.6_4.5_500,0.6995186119306686,0.6995186119306686,0.6994870709868971,0.6208966820001203,0.6734436016083267,0.10175612295051688,0.09015122825943314,0.0016371506378891957,0.10018577234814907,1.0,0.22357883088242925
US004251133_Example03P_LensData_21.6_4_300,0.546523363871262,0.546523363871262,0.5464665718394107,0.6063968448972546,0.6435716220825721,0.07141402104624965,0.04440197290597444,0.024523904515609252,0.08347597371870738,1.0,0.191827230959868
US004260223_Example01P_LensData_21.6_2.8_55,0.5534653613072028,0.5534653613072028,0.5534101265881755,0.6084319596520545,0.5727985981123531,0.045661934654244965,0.04976078595930767,0.038456064401268794,0.009942702354560866,1.0,0.11533164612931417
US004266860_Example02P_LensData_21.6_3.5_35,0.5220379114166289,0.5220379114166289,0.5219745550313831,0.6037454372967981,0.5815314521389146,0.09507827662016428,0.1049751580838613,0.07561782564372946,0.019654504674136368,1.0,0.15976002535691755
US004277149_Example07P_LensData,0.5449368375748814,0.5449368375748814,0.5448761215445248,0.6072191336872313,0.57166569674262,0.20084890465117486,0.22934423000698642,0.14199980638845794,0.029695230940944808,1.0,0.0640490392525328
US004289385_Example01P_LensData_10.2_2.8_50,0.5521497552164749,0.5521497552164749,0.5520920097425689,0.6080020605802138,0.5713867838786442,0.12195874109931515,0.12120150856825423,0.11083555200356991,0.052137332740903604,1.0,0.11549580041321028
US004293197_Example01P_LensData_21.6_4_300,0.6744476753204766,0.6744476753204766,0.6744135436303725,0.6069459807641155,0.6370782702441237,0.14417070229304657,0.1273069225242329,0.045456772918285544,0.13724318624033932,1.0,0.19236189426922667
US004303312_Example01P_LensData_21.6_3.5_70,0.5417257223676814,0.5417257223676814,0.5416613141287436,0.6255582402395405,0.627709997031552,0.07335473214845252,0.077780192214605,0.0583438105949069,0.02916455716493877,1.0,0.15950318274508174
US004303314_Example01_Tale80_LensData_21.6_2.8_100,0.5353216058809669,0.5353216058809669,0.5352598108941611,0.6075550121694668,0.588002020914148,0.11748840255142949,0.1226213011443621,0.10963881719555987,0.02186695381662727,1.0,0.11499647311659847
US004303314_Example03_Tale76_LensData_21.6_2.8_135,0.4797760081726465,0.4797760081726465,0.47970377093627425,0.6059116269732193,0.6096805051190084,0.20766496729725467,0.24229843462720077,0.13514424163960145,0.014171503535347393,1.0,0.11492788363177994
US004324458_Example03P_LensData_21.6_5.6_300,0.4726294566426812,0.4726294566426812,0.4725595983092591,0.6421339874385653,0.705254991485829,0.047048403115318334,0.02515607917958226,0.0066916930700538155,0.05874398144235594,1.0,0.29395957550370305
US004333714_Example01P_LensData_21.6_2.8_28,0.5832396657195514,0.5832396657195514,0.5831876970176,0.6066432561578945,0.5616481847425341,0.02970244802829019,0.005107716052632395,0.045747336313292856,0.01722022016355336,1.0,0.11514633054500882
US004338001_Example02_Tale10_LensData_21.6_2.8_180,0.5697026231275196,0.5697026231275196,0.5696476715819485,0.6075043648522718,0.5942072874284879,0.07140751239300411,0.06413310331627459,0.06510419080243109,0.04518362678717394,1.0,0.11482755524992627
US004392724_Example01P_LensData_21.6_2.8_105,0.5251383592511586,0.5251383592511586,0.5250799755581713,0.6058699404952004,0.5906919255974561,0.0669673656567166,0.06522859629686954,0.028497515954673112,0.054546481896741626,1.0,0.11475506329152577
US004396256_Example01P_LensData_21.6_1.4_85,0.5457228103989362,0.5457228103989362,0.5456630517657436,0.6144838410737805,0.5867538365180819,0.28972467294982684,0.33192693253741695,0.19530122184733026,0.057352039307122814,1.0,0.025771837820770808
US004435049_Example05P_LensData_21.6_2_100,0.5851927948875563,0.5851927948875563,0.5851403308808686,0.6254626040708496,0.5924322900996443,0.08461448580182404,0.024064037308835436,0.018205827706678595,0.11264381592622094,0.9838761368515978,0.0657362208787833
US004437734_Example01_Tale69_LensData_21.6_4_120,0.33030021692581196,0.33030021692581196,0.3301941293025538,0.6070979567477935,0.7023914532610236,0.2713826774548058,0.3034361921182791,0.21037192476035083,0.03440774667578947,1.0,0.19233031415828408
US004447137_Example02P_LensData_21.6_1.8_135,0.5559523102684945,0.5559523102684945,0.5558959296746162,0.6082260676946859,0.5886527855577844,0.09734921215701464,0.0698118405695907,0.09429502969275795,0.07958722864305622,1.0,0.0510363296472567
US004448497_Example01P_LensData_21_1.4_50,0.5584568798258079,0.5584568798258079,0.5583985765041662,0.6080927116774919,0.5697626498809268,0.2935489538953172,0.3157537866631829,0.25225320049719224,0.05423466504541291,1.0,0.026043007823879357
US004457596_Example01_Tale33_LensData_21.6_2.8_35,0.5390643486412985,0.5390643486412985,0.5389996940889286,0.6080856128349644,0.5719100226031234,0.16488421497386532,0.15233921366845954,0.15319363120071125,0.09216065441134118,1.0,0.11450915859860282
US004477153_Example01P_LensData_21.6_3.5_20,0.5438723435113634,0.5438723435113634,0.5438118821605707,0.6065159071202417,0.5732911836418836,0.10228005415662955,0.10375244948080067,0.09017815564236172,0.041999842262900336,1.0,0.1597706579179601
US004487485_Example01P_LensData_37.5_2.8_45,0.5557723237808139,0.5557723237808139,0.5557126361459553,0.6062791593984777,0.5731804751104116,0.11132803345893541,0.13105099436106996,0.06775638373852697,0.014842689440959858,1.0,0.11406456364665696
US004493536_Example01P_LensData_21.6_2.8_28,0.5839356728580256,0.5839356728580256,0.5838804221572786,0.6084692537842821,0.5626775821587324,0.12755752722985686,0.07322096856411443,0.14609017030826837,0.10169191702949132,1.0,0.11506847650240651
US004514051_Example01P_LensData_21.6_NA_NA,0.5990628833181691,0.5990628833181691,0.5990304843488442,0.6089027552161981,0.5457707576785126,0.22306890909572258,0.20447885056040066,0.1997320662900599,0.1350485517997033,0.9744910281162016,0.09336521473070794
US004514051_ExampleML01P_LensData_21.6_2.8_180,0.5689420136060408,0.5689420136060408,0.5688869282025163,0.6068928979464814,0.5936663391612972,0.07247877884227187,0.06577617654873504,0.0668991401289089,0.04387838984742116,1.0,0.1148321417251376
US004514051_ExampleML02P_LensData_21.6_1.8_50,0.548999273614732,0.548999273614732,0.5489396633114797,0.606601668309923,0.5706450898335568,0.25452613139453684,0.25259594130615454,0.23657677173278682,0.09997446532624894,1.0,0.051390434847928726
US004545654_Example05P_LensData_21.6_2.8_400,0.6388345709767191,0.6388345709767191,0.63879224523198,0.6275077397015025,0.6513518481719234,0.14865765140706563,0.10850389296781844,0.009215945960034973,0.16689510673303107,1.0,0.12143290402052494
US004550987_Example01P_LensData_21.6_4_200,0.5470052134444081,0.5470052134444081,0.5469434526490036,0.6147571556493384,0.6226452723439431,0.07093059888677655,0.07207767870955334,0.02939858896736844,0.0535462492959252,1.0,0.1915188195109022
US004560253_Example02P_LensData_21.6_4_70,0.5350739580434501,0.5350739580434501,0.5350080553994081,0.6076870387292467,0.5857841732536562,0.13464649076836419,0.1282631509208115,0.12658214193517822,0.06562758837648063,1.0,0.19699599309402638
US004568150_Example04P_LensData_21.6_4_65,0.5500168060747813,0.5500168060747813,0.5499551906276302,0.6057461512775064,0.5997286652846693,0.06533129438808734,0.06883112774555626,0.06213249257440687,0.0017373547452103292,1.0,0.207288819077294
US004621909_Example03_Tale16_LensData_21.6_1.2_50,0.534693467749638,0.534693467749638,0.534630744373255,0.5863526721857688,0.5496758856391932,0.5682530155575101,0.6157228000771292,0.45876704020995146,0.14899867819596516,1.0,0.013598605858107526
US004666260_Example01P_LensData_21.6_4_200,0.6301075687762853,0.6301075687762853,0.6300685310678316,0.6238462860477462,0.6136954458238092,0.09237973635025643,0.06381223072603719,0.053920122967906436,0.09724455045045868,1.0,0.19202163399439243
US004673258_Example01P_LensData_21.6_4.5_100,0.5075618642079017,0.5075618642079017,0.5074925812683042,0.6075726918418235,0.5987991168643173,0.08982583560402231,0.09872411094953668,0.07218823412377709,0.019660602360109195,1.0,0.2243502259342882
US004690517_Example01P_LensData_21.6_2.8_20,0.5590697320503031,0.5590697320503031,0.5590112961933483,0.607114565354554,0.5673513132700809,0.13262420560880306,0.11783375898183744,0.13155211839129224,0.07388770279103957,1.0,0.11482730485647262
US004708445_Example06P_LensData_21.6_2_50,0.5396916895238173,0.5396916895238173,0.5396341140535857,0.6081342847152007,0.5751532654159248,0.10946333335548797,0.11854643976362722,0.09157774629311126,0.024528248966375232,1.0,0.0678422924314609
US004728179_ExampleMLP_LensData_21.6_1.8_50,0.5520099211132395,0.5520099211132395,0.5519513873144736,0.6056763791844467,0.5684589766833762,0.1806188072942053,0.1895995134665898,0.16078362261879503,0.04660380998133092,1.0,0.055611561581827056
US004732459_Example04P_LensData_21.6_2_300,0.582734724653608,0.582734724653608,0.5826816529446659,0.6066471175400115,0.6079790903226355,0.15005831631975686,0.09505845378106992,0.16648381585253091,0.11649134205268724,1.0,0.06370978665867036
US004764000_Example08P_LensData,0.5622421923345521,0.5622421923345521,0.5621870343396824,0.6078339757573644,0.5819764036311632,0.07308476943504136,0.0683876418438429,0.08158157914142253,0.01578925771191067,1.0,0.11720837559995188
US004770509_Example04P_LensData_21.6_3.3_35,0.5279331549335804,0.5279331549335804,0.5278647717779179,0.6056870466700683,0.5806989924264337,0.1848518699430099,0.15990750089019662,0.1834856625169294,0.11007998988594264,1.0,0.14648455530427995
US004770516_Example05P_LensData_21.6_2.8_100,0.5585797772436366,0.5585797772436366,0.5585240672041593,0.6082607070085408,0.5822983897286329,0.07851969198889594,0.08376862834195221,0.024994521650981653,0.054992426178065795,1.0,0.11529852090754801
US004792215_Example03P_LensData_21.6_4_35,0.5514157867692772,0.5514157867692772,0.5513571496231238,0.605898633331013,0.5750741528075752,0.06819225022168125,0.06252870129905609,0.06888747414988022,0.03317575417239941,1.0,0.19825427516286262
US004792219_Example03P_LensData_21.6_2_90,0.5650533564588276,0.5650533564588276,0.5649990729496971,0.6060865242018126,0.5726085162833241,0.07978035990582792,0.08254117280046609,0.06762336999752137,0.032216194472808456,1.0,0.0679084329461599
US004793698_Example01P_LensData_21.6_2.8_135,0.4667510585971782,0.4667510585971782,0.4666779299913973,0.6081140330989204,0.6195757197927988,0.21472140465859405,0.2540560882616283,0.06892873662694438,0.08867607056869774,1.0,0.11498193808197392
US004826301_Example04P_LensData_21.6_2.8_135,0.5621953460100009,0.5621953460100009,0.562145589600887,0.605936773538888,0.58656020842172,0.03417165641968722,0.016711489336983673,0.015654153687725547,0.04184315899066882,1.0,0.1535176066294415
US004908639_Example02_Tale32_LensData_21.6_2_135,0.543403118338191,0.543403118338191,0.5433454679352401,0.607219184420259,0.5902341268493008,0.11352035704212758,0.10665992640864166,0.08557634639366983,0.07840842662626124,1.0,0.063936759163637
US004923292_Example02P_LensData_21.6_2.8_50,0.5710466347974412,0.5710466347974412,0.5709922322656986,0.6080701361104109,0.568125953066331,0.049765792618194436,0.054819546123626085,0.042093293314531426,0.0052784813576401204,1.0,0.11557921807620876
US004934797_Example03P_LensData_21.6_2_24,0.5632285323378732,0.5632285323378732,0.5631692410299731,0.5203292409636363,0.45958570421738704,0.6342019075417156,0.2748431070084858,0.706381951958447,0.5813928380744788,1.0,0.06345288908241792
US004986643_Example05_Tale72_LensData_21.6_2.8_105,0.5847215470933766,0.5847215470933766,0.5846699013786185,0.6186664313200377,0.5893974597862449,0.07509516858387065,0.04926079810813695,0.016289829594284266,0.0875993750075134,1.0,0.1192785309599291
US005000550_Example01P_LensData_21.6_2.8_20,0.5433223675912661,0.5433223675912661,0.5432619790582909,0.6069181989466373,0.5739873800159063,0.1518341886295929,0.1520007771566901,0.1358708246160481,0.06437570348131422,1.0,0.11489033072089498
US005161060_Example01P_LensData_21.6_1.4_35,0.5668854186984819,0.5668854186984819,0.5668268275469038,0.6087611798183007,0.5636172664437054,0.11700612649823418,0.10048693653005852,0.08132054924389344,0.09817629780646579,1.0,0.02701819871835195
US005233474_Example01P_LensData_21.6_2.8_28,0.5568361805110573,0.5568361805110573,0.556780143110479,0.6094452926383446,0.5721621029197639,0.06969332931053372,0.07432269631710123,0.06188896917875904,0.014295635128731091,1.0,0.11470398913414553
US005249079_Example01P_LensData_21.6_3.5_35,0.5207280323980491,0.5207280323980491,0.5206619014935293,0.6064916825722061,0.5885454531331659,0.12681270625447771,0.1252877157219725,0.1179432227876182,0.05228834794506091,1.0,0.16666412405346695
US005257137_Example01P_LensData_21.6_2.8_50,0.5591114913529925,0.5591114913529925,0.5590567100118328,0.6089424615305788,0.5760911544938685,0.04497640929858768,0.025031616465550396,0.06407026690506332,0.020580729274005564,1.0,0.11367760804630202
US005325234_Example03P_LensData_21.6_2.8_200,0.5558500190542078,0.5558500190542078,0.5557829576476216,0.6052418687639931,0.619695477564746,0.20335723684979556,0.19530355304044714,0.14928596549791384,0.1355782814994027,0.9493716734909562,0.1300924745774305
US005434713_Example02_Tale53_LensData_21.6_2.8_16,0.5179752611210124,0.5179752611210124,0.5179126460841831,0.5826557564607958,0.5505740826198702,0.12145611767224174,0.11156258037339865,0.12019843956331636,0.06079264056611592,1.0,0.11507416837310823
US005490012_Example01P_LensData_21.6_2.8_20,0.5258803867426808,0.5258803867426808,0.5258176793306604,0.6063266042326911,0.578141904842907,0.13073935066821804,0.14344711162932477,0.10215306823295732,0.03467169001329781,1.0,0.12053389991468301
US005557473_Example03P_LensData_21.6_2.8_28,0.5671937354626057,0.5671937354626057,0.5671382570522596,0.6068354697347397,0.5661092230779858,0.09350889711634179,0.07288776440699193,0.10307996006772219,0.057353550190236864,1.0,0.11853193096713555
US005579169_Example01P_LensData_21.6_2.8_13,0.552273676171359,0.552273676171359,0.5522171436757157,0.6066911881552182,0.5702896595181011,0.031387736928437195,0.02973733191588815,0.035662622954613865,0.0047795373003552775,1.0,0.11948928285482738
US005640277_Example01_Tale41_LensData_21.6_1.4_85,0.5389680822059939,0.5389680822059939,0.5389085935389097,0.6065894384991393,0.5779979960180772,0.348334383381816,0.382464679274847,0.2861462733847258,0.0471055242617591,1.0,0.027335086901796302
US005710669_Example11P_LensData_21.6_2.8_17,0.5514935437576473,0.5514935437576473,0.5514350975499164,0.6031151399297255,0.5669383209335055,0.12163085900513199,0.11971961762587603,0.1129494161292851,0.05172185342291968,1.0,0.12160230435263215
US005751485_Example01P_LensData_21.6_2.8_60,0.4791753273834895,0.4791753273834895,0.4790931522505427,0.6062710402233815,0.6257088483225809,0.12098949519783057,0.12180648346995687,0.11266843910060978,0.04281478499632412,0.9961460012336371,0.2637134448459561
US00583336-2-scaled_LensData_22.5_4.5_50,0.06713082228447982,0.06713082228447982,0.06700248300407775,0.3702074297037969,0.41456092840451725,0.16753316734929294,0.18250531331712702,0.0797798319478682,0.09788345363968928,1.0,0.2278879861831671
US005899585_Example01P_LensData_21.6_3.5_28,0.5364761844022835,0.5364761844022835,0.53641325868275,0.6145966032630915,0.5890850993513673,0.09177576454508561,0.09153817212137952,0.08567554473428803,0.03535784214579028,1.0,0.15681147754734115
US006115188_Example01P_LensData_21.6_2.8_300,0.6421974200213405,0.6421974200213405,0.6421557995770042,0.607543307650342,0.6117436073306365,0.1195536040365218,0.10310592328302184,0.01530445571792287,0.11987296742439171,1.0,0.12138473076291222
US006115188_Example22P_LensData_21.6_4_600,0.7249412113424037,0.7249412113424037,0.7249160103295454,0.6003620094577077,0.6674854952860239,0.1538369239047336,0.1538064590049793,0.003600325238760323,0.12981870300767503,0.9798949524730944,0.2016864793031489
US006115188_Example24P_LensData_21.6_4_500,0.7246351788086827,0.7246351788086827,0.7246097498672316,0.6070093018848642,0.6470035549849141,0.138475351581883,0.14311006320846245,0.008758991917081335,0.10992332376232473,1.0,0.19846518584385342
US006359739_Example05P_LensData_21.6_4_200,0.6194364167427886,0.6194364167427886,0.6193921298553678,0.6086983420793186,0.595133756754449,0.03465111505655552,0.02618302956109075,0.01313304569756026,0.03716768696887664,1.0,0.1917754239435992
US006560042_Example03P_LensData_21.6_1.8_31,0.5620234810579098,0.5620234810579098,0.5619688455972098,0.6081277836400859,0.5675447242651415,0.13868939775233172,0.15016528875754487,0.019100322209807348,0.09781873116172729,1.0,0.050526327039500475
US007161746_Example09P_LensData_14.2_2.8_10.5,0.563495380131396,0.563495380131396,0.5634394983213713,0.6071225748706836,0.5679082940632378,0.06781164951726101,0.05311019030356207,0.07752696828000423,0.03805916215968135,1.0,0.12007547835837165
US007218457_Example03P_LensData_21.6_2.8_105,0.6154823227018885,0.6154823227018885,0.6154382020814376,0.638726256273446,0.6025769840656028,0.12005239951419817,0.061798063441842604,0.09896805258155413,0.1276608388048325,0.999933222270578,0.12031638739653712
US007408719_Example01P_LensData_11.4_2_150,0.5851488949679305,0.5851488949679305,0.5850995224215735,0.6124757424439851,0.5837576625303608,0.11862163507083177,0.05474153125868475,0.04965648434108186,0.14654986519942825,1.0,0.0635278177966231
US007411746_Example01P_LensData_14.2_3.2_21,0.56125975745308,0.56125975745308,0.5612053408656817,0.607221180024384,0.5665723155214522,0.028561295299302215,0.0320016257008176,0.023614502564732475,0.0026085052186642405,1.0,0.14701636046397296
US007542219_Example01P_LensData_15.3_2.4_70,0.5535398047059471,0.5535398047059471,0.5534816853215483,0.6063210248600973,0.5740991598039931,0.10944298370306858,0.12035525520635945,0.09162251627460244,0.009330410203403503,1.0,0.09598117896230846
US007656591_Example01P_LensData_29.3_2.8_45,0.5459748570781102,0.5459748570781102,0.5459157176176825,0.606731219350043,0.5762993934798752,0.10249223420174719,0.10431763521380623,0.09618916849692427,0.031156170974278044,1.0,0.12068325655618616
US007706085_Example01P_LensData_11.2_2.8_25,0.5550420302857746,0.5550420302857746,0.5549869809217085,0.606671042101449,0.5665937998885938,0.0423246258355852,0.047882991541604976,0.0066254065541405715,0.02641146007123673,1.0,0.12219882095219135
US007715116_Example07P_LensData_21.6_4_300,0.6478187460807836,0.6478187460807836,0.647775603359121,0.6078059941292748,0.615412583001432,0.04756017488574228,0.023494871827768035,0.022478457775679382,0.05774241215223729,1.0,0.19788090188057697
US007715118_Example01P_LensData_14.2_2.8_35,0.5626283460448136,0.5626283460448136,0.5625743767644237,0.6098784644631369,0.5709647244193756,0.025277876261111706,0.017410856913947437,0.0014791970558666113,0.029587838199552224,1.0,0.11989523782187009
US007864451_Example01P_LensData_21.6_2.8_100,0.5741760875062778,0.5741760875062778,0.5741238132358559,0.5992042943711768,0.564297018721341,0.03672086451009805,0.03584028388068903,0.03270594296095885,0.019210785199787184,1.0,0.12489251097608864
US007898744_Example02P_LensData_21.6_2.8_60,0.568082717956423,0.568082717956423,0.5680299959781235,0.6291452653906122,0.6085276860320655,0.05476919704429549,0.007485407555321937,0.02820555000104147,0.07163205268065506,1.0,0.14614425838650122
US008203795_Example05P_LensData_14.8_2.8_60,0.5803584655773679,0.5803584655773679,0.5803066909894438,0.6513397095820919,0.6279626839465519,0.08586123866698966,0.0111443936586321,0.06353106731184002,0.10573832194579061,1.0,0.13826192743109142
US008755132_Example01P_LensData_11.45_2.8_17,0.5478832304678593,0.5478832304678593,0.5478283365270243,0.6092730987553676,0.5682710331764319,0.03455012327017275,0.02534144999271141,0.01911908503197297,0.03594697554555975,1.0,0.1217132958313154
US008767319_Example01P_LensData_21.6_1.4_85,0.5463131692613138,0.5463131692613138,0.5462558973287908,0.6068486477174502,0.5763224936730478,0.19575255966440192,0.21191543538439264,0.07703425918449928,0.12460056942641158,1.0,0.028983372042532686
US008854747_Example01P_LensData_13.6_2_22,0.565878201178611,0.565878201178611,0.5658246263847523,0.6062677000364679,0.5590904243405598,0.05908991062012608,0.06754130286915565,0.04351815771717421,0.006093144117382918,1.0,0.06714555737888132
US008970966_Example02P_LensData_21.6_2.8_40,0.5452908210924104,0.5452908210924104,0.5452356924460153,0.6016934523923001,0.5638827176299445,0.08141990936776344,0.0883215166457996,0.06702322889971102,0.02080391035698599,1.0,0.11556838397897182
US009063253_Example01P_LensData_21.6_2.8_90,0.5382158884336381,0.5382158884336381,0.5381574440431195,0.6074062449710098,0.6038392898255993,0.1360487848380904,0.07513441031998118,0.10149525383588516,0.1467627065709663,0.9813240019204937,0.14581839878882855
US010048474_Example01P_LensData_11.15_2.8_60,0.48136746273978703,0.48136746273978703,0.48130113528723034,0.6052666532660048,0.6186533074950188,0.06816302109378561,0.03501765383117238,0.03366421732190969,0.08147436226763913,1.0,0.19984624620516503
US010107992_Example04P_LensData_10.8_4_300,0.645365967808995,0.645365967808995,0.6453266027721445,0.6078356880758257,0.6124550457807131,0.07072504597905246,0.06998454900135506,0.0018763531337371647,0.061076256071099636,0.9998088442212026,0.1970173192876856
US010168507_Example04P_LensData_14.2_2_50,0.5795976631480708,0.5795976631480708,0.5795375901816523,0.6075407854941102,0.5609473923591072,0.04219784324014018,0.007196407194696501,0.019898203024190396,0.05556618900469772,1.0,0.06824734353920764
US010191254_Example10P_LensData_21.63_2_28,0.5794204049281046,0.5794204049281046,0.5793664519595391,0.611148437559822,0.567780539028164,0.07330716645938289,0.08063681098775471,0.0395666947394197,0.038941308504687494,1.0,0.06726941663821749
US010571651_Example01P_LensData_33.63_2.8_50,0.5726582814179386,0.5726582814179386,0.5726061352251165,0.6056680762990703,0.5722277454680873,0.03261430419615761,0.013729435354974949,0.011375340617395858,0.04167575873749573,1.0,0.12052400021252908
US01786916-1_LensData_20.8_1.5_59,0.5535705632171205,0.5535705632171205,0.5535124429716544,0.6570563827647489,0.6307059698443219,0.5437669220334735,0.6307895211314807,0.12949524290351988,0.27785417309137783,1.0,0.03126879248673068
US01998704-1_LensData_9.1_3.3_25,0.5670479864252825,0.5670479864252825,0.5669942661084696,0.6263436628193491,0.5845328287343995,0.03446092521359882,0.038984089519409584,0.008105746027907404,0.021150115593934975,1.0,0.1503909435741406
US02012822-1_LensData_8.12_2.2_25,0.5846698858362605,0.5846698858362605,0.5846196620847296,0.620790117748206,0.572128397453751,0.018070591490305644,0.008391135292957284,0.013044485088309235,0.021056220616563055,1.0,0.07904619637076063
US02019985-1_LensData_0.359_2_1,0.5387630642792877,0.5387630642792877,0.5387054188962977,0.6080880105219668,0.5696191531853372,0.048612008795467024,0.0572548734881176,0.0007668388600081753,0.025523592407198356,1.0,0.14500292227481842
US02029806-1_LensData_6.23_2.4_25,0.5819996911378928,0.5819996911378928,0.5819489590482905,0.6205700517391801,0.5722572849361538,0.021299957832323392,0.01942443820766925,0.011162646922694235,0.018826865648738086,1.0,0.09458974254056526
US02031792-2_LensData_25_12.5_25,0.5695466984938949,0.5695466984938949,0.5694939415632211,0.615162323473091,0.5718651882505783,0.0009761987563580501,0.0013815275644744635,0.00020924746901364357,0.0009935312836448775,1.0,0.7355865894151968
US02076190-1_LensData_3.51_2.7_25,0.5728002553618214,0.5728002553618214,0.5727483318529516,0.6138042623999161,0.5661565696027331,0.015161153994036392,0.015094545461263601,0.0038051369085103904,0.013191502688344875,1.0,0.11759384105389994
US02105799-1_LensData_11.13_4.9_25,0.6115623364710819,0.6115623364710819,0.6115151623968521,0.6465888230854561,0.5969523140484044,0.012385023696246862,0.011260729806916071,0.010182644314088248,0.009373627417352093,1.0,0.23061227917282218
US02106077-1_LensData_10.1_4.5_25,0.5742782409292658,0.5742782409292658,0.5742270609399701,0.6043298080391429,0.5560658989346222,0.002895822642320204,0.002238352693213289,0.0009721389879710925,0.0036121383895576114,1.0,0.24360568405354022
US02116264-1_LensData_27.77_10_25,0.5640260602237948,0.5640260602237948,0.5639721523871933,0.6173402567425218,0.5757374266214366,0.002927913276317156,0.003643068607208567,0.0004154466304075599,0.0021199756949305823,1.0,0.5764257616999394
US02117252-1_LensData_10.1_3.4_25,0.599251001821341,0.599251001821341,0.5992033831124667,0.6187679361341136,0.565994902617912,0.012208334210538508,0.014827194996590116,0.005584867698407855,0.0043733806005155,1.0,0.15741057136732536
US02124301-1_LensData_9.1_4.9_25,0.5909739246967913,0.5909739246967913,0.5909237788402709,0.6386970674513879,0.592992648955522,0.011055673708675811,0.01133332031182154,0.006572997059611617,0.008072136908135815,1.0,0.25706348329051193
US02124356-1_LensData_11.13_3_25,0.594151955242809,0.594151955242809,0.5941032379988137,0.6226379362484993,0.5721726036933933,0.010807425493927367,0.008683616852587048,0.00874322266020703,0.009751340072836496,1.0,0.12862537047543607
US02126126-1_LensData_567.13_16.7_100,0.5820972691134746,0.5820972691134746,0.5820352620741702,0.7991418335061145,0.8161594925071272,0.011662483437045412,0.013835182115141075,0.0038108036441845254,0.0061095826881243055,1.0,1.0
US02130760-1_LensData_0.359_2.2_1,0.5694596516549801,0.5694596516549801,0.5694076482426419,0.6056049429850575,0.558306696186483,0.0034433383459468634,0.0016083888304137216,0.0006619889614829541,0.004854808973613134,1.0,0.2159855333655384
US02158179-1_LensData_6.23_4_25,0.5574524010535531,0.5574524010535531,0.5573978291960285,0.6134694045653611,0.5731350078949993,0.018255783352903815,0.02012874888440827,0.0015764405665538118,0.013125575294637822,1.0,0.20366994967091578
US02158201-1_LensData_8.12_5.6_25,0.5800019121550817,0.5800019121550817,0.5799512013609162,0.6151204312269537,0.5657860735187153,0.002545439041306643,0.002295735457002549,0.0017025268201360793,0.002749589389918028,1.0,0.2730931591897756
US02158202-1_LensData_4.86_2.2_25,0.5811967148675767,0.5811967148675767,0.5811460981586328,0.6161856133675037,0.5662655279121304,0.013073067979319853,0.0070995676559548965,0.008428434884182417,0.015249632359605279,0.964925903286527,0.0788106555239544
US02158507-1_LensData_4.23_12_24,0.5722525221406649,0.5722525221406649,0.5722004761808633,0.614394349588563,0.5699769059538398,0.0007124042821210557,0.001024213016368102,0.00028469393355392924,0.000882402039860513,1.0,0.6946931855726957
US02164028-1_LensData_5.31_4_25,0.5371848097304194,0.5371848097304194,0.5371267283199116,0.6117399862377997,0.5747729721117872,0.03615869938084157,0.042912641962572474,0.0012131150668377758,0.018441513737174054,1.0,0.19244809679600203
US02165328-1_LensData_12_3.8_62,0.5330566352086027,0.5330566352086027,0.5329940036771442,0.6069011223689765,0.5773789857228373,0.08244995472623297,0.08065606139817931,0.07622207803305237,0.03740142618248319,1.0,0.1791454682143832
US02170428-1_LensData_9.1_2.7_25,0.5802749795761274,0.5802749795761274,0.5802237296926293,0.625075707069515,0.5791582194608602,0.024747811221798602,0.02329550955701034,0.011227862575127007,0.021488001045611983,1.0,0.11202073624225382
US02171274-1_LensData_4.41_6.6_25,0.5590946458815441,0.5590946458815441,0.5590406846196609,0.6088103366558635,0.5664076365005574,0.0047644455964101174,0.0053492673932106416,0.0001590128266453728,0.003916138180760424,0.9845344046590327,0.3602944504871374
US02171274-2_LensData_5.31_10_25,0.62952636507831,0.62952636507831,0.6294846912472166,0.6094397561209791,0.549370565489376,0.006520643385616245,0.00871273434514248,0.00011958530838807349,0.0010439616557530603,1.0,0.5692213313236714
US02171640-1_LensData_9.1_3.1_25,0.5609561892488111,0.5609561892488111,0.5609021022457289,0.6149201328222175,0.5719667036456031,0.03245913553310081,0.03695447120415358,0.003968855937086595,0.020175377566190526,1.0,0.13531635380717139
US02171641-1_LensData_9.6_3.2_25,0.5819900884428783,0.5819900884428783,0.5819393426483515,0.6192742794799303,0.5719824215562984,0.014629618156309143,0.013596200238886903,0.006257227824909836,0.013338808376612854,1.0,0.14149612531398423
US02186621-2_LensData_11.13_3_25,0.5542557139538341,0.5542557139538341,0.5542004268779369,0.6154985785141341,0.5747671833025686,0.04030403705002771,0.046189530609215795,0.0036357613366292015,0.024269160491632996,1.0,0.13340712204482286
US02186622-1_LensData_14.43_4.9_25,0.5597083108806294,0.5597083108806294,0.5596525851814814,0.6388050815334899,0.603277972594607,0.02994964583549577,0.035083870754595306,0.007095182043551749,0.01568702309297734,1.0,0.25015817537679635
US02187780-1_LensData_5.31_2.5_25,0.5963117946475548,0.5963117946475548,0.5962636483699755,0.6195884294160682,0.56705768473784,0.0233918330612347,0.028113714398315788,0.009555983668829291,0.008519136641499152,1.0,0.09481542032816198
US02194413-1_LensData_8.12_3.3_25,0.56425344148421,0.56425344148421,0.564200172599064,0.6104476376701364,0.5656175143359506,0.019185237948260735,0.020954653831035154,0.0014269030009969427,0.014113602595363891,1.0,0.14852427259174936
US02250337-1_LensData_11.13_3.1_25,0.5807777792488455,0.5807777792488455,0.5807263602172745,0.6182118775723181,0.5706048079025098,0.015005048850502118,0.014513639390936818,0.005830962119173756,0.013118677941736061,1.0,0.13802487200924868
US02252681-1_LensData_8.12_3.5_25,0.5810953668444334,0.5810953668444334,0.5810446940734001,0.6104223095999713,0.5613060546060347,0.00472882755261466,0.0012228767532345684,0.0009341934623455216,0.006800767667940883,1.0,0.16994680055184275
US02252682-1_LensData_8.12_3.4_25,0.5703146284207083,0.5703146284207083,0.5702620334079737,0.617263273942184,0.572098476032687,0.020108513139591076,0.022415957805995555,0.004623738920161926,0.013479798862282866,1.0,0.15805372832798856
US02254511-1_LensData_12.74_3_25,0.5654705846298884,0.5654705846298884,0.5654165239340475,0.6280627782458416,0.5868751142785487,0.053161410448189804,0.06139833731377447,0.012714411860585077,0.029029400818127302,1.0,0.12582543423415943
US02259004-1_LensData_10.1_3.1_25,0.554256270553052,0.554256270553052,0.5542009276714422,0.6166440199893171,0.5752049886134978,0.045531586141653334,0.05367209781468873,0.0054086723236991315,0.02347246027284549,1.0,0.1338474358794276
US02270234-1_LensData_8.12_4.5_25,0.5701626861496888,0.5701626861496888,0.5701098744832899,0.6198438664289504,0.5774390682984489,0.012824277471740166,0.013742613906671057,0.002856519374182657,0.009921004845563434,1.0,0.23204936048901229
US02288502-1_LensData_11.66_6.3_25,0.5747857860566827,0.5747857860566827,0.5747333297876636,0.6268244212787426,0.5831814499706955,0.007737471256370869,0.008882475420895809,0.00242872259734166,0.005139212322007995,1.0,0.33965001713057646
US02297452-1_LensData_5.31_2.4_25,0.5820695901407912,0.5820695901407912,0.5820191062427599,0.6179471835150053,0.5694899633816884,0.016030392438983132,0.01042417396395151,0.009265347376225233,0.017866136233187866,0.9955441261922782,0.09113130815922338
US02298090-1_LensData_9.6_4.7_25,0.5714615341014815,0.5714615341014815,0.571408519390414,0.6263801650751883,0.5843331989186623,0.014662052052554107,0.016438698719623276,0.0038694322564808937,0.009799115207768324,1.0,0.25077081487190545
US02310502-1_LensData_8.12_3.2_25,0.5710386642500636,0.5710386642500636,0.570986418402492,0.6139013370547637,0.5674136696814596,0.016189783239083155,0.01735403412431634,0.0034961142466795343,0.012311996327274564,1.0,0.14319953365746055
US02325275-1_LensData_22.51_8.9_25,0.5609913337928731,0.5609913337928731,0.5609355606868558,0.6363280234970174,0.5995345007217711,0.009119557968582397,0.011048766663013439,0.0018004613069796743,0.004840306120323776,1.0,0.4909866234931352
US02336207-1_LensData_8.12_2.9_25,0.5356316052515129,0.5356316052515129,0.5355732222218772,0.613179968231041,0.5771559813336469,0.06274291247624326,0.0741499122468503,0.002928153671087616,0.03180107527571013,1.0,0.1367666387976717
US02336300-1_LensData_14.43_4.9_25,0.5762715717760678,0.5762715717760678,0.5762194620778971,0.6250954513555187,0.5806226521206747,0.010807318402485902,0.011999009644848194,0.00343706143241061,0.007544124235937102,1.0,0.2593225941006081
US02338614-1_LensData_13.29_8.3_25,0.5623861970504768,0.5623861970504768,0.5623318277177172,0.6238023792907654,0.5831446349546395,0.005874257103637258,0.007158588616372214,0.0012602770422671975,0.003434181359596317,1.0,0.4655393078025653
US02343385-1_LensData_9.6_5.4_25,0.5746118476366543,0.5746118476366543,0.5745596122848918,0.6173106573295628,0.573007730929844,0.00667698037072858,0.0068167999897408935,0.0013884186092458781,0.006033592848980041,1.0,0.2922731633792856
US02343629-1_LensData_13.29_6.3_25,0.5653611387479702,0.5653611387479702,0.5653075889238453,0.6183655913985271,0.575170906503271,0.007236839730108701,0.008483442507089078,0.0013512598902040355,0.0047413149360132885,1.0,0.33915034783314996
US02346062-1_LensData_9.6_10_25,0.5004009125168595,0.5004009125168595,0.500335834453972,0.6223560490517162,0.5977318362489545,0.011758040902409226,0.014643812395107585,0.0008533801615146764,0.00491417774466496,1.0,0.584992698893322
US02348667-1_LensData_10.1_3.9_25,0.5578104670749691,0.5578104670749691,0.5577557467025271,0.6173286445512051,0.57596984571893,0.022837762449973945,0.026371275467901186,0.0030609647833630535,0.013676153195682146,1.0,0.19123022578771642
US02350035-1_LensData_9.1_2.8_25,0.5732429861793348,0.5732429861793348,0.5731911649155718,0.6098065808047461,0.5627953080636732,0.012282191987758102,0.009310376469609983,0.0017096998107119842,0.013958057449540276,1.0,0.1204201968581118
US02363712-1_LensData_9.6_4.7_25,0.5529463185633056,0.5529463185633056,0.5528905599259603,0.6202414718804631,0.5808304082867987,0.021124955606453416,0.02490240431951654,0.002911659537350831,0.011524574411003428,1.0,0.23905963822420964
US02379392-1_LensData_13.29_3_25,0.5666168405567628,0.5666168405567628,0.5665643686585567,0.6035789579694512,0.5570823817571873,0.008701138833025831,0.004648000375922945,0.003102674395230353,0.011041199218982856,1.0,0.14441234183225715
US02380207-1_LensData_8.12_10_25,0.5697298662139256,0.5697298662139256,0.5696768429977421,0.6219424592302615,0.5798677570870583,0.0024655006348261593,0.0030757924259207487,0.0006773080923153427,0.0018657146451726931,1.0,0.5962992458271319
US02382669-1_LensData_5.31_10_25,0.5731392611592525,0.5731392611592525,0.5730874226293445,0.6123148446950158,0.5672036947232705,0.001027949442247602,0.0012241269493623588,0.00028579360155591284,0.001285500961383635,1.0,0.5721484307964404
US02391209-1(1)_LensData_14.43_4.3_25,0.3982156267466139,0.3982156267466139,0.3981320208143757,0.6318054712324669,0.639313438509088,0.17661862295975778,0.2142515508214796,0.008637471623305007,0.06939659912429866,1.0,0.19470979704083796
US02391209-1_LensData_29_2_49.7,0.5433199902061827,0.5433199902061827,0.5432566438605045,0.6068995783203088,0.5712875082314085,0.3979948494027168,0.39083352091352447,0.3525885442087088,0.19032616907931924,1.0,0.06517936415941392
US02397714-2_LensData_9.6_5.4_25,0.6192859641703732,0.6192859641703732,0.6192426604635562,0.605025211636291,0.548174020188577,0.015906933096035438,0.020577267654650167,0.0007519817093861707,0.0016293987169889088,1.0,0.33862943784226796
US02416443-1_LensData_9.6_4.7_25,0.5768986801600291,0.5768986801600291,0.5768475033308592,0.6140748194305983,0.5680817219592295,0.0036763116754765105,0.0012478904838578633,0.0012710747495153672,0.00525223540452486,1.0,0.2464657391523143
US02417736-1_LensData_9.6_10_25,0.5614800663324984,0.5614800663324984,0.5614262175881785,0.6132052912594146,0.569851032742788,0.002255886569002221,0.002968204907597181,0.00031745619632026113,0.0015486134936909721,1.0,0.5687400873201365
US02418001-1_LensData_13.29_5_25,0.5185582114692533,0.5185582114692533,0.518496940112861,0.6106299809946515,0.5808008372454411,0.025229230543462208,0.029973322331558645,0.00040674411973943387,0.013202791891445536,1.0,0.29387805716665755
US02430548-1_LensData_14.43_7.6_25,0.5830558839549164,0.5830558839549164,0.5830055087285592,0.6173357922360884,0.5704971413039446,0.001336454707222703,0.0009121053919594755,0.00089319831339831,0.0019443024992774039,1.0,0.43188215262641355
US02432387-1_LensData_9.6_3.3_25,0.5733448077387724,0.5733448077387724,0.5732924505961384,0.6215765121333392,0.5769492832918839,0.023686161356120134,0.025888216507452304,0.006494109562617008,0.016424404452204184,1.0,0.14956131677642245
US02437505-1_LensData_4.86_6.6_25,0.5729679815290726,0.5729679815290726,0.5729160491507475,0.6161991512080873,0.5719918161471064,0.003049523469066554,0.00292376779546081,0.001009690334798451,0.0032812307087545655,1.0,0.3699107744303091
US02441093-2_LensData_5.31_10.4_25,0.58798553340411,0.58798553340411,0.5879354574224586,0.6099294744742128,0.5590847478540221,0.0008325219163868215,0.0015470416956175502,0.0001254511276204962,0.0002120898109830556,1.0,0.5542837128829874
US02443156-1_LensData_6.7_8.3_25,0.577467923573276,0.577467923573276,0.5774172409616478,0.6064191270950888,0.5583051949184102,0.0005135261333038407,0.0005246753388712231,2.5743168544808143e-05,0.0010063413882601636,1.0,0.4651940274443439
US02452909-1_LensData_3.96_10_25,0.5806242739199106,0.5806242739199106,0.5805740561012954,0.6077208136909598,0.5609206131790158,0.00048064666830615075,0.0006227181945027961,3.2983517386399836e-05,0.0008749381509189125,1.0,0.566473904421765
US02458636-1_LensData_5.77_7.6_25,0.5679353612245668,0.5679353612245668,0.5678823690405573,0.6170015457187611,0.5735037168748679,0.0043992507933338825,0.0051665072715367,0.0009444919650785857,0.003226148549567648,1.0,0.40769151282228233
US02466424-1_LensData_14.43_5.2_25,0.5700641021035542,0.5700641021035542,0.5700117084745131,0.6129873210601211,0.5677296825593389,0.006414948120338988,0.006933166892134785,0.001100373394138335,0.005338622718862571,1.0,0.27463819672741857
US02466424-2_LensData_14.43_4.7_25,0.573913967700951,0.573913967700951,0.5738619952855533,0.613573429329885,0.5673720382017822,0.0062554502287974975,0.00616847010497493,0.00141057593348492,0.005970413746242088,1.0,0.24133085952744035
US02475938-1_LensData_14.43_8.3_25,0.556033187938672,0.556033187938672,0.5559787438390753,0.6062256785944216,0.5632911109953734,0.003246167052423273,0.00400362289299679,6.544654548888354e-05,0.0023390882242064056,1.0,0.471487367650265
US02487749-1_LensData_9.1_3.3_25,0.577683193560751,0.577683193560751,0.5776324548354136,0.6080374378863095,0.5598259671821066,0.006777140147752825,0.005883659285312539,0.0006553751109842212,0.007342536596946315,1.0,0.15296929993043948
US02499264-2_LensData_11.13_3.8_25,0.5810014657617326,0.5810014657617326,0.5809503146846632,0.6229986984930179,0.5771985846001022,0.014610096753655117,0.014983542241877907,0.005600098532303152,0.011645282599577342,1.0,0.18145923197609903
US02502508-1_LensData_8.12_5_25,0.5876629115743127,0.5876629115743127,0.5876132414461365,0.6314528826774156,0.5862293957732696,0.010709998485420555,0.011039256162319218,0.00513300640564394,0.008299014961440882,1.0,0.25234279718802044
US02518719-1_LensData_20.98_10_25,0.5692983186158448,0.5692983186158448,0.5692457983813112,0.61177346688493,0.5667074427802558,0.0015024675179983365,0.0019530617769593064,0.00026003737392734467,0.0013667969425992777,1.0,0.5684037050902545
US02528212-1_LensData_9.6_3.3_25,0.5425801565073939,0.5425801565073939,0.5425224153620155,0.6101891267399577,0.5719375919537173,0.0449564743406863,0.052499121100942625,0.001621070513755817,0.024824863120467982,1.0,0.14327727166407214
US02532751-1_LensData_0.359_2.2_1,0.5952773887696529,0.5952773887696529,0.595228836233536,0.6203006754330607,0.5691990892698199,0.008393391410889683,0.007780500554479853,0.0056037554878821845,0.007196098989549957,1.0,0.15067603789613312
US02532752-1_LensData_11.13_3.6_25,0.6182061112288547,0.6182061112288547,0.618161816086885,0.6172696379435906,0.5594469644711625,0.03291934733154267,0.04176695661220638,0.0033168182868034204,0.005320338776786069,1.0,0.16723601048721068
US02541484-1_LensData_6.7_2.5_25,0.5735132279083957,0.5735132279083957,0.573461840699527,0.6072046744592386,0.5581389799826454,0.007829903132695798,0.0015505819923844523,0.00015421587673424144,0.01110608235237751,1.0,0.09583645154611851
US02548569-1(1)_LensData_11_2_25,0.5396498048504532,0.5396498048504532,0.5395925594507888,0.6085046515726561,0.575705831536543,0.04270436411212045,0.04562040918133287,0.0007282527661388535,0.03217116853140433,1.0,0.14730265178881694
US02559875-1_LensData_14.43_6.3_25,0.34913265442745356,0.34913265442745356,0.34904638046641345,0.5207454440086831,0.5188210482869059,0.034507135170590356,0.0400836935764277,0.010314732432873766,0.018036895809509387,1.0,0.40163232713843644
US02562012-1_LensData_14.43_6.3_25,0.5605018719297261,0.5605018719297261,0.5604474193994204,0.6192323979476001,0.5775910093126121,0.013174387875650931,0.015273917560574345,0.0019666012448022363,0.008195764873814829,1.0,0.26675972549548893
US02574995-1_LensData_14.43_3.7_25,0.45153507211435706,0.45153507211435706,0.4514632060412002,0.5904522773788268,0.5738273805479023,0.0857789639581793,0.10243221710161239,0.007594306570716858,0.03957294880477905,1.0,0.19284815224899124
US02576436-1_LensData_5.77_8.9_25,0.590054124693836,0.590054124693836,0.5900056135458044,0.6060729353130894,0.5552625252083391,0.00180758618702775,0.0028039608380745077,7.078324781847795e-05,0.0002212267728210182,1.0,0.5252190118252889
US02586866-8_LensData_3.96_2.2_25,0.5478497009930758,0.5478497009930758,0.5477937468360721,0.6086160912370164,0.5671054143332236,0.06692043454140117,0.07783780713036453,0.0010475833475655754,0.03714368071495344,1.0,0.08673435636362749
US02594020-1_LensData_9.6_4.2_25,0.5987203194000752,0.5987203194000752,0.5986733805347387,0.6076588680339732,0.5600207850047768,0.021618762217936526,0.027541114431243453,0.0012503131151301427,0.004293554435997125,0.8589289069560417,0.2058538569447235
US02600207-3_LensData_9.6_2.7_25,0.5833679358335965,0.5833679358335965,0.5833172239579614,0.6199412747873774,0.5720830467521646,0.018806538686561812,0.016278135667700186,0.007056720252271409,0.018555364285425063,1.0,0.11158108808780627
US02600208-1_LensData_9.6_4.7_25,0.5700852458872335,0.5700852458872335,0.5700329646354378,0.6125600456105674,0.5672750752282554,0.006287239981414764,0.006120920510676387,0.001171824117611973,0.006115934354090135,1.0,0.23806580828533613
US02600610-1_LensData_9.6_2.8_25,0.5756961215440667,0.5756961215440667,0.5756443543102404,0.6202475009178424,0.5752569786472906,0.021282430153313638,0.020041067254646633,0.007171480235635784,0.01929217883784449,1.0,0.12205868611837013
US02601367-1_LensData_6.7_4.2_25,0.560643297037281,0.560643297037281,0.5605897487957664,0.6080170217815795,0.5635706449870108,0.009926002435410445,0.010811949211143791,0.0003626776332928275,0.007786416907239895,1.0,0.20200625617204596
US02601369-1_LensData_0.26_2.8_1,0.5749374935002777,0.5749374935002777,0.5748861218861514,0.606905480997787,0.5538129305982183,0.004939180663311763,0.004014526721108746,0.005633614476453474,0.0036616177356578656,1.0,0.11410865121596558
US02601592-1_LensData_14.43_6.6_25,0.49756471346025793,0.49756471346025793,0.49749944873893215,0.6135797123475145,0.5888344297740716,0.02701280318364773,0.032792756892240545,0.0007146750902050324,0.012013412790293615,1.0,0.36025700750508577
US02601593-1_LensData_14.43_6.6_25,0.5914575038418446,0.5914575038418446,0.5914080317961173,0.6229209121571491,0.5747887453455941,0.002592269900804532,0.0020212499557087826,0.0017286484220413489,0.003065279932547333,1.0,0.35737921111404936
US02601594-1_LensData_14.43_5.8_25,0.5841280252414408,0.5841280252414408,0.5840776260990282,0.6166013831335875,0.568616944843193,0.002888450421919026,0.002113396334157625,0.0011657928939541057,0.0036539353372766524,1.0,0.30938009909473607
US02601805-1(1)_LensData_9.1_2.8_25,0.4796730179101092,0.4796730179101092,0.4796052737826448,0.6053948893438615,0.5831513128453782,0.15678065116914297,0.18852574618667178,0.0013217409057731933,0.067799735569335,1.0,0.11983608389524271
US02601805-1_LensData_21_2_200,0.31898964340027214,0.31898964340027214,0.31889505153902775,0.5369202298136827,0.5767651808294577,0.733309420011928,0.8838461321567059,0.20620589357826405,0.25351387320082946,1.0,0.06445306435783546
US02604013-1_LensData_2.63_1.7_25,0.5525317324918796,0.5525317324918796,0.5524765038557218,0.6097220009698516,0.5662676254404054,0.12731022574902176,0.14993003644051242,0.005092394246046201,0.06459678070017347,0.8809614519821033,0.04271513225354719
US02614461-1_LensData_4.89_3.2_23,0.5092038629522775,0.5092038629522775,0.5091391049073105,0.642131460240542,0.6206787871966897,0.150439516280541,0.18119636852747095,0.02024879061056127,0.0620121172892536,1.0,0.14136154799340184
US02622479-1_LensData_9.6_4.5_25,0.5709986337429923,0.5709986337429923,0.5709464585746719,0.6131941359804588,0.5678361435052456,0.006764261262646176,0.006479490740778795,0.0013759422631133586,0.006636323384473182,1.0,0.22813208315749808
US02622480-1_LensData_14.43_5.6_25,0.5631195669788501,0.5631195669788501,0.563065895108218,0.6152396831473484,0.5723960210500528,0.008744445586610111,0.010033329955304671,0.0013526543614050196,0.0059919749688893305,1.0,0.2913138449869093
US02623434-1_LensData_16.24_5.4_25,0.5529202294305081,0.5529202294305081,0.552863803965353,0.6234149103611999,0.5857059888441785,0.017355950933818108,0.020427732029113216,0.0018546060523564087,0.009842863126179914,1.0,0.3077245586510022
US02627204-2_LensData_12.19_3.6_25,0.5801684350743722,0.5801684350743722,0.5801168673464001,0.6142729779099259,0.5664639568251733,0.007463077121897355,0.004797003041046931,0.0025073634833174888,0.009120343297034254,1.0,0.1654878427871112
US02627205-3_LensData_11.66_3.6_25,0.6107096901249522,0.6107096901249522,0.61066527117386,0.6171688569417166,0.5618900207836077,0.02327615379758227,0.02973276783973783,0.0036706230058671826,0.002531665440076428,1.0,0.16620018162686123
US02629285-1_LensData_5.31_8.3_25,0.5856158002014059,0.5856158002014059,0.5855663085540189,0.6092246436721687,0.5603036523535906,0.0010638665445896994,0.0015625666196619993,0.00014065636980629625,0.0009295261592665576,1.0,0.4679648630805845
US02641966-1_LensData_11.13_3.5_25,0.5772360545861123,0.5772360545861123,0.5771844876688335,0.617739162661147,0.5714998307895134,0.015128990104936397,0.015660555736891804,0.004090262785362819,0.012263454017523778,1.0,0.1661167028922887
US02645156-1_LensData_13.29_6.6_25,0.5745780910973365,0.5745780910973365,0.5745273767116268,0.5983057538406399,0.5496235893724192,0.00319054854266384,0.004359342300228979,0.0012472495326942316,0.0009208615966053527,1.0,0.4298508204660616
US02645157-1_LensData_11.13_5.4_25,0.5950416457122005,0.5950416457122005,0.5949926561932241,0.6281370161057825,0.5790678438493441,0.00392471859062704,0.0027639971190238054,0.0034577527172913753,0.00419165006325939,1.0,0.2855794806839772
US02645973-1_LensData_8.12_3_25,0.571730777134735,0.571730777134735,0.5716785328846639,0.6151580984517572,0.5690953575974168,0.020580413854941613,0.02192782691098662,0.004471529735234935,0.015628902831251477,1.0,0.1299237826755823
US02645974-1_LensData_16.24_6.8_25,0.599569621881308,0.599569621881308,0.599521793834572,0.6224757635564873,0.5707353103727146,0.0018614412197420608,0.002087515919469144,0.0018304196711501767,0.0014253247997936616,1.0,0.382287710628225
US02645975-1_LensData_9.1_4.3_25,0.5907292500461707,0.5907292500461707,0.5906801206718242,0.6179441092825968,0.5670453644485415,0.004039511843491954,0.0033697811031749465,0.003216319089679156,0.004007296510169322,1.0,0.2054184960147744
US02646721-1_LensData_11.13_3.1_25,0.5828995191654248,0.5828995191654248,0.5828496470376318,0.6061396505048992,0.5548187511483738,0.014548914501730457,0.01827497924489695,0.0030437373529805774,0.004540226231422409,1.0,0.13453903481262935
US02662447-1_LensData_11.13_3.1_25,0.5826785147310563,0.5826785147310563,0.5826278164782027,0.6198032847335087,0.5723102716241838,0.014438985137068101,0.012747763335187925,0.006149508774468901,0.013940444920814157,1.0,0.13680378252901051
US02663221-1_LensData_9.6_5.4_25,0.5676125596838644,0.5676125596838644,0.5675596732341789,0.6146532786723299,0.5700497539183293,0.006595330665798922,0.0073537516212185934,0.0011695536565971983,0.005102093696590837,1.0,0.28765588366598005
US02670659-2_LensData_14.43_8.3_25,0.5887363135541843,0.5887363135541843,0.5886847066204125,0.6273879382258268,0.5807669370308991,0.0024161081252630483,0.0025610961307643136,0.0013662612850068364,0.0023150513735463074,1.0,0.46811043939165375
US02671380-1_LensData_12.19_6.4_25,0.5959256355032704,0.5959256355032704,0.5958777846448171,0.6122940265074083,0.5584802626696632,0.004393213570284906,0.006064042363647437,0.0007610885912216592,0.000256986415738282,1.0,0.3280935347799561
US02676517-1_LensData_12.76_6.3_24,0.5909887801513707,0.5909887801513707,0.5909392242436854,0.6245248267427717,0.5757785166052041,0.003728630971349408,0.003770285808939312,0.002469888690045376,0.003245023577278195,1.0,0.33724115882090333
US02682198-1_LensData_10.1_3.3_25,0.574239508377414,0.574239508377414,0.5741880933820721,0.6089356113113981,0.5624320755130297,0.008727667547690601,0.004356471196270058,0.0006129122608794156,0.011485046856654737,1.0,0.15264778862883935
US02683396-1_LensData_11.66_3.3_25,0.5856106972656194,0.5856106972656194,0.5855606123190544,0.6181225055145383,0.5696127309544321,0.008660627735699077,0.005149895314385461,0.004730296262093008,0.01031620276900987,1.0,0.14927532470229135
US02687063-1_LensData_9.1_3.3_25,0.5733339047596713,0.5733339047596713,0.5732822553720779,0.611303354168432,0.56424438045715,0.008300012914578455,0.006071754081388296,0.0018977256455516597,0.009710094046893328,1.0,0.14943698115880868
US02687064-1_LensData_9.6_4.7_25,0.567844292820452,0.567844292820452,0.5677912288929126,0.6184645740563711,0.5748426132916739,0.013184644729347703,0.015018121498116413,0.002932372536409351,0.008577583629442031,1.0,0.23367942797920876
US02696758-1_LensData_16.24_7.8_25,0.5491339811053663,0.5491339811053663,0.5490777301398496,0.6183758265505218,0.5848882517852042,0.008363941264487201,0.00961504330630471,0.0009844451658534564,0.005777651686368627,1.0,0.4290627223386993
US02701982-1_LensData_8.12_2.3_25,0.5707249930325151,0.5707249930325151,0.5706727543487511,0.6123913144930615,0.5663147911871067,0.03408147175472705,0.03525631819202145,0.005972557502643762,0.027234888660716834,1.0,0.08155087598012244
US02718174-1_LensData_9.6_2.4_25,0.5774344736681158,0.5774344736681158,0.5773828279071647,0.6228858616221693,0.5770718192340242,0.034990429731750226,0.036529275685920064,0.01305630491292455,0.025788660332735434,1.0,0.09628995073356121
US02720139-1_LensData_13.29_3.5_25,0.5874172036830241,0.5874172036830241,0.5873672365360307,0.620338204323708,0.5726869200293806,0.009229020460130799,0.005731801890715183,0.004681146663892723,0.010910985283122716,1.0,0.16424496907640845
US02720814-1_LensData_6.7_4.5_25,0.5969118408204488,0.5969118408204488,0.5968630236591934,0.6299066817949823,0.5805093028885594,0.007512877490354551,0.006399876163406398,0.005813441104245113,0.00677066634546483,1.0,0.22573973860144872
US02720816-1_LensData_8.12_4.7_25,0.5756504431463263,0.5756504431463263,0.57559862409896,0.6191553266007979,0.5731500029729187,0.008459702545370993,0.009071250797112138,0.0026414214990144783,0.006657726388595996,1.0,0.239436156692559
US02721499-3_LensData_18.16_5.4_25,0.6057391830327506,0.6057391830327506,0.6056922534620748,0.626886672279231,0.576330856683412,0.0059418920706183626,0.007437678506636059,0.0024737997901334305,0.002471332646172682,1.0,0.3077687500419867
US02721501-1_LensData_9.6_4.7_25,0.5738038569274986,0.5738038569274986,0.5737518412896093,0.6200237099701837,0.5751382415588109,0.008753561005038773,0.009143947694614083,0.003076831975610495,0.007139026327603351,1.0,0.2355219756898492
US02724992-1_LensData_9.6_4.9_25,0.5708114627005534,0.5708114627005534,0.5707588885024023,0.6169531095422806,0.5724596825839269,0.006279568474612814,0.00636597200144021,0.0012733524116605196,0.0057893569689887485,1.0,0.2768124669068408
US02724994-1_LensData_13.29_4.7_25,0.5788689614336401,0.5788689614336401,0.5788175947004401,0.618560922378121,0.5724848914817608,0.007411602025578974,0.007167402744274824,0.002161926366965979,0.007021290174278096,1.0,0.24087860620010834
US02730015-1_LensData_20.98_8.9_25,0.5967413902669281,0.5967413902669281,0.5966917747966546,0.6404690208535115,0.5938785619701555,0.0038644509451833033,0.004430612622626791,0.002238075551044506,0.002675410985905121,1.0,0.4940617665685653
US02730017-1_LensData_6.7_8.9_25,0.5691696390093486,0.5691696390093486,0.5691170548528056,0.6148147196743405,0.571098773436323,0.002017926879674725,0.0024077160752491336,0.0004988980930489266,0.0018624361912757599,1.0,0.5161986181945655
US02731884-1_LensData_9.6_4.9_25,0.5842855746479568,0.5842855746479568,0.5842346877533084,0.6281758807560834,0.5830409097086585,0.008967309939773859,0.008992791244365217,0.004076181362662423,0.007542439610290525,1.0,0.25630473005448196
US02732762-1_LensData_9.1_4.9_25,0.6289533162963514,0.6289533162963514,0.6289100132302657,0.660947867528565,0.6115229659088929,0.027573693469042534,0.01777389588245942,0.026350173219898947,0.02524134788874405,1.0,0.2571462963449274
US02736234-1_LensData_5.31_4.5_25,0.5847121637000064,0.5847121637000064,0.5846618599548432,0.620056106317015,0.5716558970078132,0.004919473673468223,0.003753029677864106,0.003001817689679492,0.005431350236671757,1.0,0.22749501503276795
US02744447-2_LensData_14.43_4.7_25,0.583334743268242,0.583334743268242,0.5832841118019559,0.619800842300606,0.5730563090923478,0.006573239979966294,0.005899324098997508,0.002695575550467393,0.006632305103283188,1.0,0.24090232029231298
US02750839-1_LensData_11.66_5.4_25,0.5595597811760838,0.5595597811760838,0.5595055300802202,0.613781221097339,0.5712940615054414,0.00945729657675455,0.010951846332393888,0.0009578019805355994,0.006263052671190563,1.0,0.2887070109556296
US02760406-1_LensData_8.12_3.7_25,0.5887399621125164,0.5887399621125164,0.5886895103559439,0.6335504491590307,0.5887247726611289,0.020475035876541457,0.02080529691181259,0.00965441536602881,0.01563192008468652,1.0,0.17516249008350315
US02764062-1_LensData_12.74_5.4_25,0.5744141307080575,0.5744141307080575,0.5743618660109507,0.6235404787010933,0.5796363011146434,0.008367317265215808,0.009245999805629204,0.002625594189950667,0.0061407270975865616,1.0,0.29220382882126367
US02771006-1_LensData_8.12_2.4_25,0.5178605333686918,0.5178605333686918,0.5177992377068783,0.6097104209199562,0.5778731021378639,0.1321058830321194,0.15730287713775737,0.0021438564043293135,0.062188368032161656,0.6878668246791168,0.09625932944633121
US02771817-1_LensData_9.6_4.7_25,0.4233724752611928,0.4233724752611928,0.42329466224001444,0.6086092425933954,0.6048477463264337,0.08338597949545075,0.10064075695118005,0.0004190475279562678,0.035621715083727,1.0,0.2554895588983421
US02772601-2_LensData_16.24_5.6_25,0.5653906280266174,0.5653906280266174,0.5653371237060894,0.6162198490229213,0.5738384725523603,0.00902229854678877,0.010041055886431465,0.0012662861086008255,0.006732817008596578,1.0,0.29326120373293885
US02774280-1_LensData_12.74_6.3_25,0.615728115208679,0.615728115208679,0.6156839946395685,0.6092164356354962,0.5504596269255237,0.013023431096201486,0.01682757779000398,0.00027695061345211125,0.002448644308332595,1.0,0.330086318562766
US02777363-1_LensData_8.12_2.7_25,0.5812095624506399,0.5812095624506399,0.581158695638671,0.6200061484648169,0.5731298016549099,0.02233201058568503,0.021956216279209934,0.009506344726123186,0.01843368494378621,0.9672235764268095,0.11548665799857459
US02784643-1_LensData_11.13_3_25,0.5843736993641576,0.5843736993641576,0.5843230440325602,0.6246539016487005,0.5774917082390978,0.023561865788512503,0.02408618276155315,0.010683539876179782,0.017799647448025056,1.0,0.12589311985968193
US02785602-1_LensData_1.66_4.2_19,0.5740343188908373,0.5740343188908373,0.5739829706915454,0.606953514461166,0.5541178626480258,0.0,0.0005029663451566988,0.0,0.0,1.0,0.2935450460876634
US02792749-1_LensData_18.16_6.6_25,0.5870642681556543,0.5870642681556543,0.5870147703027122,0.611285934778565,0.5628930321490984,0.0018685845606688776,0.0019231795044974992,0.0003335872822993896,0.0021573923452009405,1.0,0.3648546038500741
US02793565-1_LensData_14.43_4.9_25,0.5525330626630928,0.5525330626630928,0.5524800536664297,0.6027178218603322,0.5627506025189787,0.01045935894156964,0.010607036239141911,0.0012887106501701902,0.009264752674721002,1.0,0.2588994413783121
US02799207-1_LensData_9.6_4.7_25,0.5776244509953145,0.5776244509953145,0.5775729594023399,0.6176976305879948,0.5718590219589165,0.007783076716353459,0.007764874973064833,0.002192160146676773,0.007060478908124392,1.0,0.24064457992833863
US02799207-3_LensData_9.1_5_25,0.5720019434240029,0.5720019434240029,0.571949876005081,0.6109703485620542,0.5652621203437499,0.0054527106701358265,0.004895344627140792,0.0005473912805186299,0.005868972115303979,1.0,0.2561270728455628
US02807983-2_LensData_7.17_3.3_25,0.5423398671133729,0.5423398671133729,0.5422846475345431,0.5749634714323109,0.5305176826635027,0.02088626587249092,0.019337040845626315,0.016749164220154145,0.014953511905072495,1.0,0.17048245932785847
US02810322-1_LensData_6.7_10_25,0.5736563926796149,0.5736563926796149,0.5736041825186575,0.6192224388336937,0.5753587695402349,0.001892074156937389,0.0023287112604452815,0.0005888990391621116,0.001670206099447352,1.0,0.5745891562534543
US02818776-1_LensData_14.43_4.1_25,0.5773883481279075,0.5773883481279075,0.5773369831733383,0.6148127470733896,0.5676919426973269,0.007577178039985913,0.007052347213751696,0.0019155242917530183,0.007528994826460305,1.0,0.2047192692419735
US02818777-1_LensData_10.1_5.4_25,0.5767688081736184,0.5767688081736184,0.5767170427405905,0.6219631400290488,0.5772049087582186,0.006515146062930137,0.006823831127341182,0.002288106899962884,0.00549232565230621,1.0,0.2935457056606632
US02824492-3_LensData_5.31_4.9_25,0.5731704233407096,0.5731704233407096,0.5731187928780177,0.6081491709199167,0.5618472403714316,0.0039719840818793805,0.0026623584429890457,0.0001922965620376706,0.005139982023991065,1.0,0.2555092972310759
US02824493-2_LensData_6.7_4.1_25,0.5516502768962726,0.5516502768962726,0.5515955890573903,0.5977041666405386,0.5543247543206792,0.010466967560631497,0.010352607487787109,0.0033121460826277547,0.009282524956321188,1.0,0.20407936739620733
US02824494-1_LensData_12.74_3.3_25,0.5814860412737263,0.5814860412737263,0.5814351185133655,0.6192740365285991,0.5722114237531288,0.013811499924872106,0.012617296920184692,0.005018769002771743,0.013129653956998865,1.0,0.1496577671133238
US02824495-1_LensData_16.24_8.3_25,0.5565376966116387,0.5565376966116387,0.5564827831851399,0.6179422825784894,0.5873473221825783,0.006183691557757654,0.006337586622939269,0.000819994502430879,0.005673879558842236,1.0,0.4658532095860385
US02826116-1_LensData_13.29_4.6_25,0.5752135015040813,0.5752135015040813,0.5751619636074524,0.612701571850997,0.5663608373393227,0.005889671321657025,0.005506836657212002,0.0013277830973065588,0.005993220860795323,1.0,0.24113810542541542
US02827835-1_LensData_2.63_3_25,0.5857415458236007,0.5857415458236007,0.5856915919487934,0.6136080916469141,0.5609260574761307,0.006437733533416343,0.00769786367929464,0.0035155217361938903,0.003091251778612572,1.0,0.13091528578748435
US02828671-1_LensData_13.29_2.2_25,0.557210160845258,0.557210160845258,0.5571553418750331,0.6152663173566416,0.5730572914966925,0.08139141848725152,0.09469010266346366,0.009024956583078324,0.04426554777876488,1.0,0.07866378449551521
US02833181-1_LensData_5.31_8.3_25,0.58014376849118,0.58014376849118,0.5800935746252202,0.6117205709286957,0.564170003563032,0.00057048966599723,3.427196449696877e-05,0.00035810303213043495,0.0012500322131065488,1.0,0.4695126427319025
US02845845-1_LensData_29.79_10_25,0.6092128884764155,0.6092128884764155,0.6091667727779521,0.620553159531644,0.574390808718833,0.0024047154187243703,0.00328423330992635,0.0007236988820746245,0.001222955454790284,1.0,0.6043729689884654
US02849918-1_LensData_16.24_6.6_25,0.5673337539344802,0.5673337539344802,0.5672807401805653,0.6152506562915839,0.5699031742166135,0.004745941790304128,0.005688431447477684,0.0008758225397300535,0.0032135225669089134,1.0,0.3628620765678752
US02850945-1_LensData_2.63_5_25,0.5364059030770494,0.5364059030770494,0.5363479885958837,0.6077360959914259,0.5698647257717183,0.020500867699347256,0.02448773917475751,9.683051190092592e-05,0.010631926796563626,1.0,0.2556084102886059
US02854889-1_LensData_12.74_4.9_25,0.5811778735570917,0.5811778735570917,0.5811267644236294,0.6231028603312501,0.577919063349545,0.0073025009106819794,0.0069064902784762815,0.003014559812916259,0.00690106774274838,1.0,0.2555165708555455
US02861500-1_LensData_5.31_2.5_25,0.5769238532717984,0.5769238532717984,0.5768726404473444,0.6135416156250918,0.5653806389338801,0.01519698291682988,0.012221628672241466,0.005195695236820492,0.016122541919791136,0.9698177644216952,0.09572700517825876
US02862418-1_LensData_6.7_4_25,0.6127285647615243,0.6127285647615243,0.6126826522024045,0.630452168665196,0.5801668346663782,0.013012770940693245,0.014121240221758698,0.007937694356149499,0.007767106756023208,0.9987888234609363,0.19111813502070019
US02892381-1_LensData_11.13_5.8_25,0.5845695171016992,0.5845695171016992,0.5845210108109283,0.5979275016211723,0.5455719392684117,0.011584418333301084,0.015078704601079154,0.0015861600984045099,0.0013267166613574876,1.0,0.31281676756708565
US02894431-1_LensData_8.12_2.3_25,0.570741724777624,0.570741724777624,0.5706910795089274,0.6148118193837412,0.56848408862606,0.040444962551369854,0.04424538295257594,0.008091009191556019,0.027956741499049306,0.6453142562361707,0.08048769316175479
US02895379-1_LensData_6.7_3.3_25,0.5708098860575805,0.5708098860575805,0.570758171863014,0.6043678663179048,0.5576725273586758,0.006253553684940004,0.0020118617233812917,0.001553402377889647,0.008698809976914253,1.0,0.1615313513978978
US02896506-1_LensData_15.62_3.2_25,0.5784679336378631,0.5784679336378631,0.5784161477566004,0.6235418863062766,0.5784142770062843,0.026787439498523524,0.028969202305107678,0.00750556770579233,0.018967864257435595,1.0,0.14313319160656712
US02897723-1_LensData_7.64_7.6_25,0.516556441584658,0.516556441584658,0.5164772709626727,0.6076685460679997,0.5764081464231765,0.012908790847385387,0.01580198723886918,5.8979154903370816e-05,0.006150925468350522,1.0,0.4349577354171768
US02897724-1_LensData_11.13_1.9_25,0.5725357278961399,0.5725357278961399,0.5724839439390786,0.6097923150555049,0.5627219764410721,0.026616769918950206,0.01824441797155968,0.0026526184812454357,0.031139543136996024,0.7922802348547385,0.06040376249753423
US02906173-1_LensData_8.12_8.3_25,0.5713853184349345,0.5713853184349345,0.5713328393982403,0.6175649126725462,0.5737175982594344,0.0031013879680944277,0.003664807773198498,0.0007835757272319991,0.0024780155511485804,1.0,0.46795324726719967
US02906174-1_LensData_12.74_4.9_25,0.5930492817333566,0.5930492817333566,0.5930002271040316,0.6221016818439823,0.5717932494851039,0.003514861415815487,0.002519319166016667,0.00301049904010297,0.00383196195450682,1.0,0.2550152465184622
US02920528-1_LensData_9.6_3.3_25,0.5824558071186067,0.5824558071186067,0.5824051605800199,0.619213287666886,0.5729305009837455,0.013717442878959436,0.011534728977677046,0.005782991955342716,0.01388179846741835,1.0,0.14937094446578558
US02959100-1_LensData_14.43_4.5_25,0.5553392857078397,0.5553392857078397,0.5552848156303476,0.6110490975650006,0.5751856607300684,0.009286321103010668,0.005949196044190971,0.003183407597334074,0.011212270178025018,1.0,0.23802385211396196
US02959100-2_LensData_14.43_4.9_25,0.5594706837697574,0.5594706837697574,0.559417402457848,0.6245393259899849,0.5866485102547814,0.01781904736555556,0.020257177216235288,0.0038146456134209544,0.011331611892862565,1.0,0.25571284878739337
US02967459-1_LensData_18.16_7.6_25,0.5743792695094828,0.5743792695094828,0.574327086484321,0.6205056248905182,0.5763961997045858,0.004159348989322738,0.004847146038003755,0.0011989086768286717,0.003103822163660898,1.0,0.42679044449723735
US02968221-1_LensData_16.24_4.9_25,0.5825252446176904,0.5825252446176904,0.5824744238157205,0.6199962293701311,0.5732515021621838,0.006242918935167344,0.005912418450927813,0.0023516189865215365,0.006049181570533741,1.0,0.2571685691479843
US02983192-1_LensData_14.43_3.5_25,0.5851637310152847,0.5851637310152847,0.5851135982129825,0.6180048783114762,0.569780720141502,0.00765030554471638,0.004474192193811734,0.0041575091565620986,0.009227724305164898,1.0,0.1642215664492315
US02991696-1_LensData_8.12_2.4_25,0.6101249725547874,0.6101249725547874,0.6100792538720268,0.6204202749219617,0.564920122368017,0.054599618886008575,0.06820947081720329,0.011400609937824272,0.011223478150850731,1.0,0.09026385362853705
US02995980-1_LensData_9.1_4.6_25,0.5671952026488286,0.5671952026488286,0.5671421411135164,0.6145102751869709,0.5710852480531854,0.00861296680360278,0.009196390932754369,0.0011559808552747098,0.007094131618221207,1.0,0.2616478271039309
US03005379-1_LensData_9.1_3_25,0.5767502917400829,0.5767502917400829,0.5766987548487681,0.6168421167066979,0.5700612854341736,0.01935713452232827,0.019959431716656522,0.00556711292370849,0.015505793836773522,1.0,0.13011687877842196
US03006249-1_LensData_21_2_37,0.6027175285324151,0.6027175285324151,0.6026699945495033,0.623985954072871,0.5723882604469035,0.0077056900482835086,0.008354142254686265,0.004637956721193013,0.005104689003875452,1.0,0.19754752437213838
US03012476-1_LensData_36_2_100,0.5771430644785611,0.5771430644785611,0.5770919200655924,0.612158539072829,0.5643517939105683,0.009716425965518085,0.006510319491753144,0.002576285059015861,0.011645607520677136,1.0,0.13086360702152103
US03018688-1_LensData_9.1_4.5_25,0.5711853797672001,0.5711853797672001,0.5711328294600126,0.6188388615369945,0.5745939669196852,0.011475550768888131,0.01256155468036154,0.002771950517679916,0.008488912841819648,0.9502784860752131,0.22707809161102538
US03023671-2_LensData_14.43_3.3_25,0.587388264405138,0.587388264405138,0.587338023969763,0.6264476264521502,0.5790704501826,0.0175495141571809,0.017522101179059515,0.009010719505175149,0.013689400950967684,1.0,0.153261099911263
US03029698-1_LensData_12.74_3.3_25,0.547584600237963,0.547584600237963,0.5475283161847144,0.6105645634339465,0.5712593976643141,0.03674022185777792,0.04214492462310333,0.0011506872489407602,0.02227730840682054,1.0,0.1555834320148184
US03030860-1_LensData_9.1_4.7_25,0.5369691003633665,0.5369691003633665,0.5369106794020915,0.6180331545692607,0.5856818199090779,0.028873039624673327,0.03360824450752669,0.002172009722080682,0.016564595270945254,1.0,0.2412634670454733
US03033081-1_LensData_5.5_3.6_25.4,0.5678541691573414,0.5678541691573414,0.5678010541509183,0.6197943579264258,0.5767840339958845,0.02265570927802718,0.02503596276935481,0.00512449444796427,0.015499607700056867,1.0,0.1640236579063565
US03038380-1_LensData_14_7.7_25,0.5655454608097541,0.5655454608097541,0.5654923479528804,0.6134192812793772,0.571566614446865,0.0033247905127150625,0.0035792688737060125,0.0005043482408786249,0.0031532859857530513,1.0,0.42848955950905776
US03043193-1_LensData_9.4_3_25,0.5802703765704613,0.5802703765704613,0.5802192605958589,0.6201019563695331,0.5733960988935825,0.01768890050386966,0.017588375454741477,0.00651029005942919,0.014807407522315153,1.0,0.14021563762082248
US03451745-1_LensData_37_1.5_100,0.5516739843743969,0.5516739843743969,0.551616272993798,0.630723301090341,0.612124090633339,0.33560595035771734,0.29383925575134456,0.04017882073391095,0.33107168229125905,1.0,0.032269358620222136
US03515462-1_LensData_127_4.2_100,0.926279163300338,0.926279163300338,0.9262550079350537,1.0,1.0,0.1893017699753652,0.19170508944619127,0.11548876735236258,0.12469120436208223,1.0,0.2034781238568165
US03524697-1_LensData_17_6_10,0.6283326499467135,0.6283326499467135,0.6282865291982024,0.6783773472809035,0.6364288886782762,0.017781699794980465,0.018325478324575102,0.011382666936655496,0.011752910908767273,1.0,0.3199035985203579
US03524697-2_LensData_22_5.6_10,0.6428063411183049,0.6428063411183049,0.6427604320333925,0.6612854060206743,0.614995318211832,0.04480207012823825,0.03869398683174162,0.04534174095376613,0.026766306404323044,1.0,0.2948191518013366
US03560079-1_LensData_21_2_50,0.5754985544392481,0.5754985544392481,0.5754444992686086,0.6401781000266868,0.606275230691787,0.1543859953963652,0.15584356968636517,0.028787164252189357,0.12605069229479746,1.0,0.0641742298721833
US03737214-1_LensData_16.5_3_9,0.6205187965050243,0.6205187965050243,0.6204642239331158,0.6474745240635416,0.6006163218155458,0.3381147838354258,0.35523985282724424,0.24999947934088018,0.1595995359467105,1.0,0.12557075355604505
US03741630-1_LensData_1.41_3_1,0.5779384187552635,0.5779384187552635,0.5778874084207846,0.6109044996130581,0.5589230696928149,0.0026589712354847914,0.00021980170156710066,0.0017509679378938207,0.0039102874348234465,1.0,0.12720380133905534
US03850509-1_LensData_0.57_3.5_0.48,0.5679356911473946,0.5679356911473946,0.5678830010497253,0.6115999611908094,0.5616972745041149,0.014216362537137105,0.01771613717045621,0.0021441321522294686,0.005332068609000396,0.9477697627060028,0.16381140365073654
US03887269-1_LensData_21.7_11_925,0.4506193538389997,0.4506193538389997,0.45055155610905967,0.5592634238724608,0.687197273610004,0.01733970265575265,0.005264989827820891,0.002156939196426256,0.023521091935898724,1.0,0.641299102308933
US03915558-1_LensData_21.7_1.5_40,0.547356620070579,0.547356620070579,0.5473013053240949,0.6185238384255796,0.5914822972748842,0.13801210134860734,0.1309304133144251,0.013619261589196945,0.12530671323212755,1.0,0.06367444453876608
US03997248-1_LensData_21.7_2_100,0.5253268072890138,0.5253268072890138,0.5252675828987947,0.5688691050388264,0.5453579740609489,0.2070560157400558,0.19131098799546956,0.1348909723448871,0.16052884639446915,1.0,0.06461955157586036
US04013349-1_LensData_21.7_4_25,0.5922796156361794,0.5922796156361794,0.5922302431138953,0.6146672579847877,0.5614781326739863,0.008455677046442615,0.008919731947081533,0.00538557608284546,0.00577884712524829,1.0,0.19800117013135884
US04099843-1_LensData_21.7_1.2_55,0.6681580653437158,0.6681580653437158,0.6681163215203004,0.7042401088951351,0.6615652629423671,0.4395302877597764,0.40198220992388156,0.33045255747290914,0.3183472395136996,0.9790709780848291,0.01682334986133699
US04182550-1_LensData_41_1.4_100,0.6457300357088673,0.6457300357088673,0.6456827523611056,0.6909121108276538,0.662052841171482,0.38414881465258693,0.23262133808836,0.13944287332859676,0.4490293234995414,1.0,0.02785898329264949
US04235519-1_LensData_56_2_96,0.7873929594010514,0.7873929594010514,0.787357941575644,0.899554608132895,0.8873077996869718,0.5821476060229077,0.548065404017158,0.34203429056061535,0.45502962339828673,1.0,0.06245449709696273
US04251133-1_LensData_0.074_4_1,0.5746612545504945,0.5746612545504945,0.5746100798474483,0.6069463724482981,0.5540441976897069,9.199599137275856e-05,0.0005246753388712231,3.5858443057663566e-06,0.0002211153970884773,1.0,0.19871273336211842
US04273415-1_LensData_14_4.8_50,0.5971246740367313,0.5971246740367313,0.5970737241800186,0.642408377491287,0.6034570769771362,0.015301607837327827,0.008673376565176387,0.006098441016709243,0.01862855456827115,1.0,0.24162860787957663
US04331391-1_LensData_76_4.9_75,0.6857906783192771,0.6857906783192771,0.6857377115367296,0.7084347376792084,0.6626479362355875,0.04583371274416449,0.017589050382775362,0.05551876172522497,0.04019543625800111,1.0,0.254263437120402
US04364644-1_LensData_21_2_50,0.679020091318214,0.679020091318214,0.6789816577584948,0.6862647102540682,0.6334041618179779,0.1101112707544622,0.0925139335337171,0.09457518468470398,0.08339404757106986,1.0,0.0645185452995347
US04390250-1_LensData_21.7_2.9_33,0.5958673486194809,0.5958673486194809,0.5958156878029995,0.6361973724009998,0.5924591832788746,0.05502032305671561,0.04058779416640588,0.04251119706767293,0.05130270249650806,0.9058861187334596,0.14103836943783005
US04396255-1_LensData_21_2_40,0.6165137274464901,0.6165137274464901,0.6164806872284457,0.6483113732324541,0.6048939606832617,0.15465684560161572,0.15397105998841548,0.0942386858329505,0.10677718495769686,1.0,0.0634201425044109
US04403836-1_LensData_4.4_7_100,0.5828744427016369,0.5828744427016369,0.582822705123467,0.6161762542267938,0.5626388386572423,0.0007185948510000427,0.0011065098508406775,0.000989586772943126,0.000455780635829441,1.0,0.4967043946493972
US04412726-1_LensData_1.35_2.9_1,0.5787643207806742,0.5787643207806742,0.5787135344685688,0.6103217557938299,0.5574749419833794,0.0021695328155427428,0.0023181550368946194,0.001533928748762438,0.002013813050668309,1.0,0.12037690321926586
US04426137-1_LensData_15_2.5_100,0.5671839522803969,0.5671839522803969,0.5671285587395843,0.6400283083992055,0.6181268102951505,0.10982310249600222,0.09482182168505193,0.018584700225306817,0.10961219375809865,1.0,0.09590128512913279
US04431273-1_LensData_17.8_2.8_12,0.6878649885301166,0.6878649885301166,0.6878196537769924,0.8226483610979016,0.794109717577192,0.32785005777843584,0.3686376314555409,0.15543984102410624,0.16303107280957793,1.0,0.11162250682932877
US04443068-1_LensData_14_6_590,0.6290954586949487,0.6290954586949487,0.6290555849733998,0.6337814892576279,0.5652854348441275,0.023117915939383955,0.016360787753701925,0.021874621944052167,0.020141698591638148,1.0,0.34251184941215557
US04443070-1_LensData_21_2_100,0.6503676987976297,0.6503676987976297,0.6503327753432572,0.6490046195730352,0.6107615634244269,0.14613510111068465,0.14616616560642523,0.037482699794644955,0.11946715902191972,1.0,0.06448071145940908
US04447137-1_LensData_21_2_134,0.5814022144816118,0.5814022144816118,0.5813504622828731,0.6322021486792191,0.6122443736954364,0.09917650658708366,0.02494204886077782,0.018359756853899643,0.13302051162740114,1.0,0.07012629601514087
US04448497-1_LensData_41_1.4_100,0.6344360204278434,0.6344360204278434,0.6343867181798136,0.6749832131974188,0.6450365110183521,0.3421133390128383,0.14146377908068808,0.1915037555966357,0.4157983700158474,1.0,0.02592586033053158
US04483597-1_LensData_15_2_200,0.575404924120719,0.575404924120719,0.5753519482963704,0.6249109926843289,0.6074299022647383,0.14201660351883297,0.06412210830638267,0.018105710944970696,0.18190418709586983,1.0,0.06333119175680321
US04514052-1_LensData_41_2_100,0.5850915000402098,0.5850915000402098,0.5850388833158897,0.6549562433938744,0.6320171527351522,0.20524037149169325,0.20235150565812995,0.06221088075609974,0.16949466506870073,1.0,0.06406097263810269
US04553823-1_LensData_21.7_2_52,0.6064460162977142,0.6064460162977142,0.606396576435841,0.6493468689891405,0.6098856113639707,0.07682051310093699,0.027061748457561256,0.045822895004680404,0.09464584954546905,1.0,0.07155143173144629
US04621909-1_LensData_21.7_1.5_51,0.5919769009616734,0.5919769009616734,0.5919262769846175,0.632350951800441,0.5934102238898384,0.1471262665795496,0.036980763474557324,0.07415307141025912,0.18893709527535044,1.0,0.03249740598489212
US04647161-1_LensData_20_3.7_15,0.6814396211318398,0.6814396211318398,0.6813956998531007,0.7418618346808519,0.7005391404867273,0.05146978378539534,0.02989145405976374,0.03682022460441912,0.05570491406825528,1.0,0.1722232801175994
US04666260-2_LensData_11_4_200,0.49692731808252255,0.49692731808252255,0.49686703971253676,0.5599630386260159,0.5439942037584846,0.06280543451045686,0.07273672515483762,0.021964703653612205,0.030944301658363545,1.0,0.19259723357983854
US04709998-1_LensData_12_3.7_100,0.5696231070682601,0.5696231070682601,0.5695709166306924,0.6113192512523573,0.5766733587141613,0.016648384108820444,0.004668477293498766,0.0011466435372671352,0.022746698453170764,1.0,0.17296856096439345
US04717245-2_LensData_21.6_1_50,0.5888293323844287,0.5888293323844287,0.5887739953849356,0.6342321702791995,0.5957852059517386,0.37968558515358136,0.1883824154106089,0.18540499641448793,0.45526409007413343,1.0,0.0
US04786152-1_LensData_11_2.9_100,0.5616085309069396,0.5616085309069396,0.5615530208330098,0.6199539422886916,0.5896938324007012,0.08597168184271692,0.09227672791510876,0.0732566990739011,0.02128303449795091,1.0,0.12168894048758323
US04786153-1_LensData_21_2.9_51,0.6446578835542969,0.6446578835542969,0.6446111823695841,0.7153923375671043,0.7121221794713034,0.041844663641087895,0.018532121007461853,0.017814414142531074,0.052302326772820984,1.0,0.2378280505403918
US04807983-1_LensData_21.7_2.7_50,0.611848440501564,0.611848440501564,0.6118014745845355,0.64249176242158,0.6011779938967992,0.04136892130509252,0.039697242418346226,0.016262161743506975,0.035242904916972184,1.0,0.1127248914910808
US04852984-1_LensData_25_1.4_100,0.5623193236339826,0.5623193236339826,0.5622659465851318,0.6093855776590148,0.5839341069329806,0.18325881639500005,0.0492920949865358,0.0283565111746807,0.2451065938971458,1.0,0.025680102209386334
US04923292-1_LensData_21.7_2.9_50,0.5883687445908911,0.5883687445908911,0.588317751149884,0.6242825995389092,0.5862086551946278,0.03615461623481811,0.010141233659125885,0.010655984252249761,0.048090483765767945,1.0,0.12273023525381041
US04951078-1_LensData_21_7_500,0.4954187517740873,0.4954187517740873,0.49535853709288213,0.5660986594790045,0.5247313308527717,0.004922503563772184,0.00611859857537755,0.0033050271559229927,0.001421518349109561,1.0,0.41830040252274453
US04966449-1_LensData_21_6_233,0.5419384663107281,0.5419384663107281,0.5418787629391066,0.6435373921793178,0.6394328246661949,0.026666038817647373,0.024142683879818345,0.003386200734845965,0.026024626158434188,1.0,0.31883118778715086
US04978205-1_LensData_21.7_2.9_297,0.5957844211581808,0.5957844211581808,0.5957319896797717,0.6320496524456738,0.5950552761707376,0.06328571114365464,0.03404557127533477,0.031942879058018826,0.07469019563098953,1.0,0.12178606261179914
US04986643-1_LensData_21.7_2.9_104,0.5595271510321149,0.5595271510321149,0.5594717521406011,0.607802468656521,0.5842735281928811,0.04772490202958502,0.025377320921566488,0.005055455770807294,0.05977193252066072,1.0,0.1214010674089713
US05321554-4_LensData_18_2.9_15,0.5886613259768462,0.5886613259768462,0.5886095627490381,0.6268532489824798,0.5835954596378226,0.0332049727379032,0.009346151811366667,0.04541155092737987,0.025690599144817246,1.0,0.12186882070179787
US05323270-1_LensData_21.7_3.7_394,0.505039736157687,0.505039736157687,0.5049677240526851,0.5905577128996538,0.6074465187568819,0.1644401044875746,0.14399181678750897,0.18086484989128707,0.07082535482013858,1.0,0.17200356291563024
US05323270-5_LensData_21.7_4_600,0.7078076047033286,0.7078076047033286,0.7077744115482206,0.6799877648323126,0.6564527368510935,0.11566089849556017,0.14166423769390477,0.02432516550371338,0.03612620653699982,1.0,0.19842647257306142
US05325234-1_LensData_21.7_3_195,0.6586108167714306,0.6586108167714306,0.6585611037954714,0.7060027129250203,0.6927031609949488,0.1675957816644295,0.13606013235343897,0.11163159819150596,0.15168639845671258,1.0,0.13611597003340004
US05331467-1_LensData_21_7.5_1000,0.451141291752748,0.451141291752748,0.45106354564907497,0.4932447713233987,0.42920117003351577,0.05064143490348657,0.035293443389845906,0.04760859697188705,0.04390495214732942,0.9654277324891404,0.46166097581382454
US05402268-1_LensData_21_4_200,0.609792002792529,0.609792002792529,0.6097456182509341,0.6336345386796953,0.5953920458330186,0.01751965159480172,0.014577563055190423,0.008789004455909603,0.017280586893660865,1.0,0.19243331136792385
US05434713-1_LensData_21.7_3_15,0.5741241716263675,0.5741241716263675,0.5740716340465047,0.6285877790564671,0.5904682916983146,0.023449308126451674,0.008681618666634514,0.009373954824581532,0.030315316685704204,1.0,0.12743862764844516
US05438455-1_LensData_21_3_400,0.5429893830795166,0.5429893830795166,0.5429340579181277,0.5999902876187684,0.5581791671938195,0.021452407056329406,0.026618838572014747,0.004727733435184899,0.006955913521835196,1.0,0.12759873288698156
US05490014-1_LensData_21_2.8_195,0.5672429242392351,0.5672429242392351,0.5671894070915466,0.6149914332083463,0.5809457592096775,0.06471142747875376,0.06842476288570655,0.058975304306515486,0.012820833600257145,1.0,0.11797635675082126
US05557473-1_LensData_21_2.8_28,0.5799320267372411,0.5799320267372411,0.5798771072148429,0.6117520906340181,0.5683007288344952,0.12269574667800875,0.07717289496200745,0.13962591498413549,0.09256411616142572,1.0,0.11482367720497393
US05589988-1_LensData_21.7_1.9_35,0.5216388561712184,0.5216388561712184,0.5216016696222542,0.5825632600678039,0.5576876995823161,0.12203952678138091,0.07294644823586917,0.054344423540555756,0.14129102622482936,1.0,0.05517816715656247
US05589988-4_LensData_21.7_1.5_28,0.5435877796382709,0.5435877796382709,0.5435278844929485,0.5989774427409246,0.5694368755473636,0.3758348503435083,0.3201596204500908,0.29065228654993647,0.2992387830697088,0.9917101426314338,0.03891218090865952
US05598299-1_LensData_21.7_2.9_100,0.5467410880964322,0.5467410880964322,0.5466840552006436,0.599092976340038,0.5800857175731684,0.09020350154723818,0.07972881584102622,0.01077826830899261,0.08865593538865515,1.0,0.12180283897319141
US05610769-1_LensData_21_4.2_590,0.506218985143641,0.506218985143641,0.5061508312395766,0.606893591192822,0.5841338233657106,0.16642551145606996,0.14284139696659978,0.15830658887013982,0.10816712521793179,0.986741058425804,0.21069509833439495
US05623371-1_LensData_21.7_5_55,0.5968739567524814,0.5968739567524814,0.5968154509936675,0.6716385296358557,0.681103639634863,0.04293189355075766,0.040526177891588314,0.013974471193404083,0.038196509918799214,0.978316045589506,0.26329606338740813
US05627685-1_LensData_21_3_295,0.5601066872613035,0.5601066872613035,0.5600515533915755,0.6200841090576069,0.591582982543826,0.03922027621949898,0.031088801327639762,0.003137665795601754,0.04240804515336607,1.0,0.12821326560088628
US05631780-1_LensData_22_2.8_24,0.3762293249638821,0.3762293249638821,0.37614269043352416,0.45067234023673286,0.4254896235077848,0.49456247187719643,0.43385665881890734,0.46291739508513907,0.3115819489878308,1.0,0.11659041066358541
US05631780-3_LensData_19_1.8_24,0.5824742226345715,0.5824742226345715,0.5824230606480346,0.627866427879015,0.5854103315184372,0.0831340343474305,0.0828595293720353,0.05431350964177744,0.055448464674890265,1.0,0.05084690394601762
US05631780-4_LensData_21_1.8_24,0.5848633335634642,0.5848633335634642,0.5848133876467829,0.6303873305954094,0.5879734233360261,0.12554593982173556,0.026492043532782047,0.10170777691919014,0.14887973902226792,1.0,0.05073048931155847
US05737129-1_LensData_21_7_68,0.508958637136462,0.508958637136462,0.5089054633853952,0.5126251313583647,0.4870230561023292,0.03383234516230447,0.04228022774528535,0.010259521144694785,0.005589477512424274,1.0,0.38564569448456504
US05745306-1_LensData_21.7_2.9_295,0.5326166462438614,0.5326166462438614,0.5325575563140356,0.5975784366482031,0.5713911376398781,0.06266033927852158,0.05902786288637139,0.013221051265839098,0.05698531169248733,1.0,0.12201197857853469
US05745306-2_LensData_21_4.1_495,0.5508228009449005,0.5508228009449005,0.5507641565395092,0.6291840764718777,0.611264500802241,0.02067861670676371,0.018785967093112525,0.002385498200002759,0.020275967723335453,1.0,0.295408211561704
US05745306-3_LensData_21.7_6.3_496,0.5049197024700045,0.5049197024700045,0.504855259030588,0.6206280484129212,0.6078166219909257,0.026282512466188016,0.02945587030191509,0.0014570800579576846,0.017642964175793543,1.0,0.339686629539221
US05757555-1_LensData_21.7_4.1_295,0.473321498885053,0.473321498885053,0.4732517919866828,0.5831520051945578,0.5643796183621766,0.07761177074816779,0.08944956077376277,0.013684056252469176,0.043472428912544006,1.0,0.19868804823188632
US05757555-6_LensData_21_4_392,0.6900442336074554,0.6900442336074554,0.6900096237759675,0.573326915342742,0.49548594982964955,0.06328963707032788,0.046091808178161886,0.051348776568627755,0.0580765907957008,1.0,0.2887933050897661
US05805359-1_LensData_21.7_2.9_27,0.5895727086781003,0.5895727086781003,0.5895215717772968,0.6463308346109286,0.6061953139424524,0.03795337877063165,0.03154261396074842,0.02052800834769198,0.03617113680719122,1.0,0.1197257580967166
US05808808-1_LensData_21.7_2.9_16,0.5611059256946178,0.5611059256946178,0.5610536520657537,0.6153027118441862,0.5754664928589599,0.01857459229559956,0.010790162002247016,0.00804774801305888,0.02220570933480484,1.0,0.12687240865677346
US05909319-3_LensData_21_4_200,0.5776851680518399,0.5776851680518399,0.5776323104205424,0.6259478765092563,0.5823735425433612,0.025361019094160324,0.018012958384353107,0.015148116961690829,0.026620954755446895,1.0,0.19636202740525813
US05917663-1_LensData_21_2.9_29,0.6595967154544513,0.6595967154544513,0.6595577799241589,0.6780235521621076,0.6315023572116079,0.1367636657806859,0.12357273356217774,0.10558868322150407,0.10001038715894853,1.0,0.1203759810384977
US05917663-2_LensData_21_2.9_28,0.570675607854767,0.570675607854767,0.5706199629490449,0.6158479535572848,0.5766269962702164,0.09313673954673737,0.08262410749180221,0.09634232213779695,0.047598924172266965,1.0,0.12126017528763185
US05920436-1_LensData_23_1_24,0.5255909823194862,0.5255909823194862,0.5255322736180429,0.585857728330687,0.5461243019788016,0.3521435917765557,0.34024372492303795,0.1829008864156126,0.27431373350656235,1.0,7.177742098407688e-05
US05930056-1_LensData_25_4.6_68,0.602077942855247,0.602077942855247,0.6020280184260953,0.6494551540675393,0.6200470699091897,0.024859513291598377,0.018571748093687772,0.007623022352144035,0.027374758168592552,1.0,0.2307192948920346
US05946136-1_LensData_21.7_2.9_61,0.4992721261977951,0.4992721261977951,0.4992018360875683,0.606893276080849,0.6286158403368295,0.0817435237540772,0.08181526858260356,0.08158685369245765,0.020122532759543288,1.0,0.27247895015521345
US06115188-1_LensData_21_3_295,0.5826681838769533,0.5826681838769533,0.5826164868986208,0.6095766152379768,0.5633751272431566,0.016002112323542168,0.005175313835590655,0.006418950921718588,0.021085190040285622,1.0,0.12781078560640713
US06115188-10_LensData_21_4_490,0.6375008443598492,0.6375008443598492,0.6374441362903702,0.6158138754578537,0.5619151676524985,0.041208273889461265,0.052499121100942625,0.0029172739817397617,0.0029468424009258254,1.0,0.1917467264109518
US06115188-15_LensData_21_4.2_590,0.6025729586780935,0.6025729586780935,0.6025244651214793,0.6176163159433644,0.5778163710810561,0.015472149818587912,0.012510466285441984,0.004191320125484665,0.01655742624790172,1.0,0.20465939467077232
US06115188-22_LensData_21_4.1_585,0.5599672098628667,0.5599672098628667,0.5599130843755533,0.6000956273455557,0.5654379123248269,0.014879014755876689,0.007911382482443847,0.0036925408094312002,0.01878500498038114,1.0,0.19965169659886298
US06115188-7_LensData_21_3_392,0.5907783790485466,0.5907783790485466,0.5907287061825094,0.601106073591061,0.5511177953661809,0.022191849534951638,0.026432027302872398,0.008040191811560262,0.009634335984800253,1.0,0.12763829505265284
US06154324-1_LensData_35_3.8_123,0.5953230062287063,0.5953230062287063,0.5952737535288473,0.6080677110086667,0.5787424559393328,0.02323890534355406,0.010069236625422626,0.008063290378932978,0.02973560509527019,1.0,0.1794557973107743
US06239919-2_LensData_21.7_2.9_588,0.6443044158808129,0.6443044158808129,0.6442608481966776,0.6708457803875632,0.6348503666301721,0.049232314324002345,0.024966299723236707,0.02939302858685065,0.05761885187845407,1.0,0.12213444540598245
US06317275-1_LensData_33.4_2.9_148,0.5809144790852158,0.5809144790852158,0.5808633765439192,0.626044600129366,0.6017350277777903,0.04634857877368435,0.020313395729166097,0.00866239972094014,0.05972873696811879,1.0,0.12171150032703827
US06366412-1_LensData_51_6.8_100,0.5262500788564077,0.5262500788564077,0.5261826995642709,0.5759518841033289,0.5676548580509545,0.041698887125301586,0.027106892166152807,0.03576677124146706,0.04019502920406775,1.0,0.36737263981268126
US06384975-1_LensData_21_3_133,0.53762006255593,0.53762006255593,0.5375640049038942,0.5989000862177869,0.5865139745062161,0.05766864313693031,0.0361128425954368,0.005966873151896858,0.06907802842688725,1.0,0.1279191021501469
US06476982-1_LensData_3.4_2_5.7,0.6043257850988197,0.6043257850988197,0.6042773309026085,0.6336442457040233,0.5794852304615535,0.03580482938377304,0.030091660821755947,0.03383929009578584,0.025253093786501646,1.0,0.06364016506425035
US06549343-1_LensData_21_1.8_95,0.6078761238525172,0.6078761238525172,0.6078255724574443,0.6730355848703523,0.6514852914287401,0.12383096152834878,0.049018584556764874,0.0479147458287641,0.15708634344448363,0.9789222678248237,0.0795278129108972
US06580568-1_LensData_34_5.7_292,0.57735089412405,0.57735089412405,0.5772991394892373,0.6105632837642242,0.5954757485831697,0.016017154113985185,0.004674405439102791,0.0008313389416546471,0.02186418837704457,1.0,0.30029161065894394
US06844991-1_LensData_14_2.9_10,0.6114660556744307,0.6114660556744307,0.6114181206500844,0.6350069830388774,0.5861966629322636,0.024858957327519287,0.010385901720946321,0.015806765582020585,0.03006500830112532,1.0,0.12151491093016281
US06891684-1_LensData_21.7_2.9_50,0.45245934509456986,0.45245934509456986,0.45238988366062194,0.6069066018312227,0.6334918685084756,0.10181191873079004,0.10087391466396942,0.01235308572702175,0.0868737612074508,1.0,0.17792828120772702
US06917479-1_LensData_2.5_2.8_4.6,0.591076149538368,0.591076149538368,0.5910295072191908,0.6199197844659313,0.5661789589777452,0.04880720915075942,0.042208962160682845,0.044440099605704074,0.03381434688146797,1.0,0.11483233104701718
US06927926-1_LensData_12_2.9_300,0.5543303894629915,0.5543303894629915,0.554275189525108,0.6181369858550332,0.5855030508181338,0.022894256603157942,0.022381121711379626,0.002660001412468506,0.020507878353197045,1.0,0.1864231111936256
US07023628-1_LensData_NA_2_1.7,0.5891950522273077,0.5891950522273077,0.589144739028352,0.6250485374849798,0.5732073185547234,0.021896731725503073,0.020139489549499227,0.019687474684148776,0.014108126772273733,1.0,0.06286061085009799
US07054076-1_LensData_3.6_3.3_10,0.5817396141370876,0.5817396141370876,0.5816894063151227,0.6105435892659122,0.5581875628951132,0.0029346374795704146,0.0033898202318401183,0.0018253581627876313,0.002162101173983861,1.0,0.14947746550524818
US07057831-1_LensData_21.7_4.2_360,0.6809851155626706,0.6809851155626706,0.6809372214578759,0.8422424206195913,0.9607141923116299,0.22057777988397528,0.19508200708213239,0.07656951706364887,0.2076628758940574,1.0,0.20417965302795918
US07061695-1_LensData_3_3_5,0.579526115307322,0.579526115307322,0.5794754362726677,0.6233178917962835,0.5734953907465782,0.028792132040647598,0.008971499425995774,0.027288020743633807,0.0318383834384355,1.0,0.1206492030464944
US07095571-1_LensData_3_3_3.8,0.5629039725025703,0.5629039725025703,0.562851033342754,0.6054209998370556,0.5557885432206501,0.014718630511766488,0.011018410694139672,0.010495521907190213,0.014534013493595824,1.0,0.129474961570712
US07154681-1_LensData_2.8_2.8_8.1,0.6216128011951374,0.6216128011951374,0.621569564488228,0.6477722418556239,0.5927448656799557,0.11277493681038452,0.09575856693740116,0.10343895635864177,0.07870615183000357,1.0,0.11317898307279183
US07161746-1_LensData_14_2.9_10,0.6110696891059952,0.6110696891059952,0.6110216843587825,0.6350046512102773,0.5860740635641317,0.024491769256507045,0.009621469252893332,0.015807277416210505,0.02979130288968536,1.0,0.12151496589457948
US07164544-1_LensData_21.7_4.2_300,0.6892131153080633,0.6892131153080633,0.6891927985117505,0.5660356370844063,0.5207637137611267,0.1338423707554512,0.16882446388683567,0.018593580880861826,0.010456130040636665,1.0,0.2046295917426346
US07173776-1_LensData_4.38_1.9_2.95,0.5646708947790827,0.5646708947790827,0.5646176037846014,0.6061343922314059,0.5585826886607516,0.05123266624493518,0.05474889645241412,0.04452046865218393,0.013218444062869561,0.9249594020386408,0.05740150834573595
US07190532-1_LensData_2.9_2.9_4.6,0.5658417637252079,0.5658417637252079,0.5657907680852452,0.6058278698956863,0.5555951344608668,0.014231235715523346,0.010022521132456597,0.01005684244976259,0.014651555506563952,1.0,0.12226995712164786
US07196855-1_LensData_2.8_2.8_3.6,0.5775096099047988,0.5775096099047988,0.5774576351987181,0.613393570348165,0.5615144436350258,0.008943453384427737,0.010928097509999615,0.0009138985719953925,0.004682620466499398,1.0,0.11656061384260512
US07218457-1_LensData_21.7_2.9_105,0.41326235505582887,0.41326235505582887,0.4131740525297449,0.6069721170964915,0.6658890882259454,0.12959289121652434,0.11913579656464428,0.05705869575983838,0.11353734895065769,1.0,0.17953173981310877
US07286303-1_LensData_21.7_2.8_45,0.5405924351249553,0.5405924351249553,0.5405274819170842,0.6068985699619952,0.5916136058419418,0.1133359091232664,0.11678940759246026,0.10501820967298357,0.031072653615810134,0.9937515124612315,0.18328472239610658
US07411745-2_LensData_21_2_195,0.5647489223041716,0.5647489223041716,0.5646954387416961,0.6070701348814742,0.5606784669932258,0.06448416462944956,0.018198188726007224,0.055852958430990016,0.07389835569031979,1.0,0.06418240124879154
US07474478-1_LensData_2.8_2.8_4.8,0.5672944185942146,0.5672944185942146,0.5672419927388824,0.6068753462095858,0.5563329564469643,0.011403742539574845,0.011621026672492357,0.004873596651663208,0.009216567778179988,1.0,0.1212245217026999
US07554753-1_LensData_8.3_2.9_10,0.5822919915072275,0.5822919915072275,0.5822413824695875,0.6069038291808245,0.5548033897643974,0.013564778332799846,0.009639175308284722,0.0174505255144195,0.007538416455284033,0.0,0.12163848315310094
US07558005-1_LensData_2.9_2.9_4.5,0.574043805142501,0.574043805142501,0.5739927093782707,0.6133161772720385,0.5631116774682714,0.011272724135838741,0.001409289548855438,0.01020818949320344,0.01359638326056521,1.0,0.12350585035143638
US07583441-1_LensData_21.7_2.8_57,0.5605671298887971,0.5605671298887971,0.5605136452642793,0.6073627670814243,0.5805136222824059,0.06444936332878586,0.016145761666689854,0.02645067219544997,0.08447614404297968,1.0,0.11826010139102724
US07633690-1_LensData_2.9_2.9_3.6,0.5691123306378522,0.5691123306378522,0.569060799437248,0.6102250504502147,0.5603301529622564,0.012663399923436843,0.010505692303847071,0.007149438904989133,0.012424408197100372,1.0,0.12496354332386926
US07636205-1_LensData_2.6_2.4_3.6,0.5882457070528966,0.5882457070528966,0.5881954837742904,0.6465339809976766,0.5995144726377479,0.0784985414292069,0.0526395626530575,0.06283042502274622,0.07629485097443801,0.6032993813459975,0.08941986890375914
US07663815-1_LensData_4.7_2_8.1,0.5464830092635304,0.5464830092635304,0.5464278267270001,0.606731943162245,0.5624974501074945,0.0644602900736271,0.07515726062365054,0.011045952161777306,0.034231904791931986,1.0,0.0643653106130792
US07688523-1_LensData_3.5_2.9_5.8,0.5898732683743232,0.5898732683743232,0.5898248045740694,0.6184725788458211,0.5644299956434448,0.027029187034921003,0.020686084007463013,0.02619519824697382,0.02131361228111747,1.0,0.11952966337959096
US07706087-1_LensData_21_1.5_51,0.5782865995124664,0.5782865995124664,0.578233752938765,0.6200133223039941,0.5815100661239712,0.16796185211093032,0.08792763961696108,0.065336377403132,0.2034259498806588,1.0,0.03257693338862346
US07715116-2_LensData_21_6.7_215,0.6416716511213435,0.6416716511213435,0.6416274818394417,0.6741974846438846,0.6485071896574618,0.010869467895195698,0.0039494164469275886,0.006086629944237001,0.01393475880156774,1.0,0.3676192529358633
US07773305-1_LensData_1.8_3.2_1.66,0.6013466817159606,0.6013466817159606,0.601299173651895,0.6306400595359957,0.5762117147303428,0.023027855454925052,0.016140963194350426,0.023139692155747835,0.01920885372436063,1.0,0.14547516432833787
US07777974-2_LensData_21.7_3.2_60,0.2221656889752992,0.2221656889752992,0.22205981803726216,0.44537293202647155,0.47020060272015357,0.2451874387031303,0.25642521865130874,0.12877919573474889,0.158082154410667,1.0,0.13926547385739665
US07791825-1_LensData_35_6_99,0.31954473661750243,0.31954473661750243,0.3060052167931203,0.43687425812794306,0.4344229480937333,0.10845905715993828,0.10665542134713468,0.09065768002207822,0.05078499216982524,1.0,0.32258437801350043
US07864451-1_LensData_21_2.9_100,0.5654437444374769,0.5654437444374769,0.5653899345163966,0.5988442329356861,0.5578816612938053,0.04599253960529086,0.05276609919152846,0.03360286923042284,0.005199941790421074,1.0,0.12489263922639415
US07864452-1_LensData_7.1_5.6_6.2,0.5818729413858678,0.5818729413858678,0.5818207733804572,0.6457854577147935,0.6075267009453882,0.010578642287935577,0.009649970832058236,0.0049051094629157,0.009932604528826121,1.0,0.29402489765930984
US07869141-1_LensData_2.3_2.1_1.65,0.5824803945203203,0.5824803945203203,0.582429739835833,0.6234357874747465,0.5731390244087804,0.03773956956847897,0.033397199830960816,0.02296847032482443,0.03265294529212564,1.0,0.06935574375100388
US07889441-1_LensData_3.5_2.7_4.9,0.5653802230369143,0.5653802230369143,0.5653312287065707,0.6019115023149229,0.5509650085789941,0.006908173475934492,0.007530269406652046,0.0014175189310352237,0.005550347896166967,1.0,0.11036213611265994
US07898744-7_LensData_21.7_3.3_45,0.5588737838962083,0.5588737838962083,0.5588173109174538,0.6206275694427222,0.5948755514987757,0.07953426149480333,0.06328049050316398,0.05783207389721168,0.07124084316370861,0.9990377908816156,0.14416684021172294
US07957079-1_LensData_3.6_2.8_6.3,0.5852222566079438,0.5852222566079438,0.5851685923276883,0.6171642465384398,0.5654966651898936,0.008581121910285868,0.004881298227710474,0.006272897816971551,0.009799119720561376,1.0,0.11778342554123156
US07961406-1_LensData_2.2_2.8_3.2,0.5626055507062723,0.5626055507062723,0.5625542615586246,0.6033153976850173,0.5533786106433173,0.011990149069804326,0.010532222295208558,0.007083584789258414,0.011062574514556327,1.0,0.11607881408774641
US07969664-1_LensData_2.2_3_3.7,0.5824573713409555,0.5824573713409555,0.5824062308805581,0.61362792573983,0.560926449208466,0.0035702263239273694,0.0007836859538885694,0.002987757648796987,0.004762841319898163,1.0,0.12636682152382128
US07974016-1_LensData_2.8_3_3.9,0.5367403924250387,0.5367403924250387,0.5366923415862033,0.5765480526379425,0.5280660473570306,0.00407751381113063,0.00278364575361223,0.003283352861352362,0.004543526256470134,1.0,0.1274868558704745
US08000031-1_LensData_3.6_2.8_5.1,0.572398611968862,0.572398611968862,0.5723486225461119,0.6070971727492047,0.5557635237625618,0.007630663151518914,0.008367574319991161,0.0033057900325965434,0.0054982528449575,1.0,0.11548395863500147
US08000032-1_LensData_2.6_4_7.1,0.5730632570314599,0.5730632570314599,0.5730094696557958,0.6077663054611646,0.558140385133797,0.0033419928160260733,0.0019983029012720036,0.004424557648074241,0.002944250162340487,0.9796251547480295,0.1982465068586431
US08004780-1_LensData_2.3_3.3_3.3,0.45396894386738423,0.45396894386738423,0.45392108115494634,0.5146675737269846,0.4743534740008199,0.010762739425362449,0.013696583316044833,0.0025794667399899663,0.0030078263006112164,1.0,0.1510498020364927
US08014080-1_LensData_3.5_2.1_4.75,0.573192150893722,0.573192150893722,0.5731424423660436,0.6041019464750172,0.5518961256051454,0.01917797851565429,0.009200693183374303,0.01601897846278622,0.021187224291207417,1.0,0.07004332417463294
US08027100-1_LensData_8.5_3.2_15,0.5741880027662438,0.5741880027662438,0.5741377430595456,0.611605041110926,0.5671363410702239,0.013984853626105936,0.009684470293849385,0.014971478772857188,0.011377394178382318,0.9863129503874075,0.14843436302042903
US08031409-1_LensData_14_3.7_85,0.48217699632334393,0.48217699632334393,0.4821094975294188,0.6135555045004134,0.6484751385760122,0.007064740935500105,0.006901518003856207,0.00015904573027186776,0.006841607271741722,1.0,0.879172455742957
US08068290-1_LensData_0.72_2.1_2.1,0.57679509331939,0.57679509331939,0.576744491271441,0.6068332469348822,0.553401475573561,0.005418765417441443,0.00689946712032073,0.0026274523031613534,0.001739501841888948,1.0,0.07126609923031495
US08072695-1_LensData_3_2.6_4.6,0.5733250989253222,0.5733250989253222,0.5732739697629422,0.6065608033288176,0.5539747641111934,0.008008151140658646,0.009965936894975408,0.005002424984906678,0.0007335245457722772,1.0,0.10299025969465433
US08102607-1_LensData_2.25_2.8_3.8,0.5648192703902604,0.5648192703902604,0.5647654096879087,0.6013143862386063,0.5499446995206224,0.0059882903490489775,0.005509810247164246,0.0039255560940586595,0.005439112962769308,1.0,0.11652256014481291
US08107174-4_LensData_21_3.8_24,0.5612012640764147,0.5612012640764147,0.5611435235365183,0.6070438561184867,0.5656353255837763,0.043766298795462386,0.04559933513530934,0.03956915420241023,0.013612329666096266,1.0,0.1783620176338063
US08107174B2-2_LensData_21_3.8_24,0.634955152056832,0.634955152056832,0.6349109558090494,0.6562725007673763,0.6036538707848819,0.021348510129779275,0.023503059070543605,0.012568118127296803,0.011510427707341791,1.0,0.17836527274870329
US08107175-1_LensData_14.2_2.8_18,0.5832460091651708,0.5832460091651708,0.583194862246847,0.614200664123692,0.5686481884307416,0.030484926455862284,0.029329821673242027,0.004886933366695929,0.02753467440576703,1.0,0.1174804372480416
US08116013-2_LensData_1.66_2_NA,0.5787046536550305,0.5787046536550305,0.5786541190071711,0.6105113788351451,0.5584243787829273,0.019876178257335855,0.011994041609308134,0.017152522797798934,0.020157457264978217,1.0,0.06061186388611862
US08116014-1_LensData_2.8_2.7_4.4,0.5665848811264956,0.5665848811264956,0.5671656504570033,0.609373173276198,0.5591817544154549,0.018945003363291593,0.023546363350885172,0.002968785218344065,0.0066595831321696036,1.0,0.11460386228848622
US08125719-1_LensData_2_2.8_3.6,0.5730837009905996,0.5730837009905996,0.5730352255822405,0.6065861912702576,0.5545507268786276,0.005551066070298475,0.005028018189805572,0.004287104908730588,0.004867786322338954,1.0,0.1151863263188559
US08130455-1_LensData_3.56_2.9_5.9,0.5648118564421005,0.5648118564421005,0.564759138899155,0.6078993463663855,0.5583824963933802,0.021807277333032025,0.026918928864676755,0.00317892738637294,0.008148241913758786,1.0,0.1207150931677398
US08134787-1_LensData_1.8_2.4_0.83,0.5700213223689653,0.5700213223689653,0.5699695241918202,0.6029332094018951,0.5504215447866854,0.01030315103582239,0.012754247465227743,0.006083120224077536,0.0008934564874665725,1.0,0.08989799214985986
US08144405-1_LensData_1.8_2.9_0.7,0.5838858781878264,0.5838858781878264,0.5835643042153614,0.6244858685042148,0.5730867043921857,0.024019501696005963,0.029527203213082547,0.005686278669424556,0.00851269056790266,1.0,0.11904218396834537
US08164678-1_LensData_2.2_3.5_3.5,0.5640230718992629,0.5640230718992629,0.5640466351334984,0.601764633981215,0.5508351233247156,0.016657444728330653,0.017380058750844574,0.014091877315215705,0.0077239332259113665,1.0,0.15934159957445326
US08169528-1_LensData_2.2_3_3.4,0.5720018824853158,0.5720018824853158,0.5719499117205867,0.6059200625207363,0.5541639420499906,0.0021221511186837083,0.0014757229978360302,0.002210961190226706,0.002411323058507371,1.0,0.12909491316538244
US08179470-1_LensData_2.3_2.8_3.7,0.5734110985503669,0.5734110985503669,0.5733585961011091,0.6067245856127876,0.5543665825047533,0.007091143418976426,0.006788933358266982,0.006342334218098617,0.004894124065664907,1.0,0.11991638080080712
US08179613-1_LensData_3.5_2.9_4.9,0.5721181333166679,0.5721181333166679,0.5720668947541686,0.6072305993514806,0.5554762668880784,0.007677009251353583,0.009231588595959881,0.0006875683736640946,0.004568133885195539,1.0,0.12030111950302394
US08179615-1_LensData_2.9_2.4_4.1,0.5730186580635835,0.5730186580635835,0.5729677853901842,0.6062639268857033,0.553905460737579,0.004196258282477289,0.0020554953220566327,0.00394101813963239,0.00488981795853401,1.0,0.09005388955694406
US08179617-1_LensData_29_4_17,0.9325712651648107,0.9325712651648107,0.9325798979157675,0.9218640946639222,0.8414969662817371,0.3677110644846798,0.3005828174881297,0.3496603319452361,0.25968407073242333,1.0,0.19769514047378106
US08203795-1_LensData_14.5_5.3_52,0.5373563074978104,0.5373563074978104,0.5372980983046005,0.6190086337844591,0.5977734571110651,0.024824043239060855,0.026023852106498303,0.0021966934244294595,0.019764732352124663,1.0,0.27603681516627043
US08223439-1_LensData_21.7_2.8_15,0.5820207378854463,0.5820207378854463,0.5819695602955381,0.6242790964391054,0.5765672981622892,0.015634045874855795,0.012206064599046282,0.0068127670045333485,0.01654094643023183,1.0,0.11809062777303114
US08233223-1_LensData_21_2.9_292,0.5739080058013786,0.5739080058013786,0.5738561721052583,0.6116575485340975,0.5740024292992988,0.026773714704956382,0.013873621427770419,0.0023190262272856335,0.0339497306730493,1.0,0.12186759316315941
US08238044-2_LensData_21.7_2.5_170,0.5238840043037929,0.5238840043037929,0.5238271260819469,0.5829087021984196,0.5534988459263638,0.06419945747523605,0.06881697171188005,0.021676301705584412,0.04416142681233552,1.0,0.0960838891355502
US08294806-4_LensData_21.7_3_65,0.6332481546339135,0.6332481546339135,0.6332055365245397,0.6502954726192747,0.6069101528080224,0.04000797364593644,0.032295050663548916,0.03476569446941745,0.03221135224586289,1.0,0.1282900142479982
US08411369-2_LensData_13.3_2.8_40,0.614840828518197,0.614840828518197,0.6147924929112486,0.6521490998936781,0.607364919961428,0.03742702319656754,0.020856111013319363,0.018594764081976193,0.04408219028935741,0.9789905248077453,0.1174144310908055
US08422143-1_LensData_21.7_5.1_26,0.569116848639872,0.569116848639872,0.5690641850342715,0.6202027420980867,0.5774898479296192,0.011213482061837617,0.012116371484257552,0.005199941134077799,0.007810466844999847,1.0,0.1983024972777346
US08427762-1_LensData_21.7_2.3_85,0.5581843569715006,0.5581843569715006,0.5581291115535003,0.6078286015226652,0.5697554327295552,0.1926732933703019,0.20463681031847875,0.04649939578114956,0.1390660206869486,1.0,0.019315772405786406
US08427762-3_LensData_21.7_2_100,0.5456265614301343,0.5456265614301343,0.545570020249139,0.6062981181103327,0.5755071746252223,0.09497146202146961,0.10611694181822856,0.060301640627598324,0.037858073003811166,1.0,0.0641382770365385
US08427762-4_LensData_21.7_2.1_134,0.48686858820941126,0.48686858820941126,0.48680215395556997,0.6069057811973882,0.5891944379373041,0.27487052038350246,0.294333765214989,0.0628570536950167,0.19454892492253237,1.0,0.07058762457837711
US08427762-5_LensData_21.7_2.1_196,0.5754506077250297,0.5754506077250297,0.5753997291056527,0.609351275199859,0.5629510702842693,0.035347229932940503,0.009957052281977635,0.025090543739170176,0.04321005783213523,1.0,0.07026951496345171
US08427763-1_LensData_8.5_1.3_32,0.5710810306107563,0.5710810306107563,0.57102747725854,0.6287010296693363,0.5871506289623083,0.22784944825724335,0.2540313852306344,0.045414954292382986,0.14351925389694975,0.9991341838698816,0.02629470210202251
US08427765-1_LensData_13.9_2_30,0.601323164428643,0.601323164428643,0.6012736238660328,0.6377357856061324,0.5919844271587973,0.05796680165975406,0.046548233248229286,0.024649486690065083,0.0586672928423354,1.0,0.07018824091270245
US08456765-1_LensData_13_2.2_16.6,0.5755412813861845,0.5755412813861845,0.5754901925997472,0.6076890163719891,0.5547621301789697,0.0027026402771370014,0.0,0.0027802933041890213,0.0036170094081228463,1.0,0.08018917530778545
US08493664-1_LensData_21.7_2.9_55,0.5960173187282786,0.5960173187282786,0.5959666739391719,0.6335532993468264,0.5933884662600548,0.05720022858978062,0.026109785739147552,0.0428889894167445,0.06491077813310527,1.0,0.12129059503866746
US08493664-2_LensData_21.7_2.9_58,0.5865839207017365,0.5865839207017365,0.5865318093164674,0.6336450470337707,0.596408096688258,0.06187321262668171,0.005726064586831084,0.0470987015478361,0.0760838977555132,1.0,0.1213118601607526
US08493664-6_LensData_21.7_2.9_60,0.5535339860316963,0.5535339860316963,0.5534773121131468,0.6075638107259766,0.5763091205681719,0.04932225176723063,0.03867777609104599,0.013143016493467828,0.052565159963238364,1.0,0.12134108290893679
US08498065-1_LensData_21.7_1.5_52,0.5353217456129881,0.5353217456129881,0.5352619926457116,0.6068606862552663,0.5779842261514919,0.2609049875344884,0.3045395664629348,0.14711166727033667,0.06967468375011697,1.0,0.031132950984565387
US08503096-1_LensData_11_1.5_25,0.5557404575052276,0.5557404575052276,0.5556857043253031,0.6069653150894424,0.5671181579281483,0.25462484919669454,0.29560626222843095,0.16661475456012154,0.03213958529794563,1.0,0.034866378449551524
US08514500-1_LensData_2.7_2.7_4.1,0.5686835241162546,0.5686835241162546,0.5686337957197296,0.6060450838262446,0.5554984444705724,0.006709542662776232,0.005634761452828518,0.0061282012944010485,0.005651163512452806,1.0,0.10923957950999834
US08547645-1_LensData_14_2.1_59,0.4885237140008928,0.4885237140008928,0.4884558750454209,0.63067524336334,0.6663149336860303,0.08948160041887354,0.08243959779375079,0.004019706109922226,0.08463618934603546,1.0,0.21804027426022474
US08605370-1_LensData_21.7_4_24,0.5761132022202161,0.5761132022202161,0.5760581106807997,0.6062893009622164,0.5567237362748391,0.05604157780281989,0.040978797763947424,0.05898638296863501,0.04130558334896797,1.0,0.1982234279108086
US08625209-1_LensData_41_2.9_40,0.5423674467210634,0.5423674467210634,0.5423147079558619,0.6142449152980591,0.5971012561587477,0.026949329858438138,0.01875295463409554,0.00592245525028782,0.031031701823974005,1.0,0.2247118368314113
US08638507-1_LensData_2.63_1.6_1.67,0.5766509100569938,0.5766509100569938,0.5765999576072475,0.6131258969071476,0.5620029766069297,0.022165006039805205,0.019078506836193488,0.017526420997135493,0.01795682261469931,1.0,0.04113314641360235
US08681435-1_LensData_14.5_2.5_59,0.5446010774417879,0.5446010774417879,0.5445465454565218,0.5873663933900095,0.5453256413345678,0.04277073232406151,0.050186505128601955,0.014194719427805006,0.02004866465518068,0.9737632957719675,0.09937098110873
US08699151-1_LensData_21.7_2.9_294,0.5676698878507305,0.5676698878507305,0.5676169073322381,0.6064852571239647,0.5591516899366478,0.008492060566190408,0.005528640739309624,0.006433465409321236,0.009150921982759424,1.0,0.12170986360885365
US08717686-1_LensData_21.7_2_30,0.5606247786630228,0.5606247786630228,0.5605728328452214,0.6146006723039988,0.5820201535948399,0.10491511768351586,0.09443787740252489,0.043435151949109914,0.09534632528311082,1.0,0.06504285697709145
US08721094-1_LensData_21.7_1.3_51,0.5626903288405647,0.5626903288405647,0.5626346229995435,0.6282321282432624,0.596016680085781,0.28285753680033415,0.1755055947804865,0.12959167157860818,0.3217734242040065,1.0,0.01942681884888633
US08767318-1_LensData_5.7_4.5_100,0.5559366144810652,0.5559366144810652,0.5558829276776536,0.5934178553976995,0.5442176118946255,0.004057006141871552,0.0037926260099801073,0.003990146356014784,0.003076923299646771,1.0,0.2972340012324244
US08773783-1_LensData_21.7_1.3_85,0.5412455550128131,0.5412455550128131,0.5411862517042508,0.606968748864612,0.5504237532405932,0.4748862765194308,0.290966289921985,0.5768612355684933,0.32352915341792193,1.0,0.018995739036278353
US08773783-2_LensData_21.7_1.8_83,0.6295846993157289,0.6295846993157289,0.6295246110891988,0.65650428453023,0.6157629962371344,0.10336688076448784,0.039848376426406776,0.05539689644191024,0.12785192851385646,1.0,0.051052904472454586
US08773783-3_LensData_21.7_2_132,0.6110904645405407,0.6110904645405407,0.611042304240207,0.6551851879978512,0.6154179756077608,0.06494324854994409,0.026792186190550127,0.041721162161802924,0.07763108358199403,1.0,0.07016133888433228
US08773783-4_LensData_21.7_1.5_50,0.5633361360859781,0.5633361360859781,0.5632839169195222,0.6060240374975684,0.5653308936772502,0.09925722163436888,0.10104395995605327,0.08559183768691156,0.042428086467313164,1.0,0.032199462203718894
US08830298-1_LensData_1.7_2.5_1,0.5713612422195319,0.5713612422195319,0.5713083366201952,0.6110084178697353,0.5600431229684125,0.020690009413302388,0.0047637553546486765,0.020798234642646483,0.022875336521696897,1.0,0.096394334267932
US08830599-1_LensData_21.7_2.6_18,0.5564175119357443,0.5564175119357443,0.5563621738630824,0.5992043233614783,0.5573831430590842,0.03154725874466242,0.030630455372490702,0.004468286678472687,0.02819140673779027,1.0,0.10280080345762824
US08854747-1_LensData_13_2_21,0.5806614857215979,0.5806614857215979,0.5806103547015582,0.6177904455591916,0.571283429688684,0.03216909659222719,0.024459979850191445,0.009423223739972845,0.0349879817502176,1.0,0.07023384916420497
US08861085-1_LensData_21.7_2.9_28,0.5551128480267125,0.5551128480267125,0.5550578944467047,0.609578129981231,0.5739149684892969,0.04209399985931078,0.0468801232905469,0.016218036540151134,0.025065267729413383,1.0,0.12131526795458472
US08867146-1_LensData_21.7_3_36,0.5426255608751148,0.5426255608751148,0.542572468702347,0.6067220505369649,0.5739637123417257,0.06325079819446687,0.06847130216593467,0.05074346838280486,0.019866292759775923,1.0,0.13234103832668773
US08934179-1_LensData_2.7_2.2_4,0.5779776077650512,0.5779776077650512,0.5779183473659039,0.6061724876933806,0.5524784088983705,0.00789719905273031,0.00872204702210263,0.006823618221719556,0.0030349531509303667,1.0,0.07686549535459071
US08934179-2_LensData_2.8_2.2_4.1,0.5815515383298112,0.5815515383298112,0.5814976222013796,0.6093710932220643,0.5554050970579728,0.004418760119718976,0.005564991930994725,0.0021161485595817707,0.0019841763653649634,1.0,0.07651651405898172
US08934179-3_LensData_2.8_2.2_4.1,0.5820687917275477,0.5820687917275477,0.58201630374019,0.609642147184328,0.5555964574655801,0.003011658897468735,0.002381512908644941,0.0025179732964561116,0.003225399786944343,1.0,0.07686889704126544
US08934179-4_LensData_2.8_2.2_4.1,0.5803486544487549,0.5803486544487549,0.5802957938780519,0.6094896793108602,0.5558422248004904,0.008544709794844665,0.010217760690100908,0.006313077908746629,0.0014396643802303721,1.0,0.07677143291623484
US08934182-1_LensData_21.7_1.5_51,0.5780813304562665,0.5780813304562665,0.5780279617471404,0.6290872476043691,0.5936446122665756,0.1750601120979732,0.06275445890804535,0.0912550237577034,0.21855109928081332,1.0,0.03226858911838907
US08941921-1_LensData_21.7_1.8_132,0.5646363864038616,0.5646363864038616,0.5645837140399206,0.6037617216533383,0.561629713529105,0.07562744608679356,0.07585478960355647,0.01686683844558906,0.062391320069004004,1.0,0.051386312516680174
US08964096-2_LensData_21.7_1.5_51,0.4820410991698067,0.4820410991698067,0.48197333604564135,0.6294681477097457,0.6198029804292537,0.6942523168571728,0.8020308904216092,0.04864043475717771,0.3852789192122887,1.0,0.03215981453784392
US08970966-1_LensData_21.7_2.8_45,0.5610215923739262,0.5610215923739262,0.5609684694197629,0.6096750300640456,0.5738649161614567,0.039935889713124915,0.014197815461879,0.01753439098666428,0.05112723066168089,1.0,0.11560404367106117
US08970966-2_LensData_21.7_2.8_39,0.5480560816951335,0.5480560816951335,0.5480015116976047,0.6017715387147673,0.5664387686036536,0.07352001069929173,0.07925872015350402,0.06367479411911521,0.014141728126785607,1.0,0.11557248798874817
US08970966-3_LensData_NA_NA_NA,0.6583676908173788,0.6583676908173788,0.6583297216675105,0.6850265344763536,0.6380591490120745,0.24315085569686312,0.18255194319730061,0.22316921973447296,0.19827066145544742,1.0,0.11751186468004907
US08976458-1_LensData_10_3_146,0.5816546170892953,0.5816546170892953,0.5816037193817181,0.6067863270772157,0.5595066564320773,0.01933427733519972,0.008254762426465403,0.011602945083444142,0.02365153692676316,1.0,0.1281067873115255
US08988789-1_LensData_3_2.3_4,0.5775296890081052,0.5775296890081052,0.5774781828727069,0.6099320325532095,0.5579443890406146,0.0025597440654178028,0.0016629835263408394,0.0023103711332913787,0.0030329393621585246,1.0,0.09592708176201262
US08988789-3_LensData_2.7_2.2_3.7,0.5805711237404794,0.5805711237404794,0.580521456478327,0.6130536092752075,0.5606859353338767,0.00881362859455569,0.007150466289704337,0.008145532605603998,0.0073786936364198,1.0,0.08222101436220207
US08988789-6_LensData_2.8_2.5_4.3,0.571551279320984,0.571551279320984,0.5715035474814357,0.6070522573187985,0.5558601978265059,0.009570830138057483,0.006725926582085024,0.00935229626171111,0.008644720090663766,1.0,0.08264756877117274
US09001440-1_LensData_21.7_2.9_60,0.5618295194273835,0.5618295194273835,0.5617738494172161,0.6073241286815201,0.5696492268846628,0.03756260779708435,0.03262531655638597,0.00985251646855984,0.037207967257106525,1.0,0.12151130160013632
US09110286-1_LensData_11_5_245,0.6319528349156569,0.6319528349156569,0.6319097546810606,0.6279773778593694,0.5609275076122366,0.0277728459542332,0.03194646030835346,0.019339579212672944,0.006695831239806892,1.0,0.30513429333776304
US09110286-3_LensData_11_5_245,0.6319528349156569,0.6319528349156569,0.6319097546810606,0.6279773778593694,0.5609275076122366,0.0277728459542332,0.03194646030835346,0.019339579212672944,0.006695831239806892,1.0,0.30513429333776304
US09128271-1_LensData_1_2.8_1,0.5741499587827411,0.5741499587827411,0.5740986633083739,0.6056088636082255,0.5524907613197793,0.0019438111715790946,0.002181809516624802,0.0020691360353043415,0.0013183728680264694,1.0,0.11178631300525277
US09182570-1_LensData_14_3.7_10,0.575055395886492,0.575055395886492,0.5750022516297141,0.6176856405774225,0.573468756859507,0.011188492160045025,0.009476614901601257,0.0027621727120664694,0.01177386561202823,1.0,0.17184954651302686
US09304299-2_LensData_1.82_4_1.3,0.5676728622020601,0.5676728622020601,0.5676202160632817,0.6039110021691992,0.5520763012442894,0.00923080991254683,0.010369960286510518,0.007245448031142977,0.0036136307702201425,1.0,0.19411152768710344
US09389399-1_LensData_0.9_1.9_1,0.5739822132082648,0.5739822132082648,0.5739307996546467,0.6068164341355632,0.5541023696621021,0.00656176889160663,0.0067276705063558295,0.0066851697322246,0.0029041896471322676,1.0,0.057173509838325226
US09405094-1_LensData_21_5.7_775,0.6217542449336285,0.6217542449336285,0.6217110017733526,0.6112544831374287,0.5377827804524112,0.017360128639305843,0.02108120034381203,0.0037163810932328185,0.007701963234469411,1.0,0.30123241215006746
US20010040736_Example02_Tale24_LensData_3.52_NA_NA,0.5661545523021556,0.5661545523021556,0.5661012829630826,0.6117731391684781,0.5648328347920007,0.037720530077311534,0.042913326864912275,0.02714750231690844,0.008865810938158037,1.0,0.08877276671941216
US20030223122_Example04P_LensData_21.6_4.5_75,0.49905079455761014,0.49905079455761014,0.4989830941429676,0.611810415339323,0.6214890081359621,0.0658680013753125,0.07589202202516956,0.038357551829835794,0.02238464970237232,0.9869688030870872,0.23431666710434626
US20040017605_Example03P_LensData_10.8_2.8_300,0.6060450521576357,0.6060450521576357,0.6059993982713696,0.604460980330364,0.6284754202209438,0.14876339850915762,0.13765459165004007,0.015385477297601563,0.13912169952763292,1.0,0.12239090937405912
US20040223070_Example04P_LensData_21.64_4_28,0.5592137557853084,0.5592137557853084,0.5591551407812069,0.6057860321639202,0.5723700728342735,0.042839398444911435,0.04594571784412795,0.039013608043229585,0.0053582303533972935,1.0,0.18889353575710124
US20060023317_Example01P_LensData_13.65_4_17,0.5558416591978932,0.5558416591978932,0.5557837321306007,0.6080380447919694,0.5740010856182711,0.033774927060620186,0.03511545190071285,0.032653571909387454,0.006528603736351863,1.0,0.19878029684449286
US20080212200_Example01P_LensData_21.6_2.8_70,0.5599591046293464,0.5599591046293464,0.5599032498004591,0.606771904402212,0.5883126210682034,0.07783964652508377,0.07106179565165467,0.09040214624882663,0.01286049383072159,1.0,0.11921341644767418
US20090190220_Example05P_LensData_14.3_3.5_85,0.5398916219812396,0.5398916219812396,0.5398350708409294,0.6068728965291078,0.6035104442211154,0.05483376976568607,0.020383881655522556,0.02139073589505922,0.07028152625238389,1.0,0.2014306871223868
US20090290227_Example01P_LensData_14.2_3.5_18,0.5636902399283032,0.5636902399283032,0.5636326206019461,0.6069194602456468,0.5700319443469615,0.07032693126687033,0.06401074102483092,0.07218768019067112,0.03363203455493151,1.0,0.1651085944194017
US20090296231_Example01P_LensData_21.6_2.8_70,0.5622619182263604,0.5622619182263604,0.5622058649519083,0.6074863275278258,0.585589983543889,0.07180501303830382,0.06136660156591518,0.08876561846705933,0.012827098259572917,1.0,0.12138093211100615
US20100073777_Example01P_LensData_14.2_1.4_55,0.5582817102114147,0.5582817102114147,0.5582242495085237,0.6074505821709456,0.5698338881663976,0.23881301432602228,0.2664669758145656,0.18822875905149777,0.02339795315698662,1.0,0.02603151415364265
US20100149663_Example01P_LensData_14.2_2_30,0.5590872001055349,0.5590872001055349,0.5590302110475824,0.6064841309137733,0.5635338769117768,0.19355130647782473,0.2073866849008704,0.1550732480945713,0.06452660947587965,1.0,0.06856528826088311
US20110176215_Example01P_LensData_15_2.8_40,0.5586931169912132,0.5586931169912132,0.558638284615313,0.6091279405343373,0.5712052639996531,0.034702258055478295,0.03659839097640476,0.031965662326667615,0.008163844083435783,1.0,0.1203734465681745
US20110286106_Example01P_LensData_14.2_3.5_18,0.5752703231423705,0.5752703231423705,0.5752232071592508,0.6067619566323366,0.5685852698471384,0.02044754755420494,0.011030771352750383,0.010967806602784843,0.024300236487152575,1.0,0.1644842108606023
US20110286116_Example01P_LensData_14.5_2_60,0.5545129489605853,0.5545129489605853,0.55445953083801,0.6076386917294545,0.5734476304161327,0.07584868447288011,0.02737163933698131,0.029817157440237115,0.09725330526898093,1.0,0.06757354086268484
US20120002298_Example06P_LensData_14.24_3.5_18,0.5643158011682738,0.5643158011682738,0.5642590270940934,0.6068953243086734,0.5713775415660979,0.049409188371556625,0.04833124349916351,0.05081892182690228,0.01445096997839845,1.0,0.1663203460559672
US20120056976_Example01P_LensData_14.3_2.8_20,0.5622027289066004,0.5622027289066004,0.5621483012618445,0.6157935737387698,0.5734877030693486,0.03492444317547821,0.038088570567002045,0.02897702593212885,0.009195539967671576,1.0,0.11851875782861239
US20120063011_Example01P_LensData_30.7_3.5_50,0.5582282770746404,0.5582282770746404,0.558171313305734,0.6067976418028299,0.5739115420887058,0.06033914025969323,0.060742928165382154,0.0584753132063994,0.01822802974390529,0.9816465697500025,0.169596542860336
US20120147254_Example04P_LensData_10.8_3.5_8,0.5535005442775707,0.5535005442775707,0.5534442876930579,0.6068928979464814,0.5640668340628534,0.031764762601545586,0.02887032202337495,0.02470068894278287,0.02358249480329113,1.0,0.12505885162233585
US20120307129_Example01P_LensData_14.4_2.8_16,0.5624592617599449,0.5624592617599449,0.5624062343744662,0.6067158135256835,0.5680887521855424,0.024243536991547757,0.023032517032831507,0.01451469999433828,0.019332409485350796,1.0,0.1212554972050594
US20130033768_Example02P_LensData_14.2_1.8_24,0.572157125149048,0.572157125149048,0.5721078266648861,0.6116308002542701,0.5667481614285925,0.05620813917241535,0.04138140064808117,0.03315560480693218,0.05720599539579238,1.0,0.054558229608354096
US20130057972_Example03P_LensData_14.2_2.4_16,0.5680651749893019,0.5680651749893019,0.5680122904043307,0.6102390092803942,0.5650463233265933,0.043837790307533896,0.031873863153910706,0.019273778606880263,0.04721549290542617,1.0,0.09368781310632622
US20130148006_Example01P_LensData_10.2_2.5_14,0.5763200518008339,0.5763200518008339,0.5762692840438649,0.606877898616567,0.557567282962404,0.015257224131194446,0.00852278948155709,0.021565962662338834,0.008361924560177725,1.0,0.0977384707555714
US20130155294_Example01P_LensData_14.2_3.5_18,0.5607772099961168,0.5607772099961168,0.5607253535835075,0.6076399666724972,0.5729750229562972,0.021844116788895494,0.005813528111769949,0.006792984502306247,0.029279166764981244,1.0,0.16707949015007117
US20130222925_Example04P_LensData_34.85_2.8_90,0.5549301270610052,0.5549301270610052,0.5548749421564091,0.6072545967037838,0.5851854430699477,0.045471413283527995,0.024084433102056442,0.008493396502892788,0.0567306674163434,1.0,0.11817877848301875
US20130235467_Example01P_LensData_14.2_3.5_10,0.6349372896467845,0.6349372896467845,0.6348886025609571,0.6803778703037562,0.635063723842227,0.10119045342472908,0.10386395390905884,0.08386454464213144,0.04521052032609226,1.0,0.177922448872405
US20130314588_Example01P_LensData_14.2_1.8_45,0.5569103646292733,0.5569103646292733,0.556855179835336,0.5985356147902342,0.5567157828790282,0.10959878238279695,0.11071100738168017,0.10702678108604861,0.027231013976601777,1.0,0.053682634236846556
US20140071331_Example04P_LensData_21.63_1.4_50,0.5580866858412381,0.5580866858412381,0.5580335158965058,0.6071119477193944,0.5669771401550121,0.1695357431265421,0.15060647724412812,0.03357243614558052,0.16381800463652355,1.0,0.029116850074782142
US20140204265_Example04P_LensData_14.2_2.8_20,0.6138515483202626,0.6138515483202626,0.6138037300963698,0.6681405661572702,0.6238113578012741,0.06972870480360696,0.02369169730005354,0.06275423263188544,0.07732244915232608,1.0,0.1347979111078811
US20140247506_Example01P_LensData_14.2_2.4_60,0.6124328852061428,0.6124328852061428,0.6134756303786776,0.6077076347629133,0.556532589056798,0.08209582269691405,0.02961510843353521,0.09998565982535228,0.07175758594756093,1.0,0.09446883303825584
US20150077859_Example04P_LensData_21.63_3.5_28,0.5230174406483485,0.5230174406483485,0.5229569061365451,0.5762307755305847,0.5461940593931044,0.025598375881457792,0.012229485100537374,0.011726833330461896,0.031612877364474316,1.0,0.1656561560452003
US20150097989_Example02P_LensData_18.2_3.5_12,0.5621493536033573,0.5621493536033573,0.5620993640310694,0.6070986178527129,0.5650940677306885,0.014288817872181786,0.009942179760659536,0.007570722979516549,0.01575529352883736,1.0,0.16846184522875274
US20150185495_Example01P_LensData_14.25_3.5_18,0.5918109765612072,0.5918109765612072,0.5917586493637982,0.6073295700350697,0.5637939111830473,0.06392837485877212,0.05078421790440306,0.07151755407638553,0.036846841823766664,1.0,0.16766058007002466
US20150205081_Example01P_LensData_21.6_2_35,0.5528061522083753,0.5528061522083753,0.5527519697877878,0.6071302979500296,0.5694376098359352,0.08993015975706764,0.10182986045521362,0.06055735941450731,0.026580098634823482,1.0,0.06688767655028664
US20150226943_Example01TCP_LensData_NA_NA_NA,0.5737932101237697,0.5737932101237697,0.5737429997608614,0.5881454166758705,0.5274584171376023,0.016223180958301293,0.018328586983253337,0.005494391699262985,0.010084048448323434,0.8832026719786156,0.20049881429538977
US20150226945_Example01P_LensData_21.63_4_70,0.5698301060845118,0.5698301060845118,0.5697787412768759,0.6086268494748863,0.5955119013983448,0.024489895156281433,0.007564031933474177,0.014076156693668105,0.031042370969309226,1.0,0.20136507182322466
US20150241657_Example01P_LensData_4.7_2.8_15,0.5713820195948,0.5713820195948,0.5713295838522434,0.605960306416143,0.5597255456758786,0.026708384368580987,0.023992599667455823,0.03032696866645596,0.009873893091210353,1.0,0.12159580022999553
US20150316753_Example01P_LensData_14.2_3.5_16,0.6105785003879525,0.6105785003879525,0.6105269551133735,0.6460375220842287,0.6022396779367855,0.013423637509304127,0.009492994374305357,0.009852794432192419,0.013657829450770919,1.0,0.1646292375275051
US20160103303_Example01P_LensData_21.64_2.8_70,0.5807050592116964,0.5807050592116964,0.5806528685762558,0.6082958067009884,0.5870259144630932,0.04243507812547768,0.019330339774432746,0.06248652119323205,0.020818871168514337,1.0,0.1215560731710743
US20160209632_Example01P_LensData_21.63_2.8_90,0.5909303787649527,0.5909303787649527,0.5908802575553824,0.6119006514341329,0.5841180115733714,0.045818865769003285,0.03181093442667257,0.008335873880826654,0.052632138837726695,1.0,0.12393000464754679
US20160274335_Example01P_LensData_14.2_2_90,0.5722574492469913,0.5722574492469913,0.5722061254421735,0.6044857670381595,0.567245377055505,0.047168474267341415,0.006906319302248979,0.003810375232320364,0.06471398696133848,1.0,0.06768729888367268
US20160313535_Example01P_LensData_13.66_3.5_28,0.6016264170714306,0.6016264170714306,0.6015806844333191,0.619807983053026,0.5774954484167307,0.04328144343350671,0.042051651563681666,0.0194139790760028,0.035333549780787545,1.0,0.16651288030032557
US20170059832_Example04P_LensData_10.82_1.7_25,0.5717251544734584,0.5717251544734584,0.5716716324160143,0.608389217548926,0.5614862883623868,0.14291350573379694,0.13731188281056847,0.13737713491112877,0.06260238791287234,1.0,0.04744524169991505
US20170068075_Example02P_LensData_21.64_3.5_28,0.5641172233351683,0.5641172233351683,0.5640613701089169,0.6053060006678482,0.5715445701427762,0.021205176210274863,0.0083972977516312,0.005204811978665267,0.027802987029509004,1.0,0.1664791504699763
US20170242219_Example01P_LensData_27.5_2.8_63,0.5739465209923084,0.5739465209923084,0.5738931749221248,0.6069393391490608,0.565943127729553,0.034464084411122003,0.029987804192561564,0.04254087347989249,0.005981828766013059,1.0,0.12007248585124308
US20170242227_Example02P_LensData_10_3.5_12,0.5677250948078854,0.5677250948078854,0.5676703385053526,0.6067842066887494,0.5639643113960245,0.02610218073219924,0.02745773255852527,0.02473944321074317,0.005556913558779356,1.0,0.1682394286632104
US20170329112_Example01P_LensData_14.2_4.5_55,0.5630543136775134,0.5630543136775134,0.5629981699685394,0.6076122339828662,0.5895638482354052,0.03602300541034199,0.029431363432270936,0.04529848099392183,0.011023866483426004,1.0,0.23009081343061624
US20180031811_Example04P_LensData_21.6_4_600,0.7359408927650397,0.7359408927650397,0.7359170072580119,0.6097730267365261,0.6731716745445288,0.155426605211608,0.1553116150159147,0.006213160230597018,0.1312057641059423,1.0,0.1969970618465723
US20180059384_Example01P_LensData_27.5_4_120,0.6238395396339147,0.6238395396339147,0.623799233048334,0.6063638986800306,0.5708029425971866,0.06440486911339906,0.07340348589455846,0.023193934393351223,0.034496157707043736,1.0,0.19966788056598692
US20180074300_Example01P_LensData_13.6_2.8_35,0.5879177505650444,0.5879177505650444,0.5878663855752837,0.6023841948531438,0.555459913599829,0.02433077892040899,0.022433082858067135,0.018633016486542475,0.01801554939581146,1.0,0.125146996225166
US20180074300_Example02P_LensData_13.6_3.5_18,0.5594330081353885,0.5594330081353885,0.5593762527601874,0.6028598091095783,0.5662292577449004,0.04199356517627776,0.04249845059734461,0.04210306026305599,0.009170085107178455,1.0,0.16645000711483837
US20180095255_MLP_LensData_21.6_2.8_400,0.6559941250758479,0.6559941250758479,0.655957004742398,0.6029082786879278,0.6178355285245964,0.15712662488130955,0.15467470571142652,0.014430413532932965,0.13541451223951984,1.0,0.1213585249504862
US20180100988_Example01P_LensData_27.5_2_110,0.5936876303939923,0.5936876303939923,0.5936399923599874,0.6073218879202802,0.5676845551060661,0.07707591023903845,0.08193660518292183,0.004185008057742068,0.05794864228195313,1.0,0.06768204062114676
US20180196240_Example11P_LensData_8.2_3.5_10,0.5654260225357398,0.5654260225357398,0.5653728741509804,0.5971009017842931,0.5505105395556895,0.0107001823016127,0.006238427060640794,0.015489870422887598,0.0053833911602951,1.0,0.16646310086031524
US20180210178_Example01P_LensData_29_4_23,0.5751529028316295,0.5751529028316295,0.5751104265207818,0.6114473827130391,0.5700569920254249,0.014213665883499399,0.0055968587578576435,0.006563010310430596,0.018267302776725815,1.0,0.19140093915866577
US20180246292_Example01P_LensData_14.2_2.8_80,0.5743045497518521,0.5743045497518521,0.5742524096320061,0.6060687159637711,0.5671356713252825,0.02320285995933634,0.015444821474159452,0.010378302682408547,0.026275224264327053,1.0,0.12023730581529636
US20180284478_Example01P_LensData_10.8_4_100,0.624814279162462,0.624814279162462,0.624768516936914,0.6361525845909426,0.6101966753380522,0.028258383739310538,0.02224864547373362,0.002014025562950648,0.030855107206235324,1.0,0.19944785189899003
US20190086645_Example01P_LensData_28.6_4_250,0.7204140297050948,0.7204140297050948,0.7203877189904003,0.6070749838245145,0.644844897465598,0.06557023362232303,0.06946501234177434,0.0007981906983000711,0.049902925249976825,1.0,0.30531301929922805
US20190094496_Example01P_LensData_28.6_4_250,0.640581225123552,0.640581225123552,0.6405411753196538,0.607245038727419,0.6054145343984579,0.062411367626907924,0.061688611227027394,0.0012268927126228542,0.054083660671958925,1.0,0.19974273599430326
US20190113711_Example01P_LensData_21.6_1.8_35,0.5662867329720725,0.5662867329720725,0.5662331981837889,0.6099739207028912,0.565614610431413,0.11495540514315254,0.13191968991128353,0.0817768128646238,0.010742299786488217,1.0,0.0554029166562336
US20190250367_Example01P_LensData_21.6_1.4_50,0.5660535186760599,0.5660535186760599,0.5660011735649354,0.6071262626261035,0.5674931119932013,0.09780519726133065,0.06318479701217253,0.022889745351803114,0.11435639381296639,1.0,0.0286119225148297
US20190265504_Example01P_LensData_15.4_2_200,0.606630737760192,0.606630737760192,0.6065854932156067,0.6101508015613546,0.5851149340436748,0.15432808626902908,0.1449685257589089,0.034176973256519895,0.13958420666201918,1.0,0.06783531805770408
US20190369371_Example04P_LensData_21.63_2.8_16,0.608777684945257,0.608777684945257,0.6087318871917985,0.6409416194883646,0.5984168593103097,0.08607492254937042,0.05378188832471304,0.07269934598492876,0.08455222612361395,1.0,0.11982022971461864
US20200018936_Example01P_LensData_15.4_2.8_200,0.6415419953314213,0.6415419953314213,0.6415042905192414,0.606212583171048,0.602858260176435,0.1736392251311758,0.17180200200183937,0.05099990285128677,0.1430523783788885,0.9994249628435672,0.12043558689477307
US20200073096_Example03P_LensData_14.2_2.8_16,0.5678068477439181,0.5678068477439181,0.5677547381277,0.6077778404500479,0.5614475856547061,0.018915795881538387,0.014130663447276124,0.006468918679116399,0.020837960283127302,1.0,0.12008461466584994
US20200166730_Example01P_LensData_27.5_3.5_50,0.5708196207217263,0.5708196207217263,0.5707733932680931,0.6047891253345583,0.5602386823443052,0.007300380614068066,0.002936029542204486,0.0030927004972973906,0.00967263786455583,1.0,0.16425759867792258
US20200174231_Example01P_LensData_29_2.8_45,0.5669210620082309,0.5669210620082309,0.5668684625095889,0.6064641726667399,0.5677384121551694,0.038704774476954265,0.02508694227810141,0.009233704612266079,0.04549840222562801,1.0,0.12031023748903003
US20200192060_Example02P_LensData_28_3.5_120,0.5869848825129479,0.5869848825129479,0.5869372882303433,0.6060321532064329,0.5693444353779117,0.04207517796883823,0.03506820693834092,0.02239934837308252,0.040055664226455324,1.0,0.1601388828665531
US20200271904_Example03P_LensData_NA_NA_NA,0.5716250617096391,0.5716250617096391,0.5715744722645805,0.5880212127708202,0.5276581279821393,0.009525004798838697,0.008984998817865627,0.0042208078680883295,0.008729668997343856,0.9652327729156291,0.20108340361653648
US20200271904_Example06P_LensData_NA_NA_NA,0.5975517641833349,0.5975517641833349,0.597505191947551,0.5964262423234391,0.5246546301085585,0.009140919862977744,0.006448930215514463,0.0038315088881795615,0.010498034934365526,0.9185757892209877,0.2728931864276977
US20200319427_Example01P_LensData_28.02_2.8_65,0.5563920461630195,0.5563920461630195,0.5563364703452602,0.607673162458404,0.5711181247901633,0.044712957516963366,0.05024903405241116,0.01673557956466319,0.025750507375150597,1.0,0.11554702114236821
US20200341238_Example03P_LensData_13.2_2.8_18,0.5633778786984539,0.5633778786984539,0.5633260111370264,0.6068819635610186,0.560558744426895,0.024590062110710794,0.0028718172880329448,0.020761888875830973,0.029655805375719105,1.0,0.12236872207120579
US20200371325_Example02P_LensData_10.8_1.7_10,0.5713914899325389,0.5713914899325389,0.5713395973930787,0.6069152745991294,0.5620339614611382,0.07420508718231139,0.06774740693952275,0.08230129777881993,0.024125622083005425,1.0,0.045917114881127236
US20210072505_Example01P_LensData_21.6_2_85,0.5587385186419226,0.5587385186419226,0.5586846309190687,0.6038984134458782,0.5690956615951206,0.0777789336526685,0.0796243474544021,0.028787873286565,0.05888157469741587,1.0,0.06768117951195261
US20210231927_Example03P_LensData_14.2_1_50,0.5687474119252284,0.5687474119252284,0.568692177760731,0.6068588573453751,0.5645479394879159,0.4149460118907895,0.418880313288108,0.39129085324366425,0.1278699796860673,1.0,0.001683700546529524
US20210263286_Example01P_LensData_21.64_1.8_50,0.5595893255712506,0.5595893255712506,0.5595339180841582,0.6059862215399138,0.5662522936738525,0.1404076115743755,0.1558257239906909,0.11370919077744182,0.012036530023985434,1.0,0.056216499951448104
US20210286156_Example06P_LensData_14.2_4_70,0.5743683595437807,0.5743683595437807,0.5743158993785502,0.6067948247017914,0.579080399960391,0.022251009581465687,0.019350360699989615,0.02599345580977734,0.008863441721805363,1.0,0.19996722899336336
US20220011542_Example01P_LensData_14.2_1.4_18,0.5714555892802671,0.5714555892802671,0.5714060414330925,0.6065056316339145,0.5595523784690944,0.22333208061676604,0.21225425424455566,0.21792086973528177,0.0980494431937541,1.0,0.027715330736162863
US6844989_LensData_3.9_2.8_4.2,0.5656118696172775,0.5656118696172775,0.565558510927392,0.6131809630395398,0.5643036044068939,0.03077671303791894,0.037605815822883706,0.0034152874298809034,0.012367965791831505,1.0,0.11537058536493014
US7643225_LensData_4.1_2.8_3.67,0.5750093076081559,0.5750093076081559,0.5749592878172858,0.6112033754416413,0.5595012395171086,0.0039056025404716616,0.0021250295333899425,0.004250470764340104,0.004149119335389978,1.0,0.11409563686353495
US8558939_LensData_3.5_2.84_3.74,0.5588346585421191,0.5588346585421191,0.5587803869076273,0.60437662737609,0.555730579687857,0.02779988882174406,0.03491035024809065,0.00653839529578696,0.005759431103906585,1.0,0.11896891029379703
WO2014-007298_Example02P_LensData_14_4_10,0.5776659657669667,0.5776659657669667,0.5776158017044061,0.6068823732065834,0.5627891155075041,0.0050664980324017115,0.0029447554806189243,0.00521214239702989,0.005239131517081842,1.0,0.19915914213981356
WO2014-061226_Example01P_LensData_8.2_1.2_32,0.5701820755202126,0.5701820755202126,0.5701292478159192,0.6074339908953437,0.5609083987859763,0.10892229600050746,0.12149748778449308,0.0844126669898258,0.019528660024509863,1.0,0.015631330450347897
WO2016-136352_Example02P_LensData_21.63_2.8_90,0.5835172321235362,0.5835172321235362,0.583467267903562,0.6084136866238529,0.572999563506238,0.027746575512225664,0.005337374695785986,0.00923424968244236,0.037381387576211934,1.0,0.12014689545706882
WO2017-134928_Example03P_LensData_NA_NA_NA,0.5782969734506094,0.5782969734506094,0.5782484036721751,0.5774674123014231,0.5089625089243444,0.01158430212769439,0.012242195691047427,0.003168045259719419,0.009193475816129266,0.9736263591622668,0.3124058108381279
WO2017-134928_Example06P_LensData_NA_NA_NA,0.5308177323210882,0.5308177323210882,0.5307591796614171,0.5575639808864421,0.50252959339413,0.05390506253187808,0.03964806742777889,0.05260274042154861,0.04310606322391134,1.0,0.2114851996093862
WO2017-138250_Example02P_LensData_21.6_1.4_50,0.5764704337309497,0.5764704337309497,0.5764200838382678,0.6116616131634371,0.5678966192102408,0.07524212538405435,0.04266512208045122,0.024274260159140394,0.09064678382829269,1.0,0.028467262277371216
WO2017-221949_Example01P_LensData_28.04_3.5_45,0.4809750292396047,0.4809750292396047,0.4809059742724131,0.6071979458732794,0.5933976001616553,0.09684077731033587,0.11185043884223475,0.008794018104451792,0.05466331810887631,1.0,0.15926535171424855
WO2019-073744_Example01P_LensData_21.6_1.4_24,0.5587050295341677,0.5587050295341677,0.5586517167511934,0.607311704761761,0.5675406225314158,0.1364001245150367,0.1460371063997488,0.06758926544405264,0.08390400491928812,1.0,0.02779791171859684
WO2019-116563_Example03P_LensData_21.6_1.4_105,0.5921764103415871,0.5921764103415871,0.5921277260248021,0.6160715065954038,0.5754574128834228,0.11911332149962804,0.04074108511812151,0.039814010361111034,0.1544697086999025,1.0,0.030035537548941234
WO2019-187633_Example01P_LensData_21.6_1.8_135,0.6041448756035099,0.6041448756035099,0.6040984319340102,0.6105066439626389,0.5751889303818435,0.11534811173754077,0.1092497383167905,0.0021137286474150036,0.10545225599417926,1.0,0.05433428625346048
WO2019-220618_Example09P_LensData_21.6_1.8_50,0.5767621639160089,0.5767621639160089,0.5767114260890901,0.6068913538978137,0.5640911438204197,0.03168629761380175,0.012394706153324858,0.023590238078958298,0.03719462022037383,1.0,0.05430784836905308
WO2019-229849_Example01P_LensData_21.7_0.95_58,0.5614964588393113,0.5614964588393113,0.5614392917925768,0.6016530796160965,0.5642740791887195,0.3683741427906439,0.3793724615775341,0.35602993118021975,0.047964635505906995,0.985006226147792,0.014436501746952383
WO2020-119907_Example01P_LensData_21.6_2.8_150,0.6483711455751603,0.6483711455751603,0.6483326643146194,0.6467298041821724,0.6151441429701202,0.16829826734231093,0.16282726283816173,0.10091933844853156,0.1246457154081109,1.0,0.11698192220336469
WO2020-158622_Example03P_LensData_21.6_1.4_50,0.5875240621936825,0.5875240621936825,0.5874776323880629,0.6071003695601708,0.5591103445724563,0.058855576317873325,0.010582100474343218,0.007758649327970392,0.08018780829112458,1.0,0.029496825194222878
WO2020-230915_Example01P_LensData_21.6_2.8_24,0.48933026663466345,0.48933026663466345,0.48929740612256944,0.552021473242377,0.5167059674972808,0.06916332351329461,0.008069266518916181,0.06376520597280641,0.0796002832507991,1.0,0.1220356621349523
WO2021-039813_Example01P_LensData_21.7_2.8_18,0.5323318141629171,0.5323318141629171,0.5322751864194118,0.5949640402094221,0.5603460318129126,0.03611954150919748,0.037556855279893636,0.030060274248985153,0.01575504803289529,1.0,0.12452498224343983
WO2021-039813_Example02P_LensData_14.25_4.5_18,0.5842708045851681,0.5842708045851681,0.5842195952346199,0.6072470699391969,0.5634642659081329,0.008907013015074319,0.004932209661819177,0.013376471600981434,0.0042142930024013665,1.0,0.23170395798764276
WO2021-200206_Example02P_LensData_21.6_2.8_12,0.5675806945727118,0.5675806945727118,0.567527261024445,0.6151430439772475,0.5768125214866024,0.030521915156181405,0.016450317123635146,0.013021013834742816,0.03689207174341677,1.0,0.12191859403465079
WO2022-071249_Example02P_LensData_21.7_2.8_28,0.5807878248167385,0.5807878248167385,0.5807358857756011,0.6067987699036933,0.5571756266264437,0.04646409967871589,0.03172423443485184,0.053649337200514895,0.03222911279420114,1.0,0.12198353754649838
100_LensData_21_2.8_100,0.7190617342551813,0.7190617342551813,0.7190255451273181,0.7447295017377006,0.7016572960119526,0.0845333856810578,0.05064933370306966,0.06792535660104013,0.08649860550051007,1.0,0.11453512623188997
101_LensData_21_2.8_100,0.7188264100056481,0.7188264100056481,0.7187938951330636,0.7614575327848011,0.7214244784762921,0.20933986604903843,0.13654321292488403,0.191214026424886,0.1911912354051795,1.0,0.11465461887368139
102_LensData_21_2.8_100,0.7401038201931146,0.7401038201931146,0.7400655961849629,0.8194403447501447,0.7884403727503612,0.15315875026260573,0.07688984244624023,0.11682242777697263,0.1683611056073764,1.0,0.1144527773214374
103_LensData_21_4_100,0.5950830188111089,0.5950830188111089,0.5950341257775887,0.636936443585141,0.6043558875414141,0.02943943942295023,0.011273228443425336,0.018100601466001173,0.03611318442136692,1.0,0.19223362564224394
104_LensData_21_4_100,0.5838386095620556,0.5838386095620556,0.5837865171636298,0.6325963802268371,0.6033159611312112,0.016661547241955232,0.011437182759361049,0.011078642967172968,0.01757621635630951,1.0,0.1921592465722052
105_LensData_21_4_100,0.5640758692553406,0.5640758692553406,0.5640233191195972,0.5888300235914881,0.5540079481987913,0.010252061012985016,0.004847278696272483,0.01494855812879811,0.006286300685625047,1.0,0.19252144986359662
106_LensData_21_4_100,0.5969674491190201,0.5969674491190201,0.5969192553938178,0.62998842562212,0.5975938861144131,0.022871374352075004,0.017258323178289525,0.007192243088673842,0.025059543702705325,1.0,0.1921428366402573
107_LensData_21_4_100,0.6746428731912463,0.6746428731912463,0.674604330427437,0.7144829338664103,0.6788121898832247,0.0820508704947244,0.04868158683862433,0.07226520202098624,0.08080147684416301,1.0,0.19171932970283184
108_LensData_21_4_100,0.687818174421559,0.687818174421559,0.6877837480472936,0.7095543620304442,0.6672752814325803,0.10526335512647167,0.07973005514853672,0.0918350282792453,0.08897007993864046,1.0,0.1917102544669276
109_LensData_21_4_100,0.6019123285822389,0.6019123285822389,0.6018651634838458,0.6167218419328389,0.577301152531295,0.015941317423639825,0.014036286564666038,0.003589921377950502,0.016050553845014293,1.0,0.19230957425173578
10_LensData_21_2_50,0.7644395296034844,0.7644395296034844,0.7644166881477319,0.7562964209172462,0.6930283798621193,0.46851718392898295,0.4050047238466605,0.4120301308887316,0.32846044484716896,1.0,0.06350460449132571
110_LensData_21_4_100,0.6822540569804749,0.6822540569804749,0.6822162985381488,0.7108970226361631,0.6725567665418338,0.07004317426438213,0.048719153399485716,0.05737556876164713,0.06594635492911052,1.0,0.19160947415542592
111_LensData_21_4_100,0.6962310784454908,0.6962310784454908,0.696194151818851,0.7299275233008761,0.6924337458239433,0.05542180317440927,0.02920703131783599,0.04570812892805187,0.05887832909665236,1.0,0.19135945934556922
112_LensData_21_4_100,0.6828360175602318,0.6828360175602318,0.6827989698405846,0.7016988411221503,0.6601090608527403,0.06387087586887141,0.052455717908734024,0.048569286481179946,0.05438222164497461,1.0,0.19161939828620947
113_LensData_21_4_100,0.6567278967337823,0.6567278967337823,0.6566829767476529,0.7150654404063229,0.6840312828166639,0.03570027623732629,0.007014898349700158,0.024965833455423154,0.0444842756375609,1.0,0.19137486159654532
114_LensData_21_4_100,0.6744223566545186,0.6744223566545186,0.6743838919963104,0.7123418141834482,0.6775008449347948,0.061261079086546585,0.037397903078376545,0.04991952612365185,0.062018418953472404,1.0,0.19167822853349442
115_LensData_21_5.6_100,0.5846693121586845,0.5846693121586845,0.5846193821838636,0.6228539949785646,0.5900398114051892,0.011112301156526309,0.0022148792447816094,0.005017896336556588,0.015015702706131907,1.0,0.29476693560552164
116_LensData_21_5.6_100,0.5787787372438202,0.5787787372438202,0.5787269716512056,0.6118054088402962,0.5798545806865789,0.005986649115745016,0.002871237115905296,0.007911622608223767,0.005082205276072374,1.0,0.295095714424434
117_LensData_21_5.6_100,0.621433532774788,0.621433532774788,0.6213885567519388,0.6498106602443485,0.6149480784215725,0.018203804129321096,0.011988858294998647,0.011586598517486788,0.019727954893862292,1.0,0.2945655581972404
118_LensData_21_5.6_100,0.650418933872081,0.650418933872081,0.6503782737919619,0.6746598894064113,0.6378496783883115,0.02613913753294006,0.01877847057102188,0.019375732210767577,0.025620506443122543,1.0,0.2941811859244679
119_LensData_21_5.6_100,0.6008841497066053,0.6008841497066053,0.6008365375059397,0.6206994675962637,0.5840822387553262,0.010776651401098025,0.011186196805932785,0.0012654956460585976,0.0091646011610608,1.0,0.2948428292505968
11_LensData_21_2_50,0.599734841411356,0.599734841411356,0.5996865607210184,0.6247854098492848,0.5772693219040628,0.040273179904367705,0.030320313473038346,0.016654113730633507,0.04285479361441223,1.0,0.0645353705181862
120_LensData_21_5.6_100,0.5991235852370589,0.5991235852370589,0.5990751776458202,0.6303696852702577,0.5966377546595473,0.009668735526311853,0.006510134717735986,0.002617540778096124,0.01156213438758114,1.0,0.29483418762286834
121_LensData_21_5.6_100,0.541716315685641,0.541716315685641,0.5416571757886139,0.605652445484762,0.5819491192784169,0.023425040522253634,0.025690485866904606,0.020858513643238798,0.0024781709717413155,1.0,0.2949052443992786
122_LensData_21_5.6_100,0.6077698106848862,0.6077698106848862,0.6077231182586983,0.6443746919583518,0.6125776619134242,0.016505266650740265,0.008719131200005505,0.010106974060573148,0.019423368439562626,1.0,0.2945687278119338
123_LensData_21_5.6_100,0.7322934988664066,0.7322934988664066,0.7322623676585226,0.7376503284995052,0.6902780360764805,0.034939651299436686,0.02850361832862972,0.027913181891974892,0.029516224686598758,1.0,0.2932390652873448
124_LensData_21_6.3_100,0.6205948650648044,0.6205948650648044,0.6205515328163385,0.6471882385338394,0.6100821564971239,0.024942616250174108,0.018454503452372966,0.020169414212207325,0.023102430196254024,1.0,0.3392054466072603
125_LensData_21_6.3_100,0.6237168393934936,0.6237168393934936,0.6236726992226443,0.654041397709407,0.6194997231609146,0.018180959474169738,0.01113658294590499,0.01353871971558803,0.019463868952093486,1.0,0.33930515816621604
126_LensData_21_6.3_100,0.6215228797580302,0.6215228797580302,0.6214783928954095,0.6502134080081485,0.6155312818107892,0.016907551093515556,0.011035921419373472,0.011950182482390074,0.017952897387302064,1.0,0.3393499480586262
127_LensData_21_6.3_100,0.6574946373858371,0.6574946373858371,0.6574561398060182,0.6743536698932977,0.6356232416750454,0.028233652451956373,0.022971777665742696,0.021856283434645723,0.02449381545282444,1.0,0.3388529475889858
128_LensData_21_6.3_100,0.6016354200831874,0.6016354200831874,0.6015880154290986,0.6185716670661761,0.5814281135958951,0.006942673781291441,0.007462984816899658,0.0015306861351466754,0.0057166756389431484,1.0,0.33968229345746337
129_LensData_21_6.3_100,0.5599672552757737,0.5599672552757737,0.5599120043697146,0.6121533132558689,0.5850482864588247,0.009606454447841535,0.010254009811388765,0.008565018280909553,0.004002489483009575,1.0,0.33976122235976897
12_LensData_21_2_50,0.679245176315747,0.679245176315747,0.6792063781681984,0.720338322490698,0.6731097881001887,0.19509714864993832,0.10830070804431711,0.183774638339655,0.18893422513896888,1.0,0.06213832345093479
130_LensData_21_6.3_100,0.6061695095282237,0.6061695095282237,0.606122964992593,0.6400724934000585,0.6077511786616859,0.013971083261712636,0.008246152106880416,0.00892073019165719,0.01590394132175921,1.0,0.3394344161526984
131_LensData_21_6.3_100,0.7019861396935873,0.7019861396935873,0.7019520387342425,0.7115354615512817,0.6667042435397136,0.027944745946112695,0.02291841596026566,0.022258393447069643,0.023672397763928623,1.0,0.3382823986227139
132_LensData_21_7.1_100,0.6087919201449198,0.6087919201449198,0.6087462265791689,0.6426958856554444,0.6076539441019752,0.014592141848150164,0.008278090665626738,0.011731888523987035,0.015768950143173473,1.0,0.39051662887354094
133_LensData_21_2.8_100,0.5882182089555519,0.5882182089555519,0.5881685841752359,0.6217873655287227,0.5897537350364954,0.005589849691532769,0.0010049867936353673,0.0014095785215342996,0.008009487246278807,1.0,0.390919847834066
134_LensData_21_2.8_100,0.6138334976601311,0.6138334976601311,0.613788236166453,0.6322072399433668,0.5954134094951895,0.009699315829202972,0.008627125708627774,0.0047831614219949374,0.009316170536204978,1.0,0.3907991276536363
135_LensData_21_2.8_100,0.5910024808760524,0.5910024808760524,0.5909534036877037,0.6123905188353297,0.5779572038850014,0.0035493062386915916,0.0026839467476019434,0.0030801304256833396,0.0037298175914345414,1.0,0.3910584192355915
136_LensData_21_2.8_100,0.599065244013039,0.599065244013039,0.5990175545593173,0.6108114234140359,0.5726481231606463,0.004270382535102824,0.004815179551200856,0.003878505348396918,0.0019308852434848061,1.0,0.39103618918263633
137_LensData_21_8_100,0.6848252581402569,0.6848252581402569,0.6847897870734716,0.6798707196410647,0.6308275158380569,0.014707061218276462,0.015824061209061144,0.008741528732768955,0.009053120731721074,1.0,0.39007371338988156
138_LensData_21_8_100,0.592494049560394,0.592494049560394,0.5924455198780083,0.6109089231549351,0.5755391133839907,0.003385444826618722,0.0032471793452700072,0.0012382142190160352,0.0035472242081467536,1.0,0.4488203659042287
139_LensData_21_8_100,0.6545002189853067,0.6545002189853067,0.6544622021249173,0.6672471323313676,0.6278537700632897,0.02023659564285216,0.017167887808901952,0.016072795279764216,0.01672933839156891,1.0,0.44775481961594527
13_LensData_21_1.8_50,0.6949560159888676,0.6949560159888676,0.694918172670495,0.7353603089559454,0.6870228325746057,0.24206565482822792,0.12053962193935938,0.23103152466745458,0.24106566751161254,1.0,0.049948785377999454
140_LensData_21_8_100,0.6034349065191031,0.6034349065191031,0.6033883665280492,0.6137844147571853,0.5751489951981774,0.005247855223906028,0.0062293862666361645,0.0003807772867439736,0.0036338427580004853,1.0,0.4486670273960973
141_LensData_21_8_100,0.6431785988671995,0.6431785988671995,0.643137137448795,0.6587191593215903,0.6182643776384654,0.011038369326714212,0.009441580152059096,0.0077298927770666145,0.00997423775241321,1.0,0.4477993835435315
14_LensData_21_1.8_50,0.6524998619467037,0.6524998619467037,0.6524566561280044,0.708730060620296,0.6662464028801101,0.20660189106471757,0.058961679210634874,0.19053935805913141,0.22907089824274585,1.0,0.05026343834183347
15_LensData_21_1.8_50,0.608960490526466,0.608960490526466,0.6089128728000025,0.6379731017898959,0.5912022896838827,0.04583976227133653,0.027331319036493985,0.04610462205878119,0.04159887337969809,1.0,0.050845273334990414
16_LensData_21_1.8_50,0.6443016949878438,0.6443016949878438,0.644259966955393,0.6565415622766347,0.604082119167994,0.14259684545555437,0.1463782359741165,0.08976261829144894,0.08872792436599061,1.0,0.05099720719691857
17_LensData_21_1.8_50,0.7610622687534512,0.7610622687534512,0.7610369647720886,0.7709654000436303,0.7123886384881658,0.4821018927765286,0.374821642942165,0.4424022941680602,0.3778164292365344,1.0,0.04969380544917227
18_LensData_21_1.8_50,0.7801090474127712,0.7801090474127712,0.7800878989654926,0.7756267663798591,0.7122027109218775,0.5866810715577243,0.48393983487597886,0.5305921116766081,0.4311712446778374,0.9797895632084417,0.050642326387256076
19_LensData_21_1.8_50,0.6011170923014655,0.6011170923014655,0.6010685147629268,0.6269609589815278,0.579452233578424,0.03346314969640011,0.01767252534901546,0.02791956098562331,0.03561859584116897,1.0,0.051709436107835294
1_LensData_21_2.8_50,0.589216089659393,0.589216089659393,0.5891660553621397,0.6192887383928111,0.5740834525108646,0.027630188761497185,0.02157067278296713,0.03437002669901604,0.012251857944495528,1.0,0.11509179973653723
20_LensData_21_1.8_50,0.7036065381963477,0.7036065381963477,0.7035701879567315,0.74191692570709,0.6927882579992749,0.2587031305344647,0.15620935242019715,0.24337493793320208,0.2414410596889092,1.0,0.04918569606021169
21_LensData_21_1.4_50,0.6609519025809153,0.6609519025809153,0.6609114286512894,0.6758253783053159,0.622906931102944,0.23598646104836327,0.22187891087002476,0.16978840350419008,0.16733322673376044,1.0,0.02541362250316504
22_LensData_21_1.4_50,0.7435257176610411,0.7435257176610411,0.7434988423517574,0.7492960855435733,0.6882337660755552,0.7254150149065492,0.5984251509535333,0.6556941258375151,0.5331422262410306,0.6415536919510738,0.02469429707534339
23_LensData_21_1.4_50,0.6632883151305788,0.6632883151305788,0.6632481078546162,0.6843319110964508,0.6322782889980997,0.3130794821072792,0.22164017585784213,0.2716825371332474,0.2794191555685413,1.0,0.02571085174692184
24_LensData_21_1.4_85,0.7454612972634683,0.7454612972634683,0.745431854814916,0.8103678992155948,0.7694899186761437,1.0,0.4325407735747157,1.0,1.0,1.0,0.024961918819999474
25_LensData_21_1.4_85,0.6702950802990826,0.6702950802990826,0.6702579552407071,0.6890775257697783,0.6395313249516398,0.5634081189967524,0.4547090342053023,0.4785470165020895,0.4501899777703542,0.7345439745235114,0.025459291826241598
26_LensData_21_1.4_85,0.6618362277288361,0.6618362277288361,0.6617940170316378,0.6818181084830317,0.6360099809599086,0.18832934550875632,0.1101142695942827,0.13538542411394341,0.2014181811747494,1.0,0.025777083868981927
27_LensData_21_1.4_85,0.6736882473108661,0.6736882473108661,0.6736478187143039,0.6970302776284584,0.6511036457818754,0.24522430550148944,0.13603389161694915,0.19010506342538408,0.2602888120782449,0.9996904133746735,0.025770787389697097
28_LensData_21_1.8_85,0.7383596035937632,0.7383596035937632,0.7383278271928545,0.7819308776048061,0.7379485586708863,0.40844247397047867,0.22374136314283902,0.3844008338556161,0.3969697338178831,1.0,0.050598189960688225
29_LensData_21_1.8_85,0.6385462999354745,0.6385462999354745,0.6385031670336565,0.666691785292407,0.6251881851962955,0.15296046020530005,0.1143316638066069,0.10230398619981428,0.14796790210920938,1.0,0.05102291222243732
2_LensData_21_2.8_50,0.9520490161920573,0.9520490161920573,0.9520506911726799,0.9315843379391885,0.8574296032964082,0.41533002585008866,0.3324992498991549,0.3873004188561719,0.3089822642939557,1.0,0.11176539599113973
30_LensData_21_1.8_85,0.6986742268521496,0.6986742268521496,0.6986395536804053,0.7049745907885018,0.6548282826499122,0.2541437807703923,0.20400926023771168,0.19938975778789095,0.21563164709680915,1.0,0.05125714613755883
31_LensData_21_1.8_85,0.6414810876959447,0.6414810876959447,0.6414381857765328,0.6516696822357295,0.6053400270200313,0.12633777849699984,0.11982780559741595,0.06103073292101505,0.10399616721337768,1.0,0.05144927730952845
32_LensData_21_1.8_85,1.0,1.0,1.0,0.9862727771205767,0.9158757883263988,0.7137236143878403,0.515614739469164,0.6725150468708397,0.5886319086917795,1.0,0.04935957293869696
33_LensData_21_2_85,0.7064988474223637,0.7064988474223637,0.7064619365878959,0.7514096738934551,0.7098132358812067,0.23533730462978938,0.11343193985306213,0.21267924448399708,0.24375522899192542,1.0,0.06341591024432906
34_LensData_21_2_85,0.608142493452012,0.608142493452012,0.6080951499895959,0.6411703876296367,0.6023842249332658,0.07597581910295718,0.047897760163903076,0.03600050442339986,0.08602192729337972,1.0,0.06394653061548543
35_LensData_21_2_85,0.6887561605470777,0.6887561605470777,0.6887211480826985,0.6887964647965884,0.6380634267738825,0.23839528934807513,0.21755360297957346,0.1740565799510188,0.17725786049672929,1.0,0.06406915622902572
36_LensData_21_2_85,0.6388426676710605,0.6388426676710605,0.6387998425412049,0.6545055009254681,0.6096766632362612,0.12593855527447148,0.10039883016110314,0.07996834535462774,0.11789092163888278,1.0,0.0642015838302015
37_LensData_21_2_85,0.9602876045195035,0.9602876045195035,0.9602853319523338,0.9522089837730253,0.8853222029193615,0.6699109107061775,0.49310872390437915,0.6293091619763399,0.5444126922249372,1.0,0.0623229244978237
38_LensData_21_2.8_85,0.6399459917107007,0.6399459917107007,0.639901747419943,0.6734433397634031,0.6335023435764168,0.06202027423976557,0.04015717096336784,0.04224472311557831,0.06510081004343769,1.0,0.11513129472347707
39_LensData_21_2.8_85,0.5913274319610147,0.5913274319610147,0.5912782466947629,0.6136261258202403,0.5736976386307765,0.019229694567715963,0.011107460466196598,0.025587849371588502,0.0121485962138634,1.0,0.11541110024715664
3_LensData_21_2.8_50,0.6972498568493961,0.6972498568493961,0.697217742686862,0.7018039813830586,0.645113770581874,0.1885909904071236,0.1615291069227419,0.164463876624265,0.1360746797096148,1.0,0.11483407158687768
40_LensData_21_2.8_85,0.778251593535992,0.778251593535992,0.7782228313700158,0.8130633953926407,0.7672976397931206,0.16560042886312584,0.08094583160898329,0.15475557853695612,0.1680685051314247,1.0,0.11441231740362753
41_LensData_21_2.8_85,0.6322905749738623,0.6322905749738623,0.632248539546382,0.650596700758736,0.6073341541643885,0.11764862957618943,0.09177657465669821,0.09314450287658223,0.10262000902312572,1.0,0.11530420667109231
42_LensData_21_2.8_85,0.7365465262780603,0.7365465262780603,0.73651413557606,0.7597460336146956,0.7122868299924134,0.1187841178514864,0.07635451812277329,0.10411889816756525,0.11252033688271267,1.0,0.11441231740362753
43_LensData_21_2.8_85,0.7399587783550767,0.7399587783550767,0.7399221401973359,0.804219576198975,0.7668822749891702,0.13776836578491883,0.04523652806940999,0.11923961459285819,0.1551875135628667,1.0,0.11436156081843238
44_LensData_21_4_85,0.632225956676933,0.632225956676933,0.6321829938289818,0.6634186258464735,0.6236786438036551,0.05040766226166616,0.03434260859919326,0.04080690886478401,0.04854495090805146,1.0,0.19191029440773702
45_LensData_21_4_85,0.6064112765883691,0.6064112765883691,0.6063631374053151,0.6487679736324384,0.6137711602519426,0.021882936297155386,0.005952290655721704,0.01220103330516375,0.028125947772002086,1.0,0.19191218762653267
46_LensData_21_4_85,0.5554641075461165,0.5554641075461165,0.5554099053073243,0.5843228916464477,0.5478895040433931,0.015902159551995733,0.00983619527953566,0.02410370858727522,0.0026236922113803893,1.0,0.19257121098213473
47_LensData_21_4_85,0.5803255680018361,0.5803255680018361,0.5802746790263021,0.6159226309984281,0.5815408179505279,0.010126062919312244,0.0032628448239087043,0.007925367239595728,0.0123748830010227,1.0,0.19223131102958732
48_LensData_21_4_85,0.6824965075630908,0.6824965075630908,0.6824589388146801,0.7222097189292583,0.6826595909710894,0.06921698202182114,0.03482551628266903,0.06280779907109953,0.07119910434076408,1.0,0.1914813887431653
49_LensData_21_4_85,0.6312835767556357,0.6312835767556357,0.6312416922627792,0.6371737950614454,0.5913721428127566,0.04787090981731407,0.04673479100376285,0.0306630188323936,0.03436198514911776,1.0,0.19220734654392907
4_LensData_21_2.8_50,0.7441459570517254,0.7441459570517254,0.7441150978760145,0.771202783346244,0.7180201233068334,0.13841367146868264,0.08745329487511719,0.1318028949870297,0.12537760018539953,1.0,0.11348430430011061
50_LensData_21_4_85,0.6262300440015747,0.6262300440015747,0.6261827577960738,0.6658365115264335,0.6294325156391172,0.019950131733290376,0.013837216042356491,0.015708484554625892,0.01966697081366518,1.0,0.1919966801492345
51_LensData_21_4_85,0.6549258388405313,0.6549258388405313,0.6548828841979075,0.6857369575705824,0.6463784932353805,0.023708769042975485,0.011595359458592903,0.01830366004825745,0.026641033074297018,1.0,0.19171369279654676
52_LensData_21_4_85,0.6529298950049324,0.6529298950049324,0.6528876956976791,0.671363181642736,0.6284670714604721,0.027417915296185924,0.025952618107197886,0.014752360561992455,0.02264900370404846,1.0,0.19164531706223742
53_LensData_21_4_85,0.6374086134629466,0.6374086134629466,0.6373606707061422,0.6938994385051264,0.6603185538292758,0.03324961619774567,0.03200631113102328,0.02471679288603981,0.022686798345864914,1.0,0.1914427121153178
54_LensData_21_5.6_85,0.6094677930635682,0.6094677930635682,0.609421765184525,0.6377383733056546,0.598616408097247,0.015576677901080284,0.010288814320702618,0.01071602805284528,0.016625883513394123,1.0,0.29457653886625507
55_LensData_21_5.6_85,0.59199693698094,0.59199693698094,0.5919469193823392,0.6337124860377823,0.5997655641236216,0.009031184516107743,0.004730218413378757,0.003678062327480441,0.011398081724294554,1.0,0.29476635542556806
56_LensData_21_5.6_85,0.6195665072545546,0.6195665072545546,0.6195217654950946,0.6459163930418109,0.6070670022115833,0.020082980944967244,0.015502137160741404,0.014104833810564486,0.019253142275379928,1.0,0.2946159972102505
57_LensData_21_5.6_85,0.5771091538458754,0.5771091538458754,0.5770569639024936,0.6072954604244413,0.571789658791636,0.008912091086159804,0.005543832438417148,0.013750707699512636,0.0021572723049057383,1.0,0.29514007681582577
58_LensData_21_5.6_85,0.6458833139732678,0.6458833139732678,0.6458431072179485,0.6549547245541645,0.6106161167288596,0.029044297067904037,0.028574756740831743,0.019388658793728634,0.020397710244077046,1.0,0.29434690974781713
59_LensData_21_5.6_85,0.5983528924976702,0.5983528924976702,0.598303179611726,0.6426925076550939,0.6086973491623746,0.008160621327244686,0.003201696427157979,0.004164807003660091,0.010618570734244822,1.0,0.29441027150589677
5_LensData_21_2_50,0.6479794146165292,0.6479794146165292,0.6479353409588526,0.6946478546499387,0.6502058382982566,0.11985166002498666,0.03657024182271567,0.1068635757750349,0.13439489177719033,1.0,0.06298778629590521
60_LensData_21_5.6_85,0.6853281886176726,0.6853281886176726,0.6852894741745837,0.7042495906144024,0.6592900496857425,0.015655703409985823,0.01038249133951402,0.013131197776718725,0.015536004278585591,1.0,0.29345851988154553
61_LensData_21_6.3_85,0.580832270467536,0.580832270467536,0.5807816264686061,0.6136823336033107,0.5769687031010896,0.004128727900542211,0.0008348215605228129,0.0019917759534561507,0.005876817696281978,1.0,0.33973272636331603
62_LensData_21_6.3_85,0.6025996851441655,0.6025996851441655,0.6025523340859471,0.6338262650934302,0.5970328231462064,0.010530600725513824,0.006017351141492481,0.006488527135561603,0.01233118111310025,1.0,0.339576499169732
63_LensData_21_6.3_85,0.5961578386828515,0.5961578386828515,0.5961093383624907,0.6225220201034506,0.5849397190435339,0.005268353551145744,0.0034078505352931076,0.0015780611532486555,0.006608778017726324,1.0,0.33972501302351316
64_LensData_21_6.3_85,0.6200580883866905,0.6200580883866905,0.620013284615313,0.6446424268462041,0.6060566764601614,0.012428264713914415,0.00943219599257319,0.007797870893898889,0.012722567531534367,1.0,0.33936024472601156
65_LensData_21_6.3_85,0.5967496231999901,0.5967496231999901,0.5967012067958845,0.609698628169479,0.5687140050512796,0.005108101690285524,0.003509150749880333,0.007940877144989816,0.0015159886173398433,1.0,0.339752647910772
66_LensData_21_6.3_85,0.573471043587475,0.573471043587475,0.5734182444897187,0.6186109170984199,0.5861066622885037,0.005730540275266079,0.005052065576423701,0.004580056087784518,0.005075878069444891,1.0,0.33964145489589437
67_LensData_21_6.3_85,0.6659859543623498,0.6659859543623498,0.6659461580985687,0.6857197587590966,0.6420067436078895,0.015718453298330205,0.011280996765352286,0.012201403332478543,0.015412156991164216,1.0,0.33846965628307407
68_LensData_21_7.1_85,0.6163450941855345,0.6163450941855345,0.6163007509573308,0.6415714968111771,0.6014335754958181,0.014623613060692606,0.01088189320021196,0.011630732583772325,0.01389566718302794,1.0,0.3904347013569493
69_LensData_21_7.1_85,0.5823949305346905,0.5823949305346905,0.5823442178925368,0.6189201875256559,0.584538553838217,0.004137165111150624,0.0013865924339011575,0.0014630060343254162,0.005847983475839265,1.0,0.39103530975197004
6_LensData_21_2_50,0.6394979409846233,0.6394979409846233,0.6394536148750424,0.6957340739809176,0.6539823503627185,0.16364244413926904,0.042614274731258055,0.15039917162500754,0.1830447594375981,1.0,0.06310177028171705
70_LensData_21_7.1_85,0.5843128744034602,0.5843128744034602,0.5842627717872351,0.6109613048484294,0.5743348832000587,0.002708630562235038,0.001065035107562391,0.002298800024640645,0.0035947447312945475,1.0,0.3911549672870113
71_LensData_21_7.1_85,0.5942895454826701,0.5942895454826701,0.594241215150207,0.6215157320755408,0.5846777920512648,0.006182433689028719,0.004560748306269574,0.0024380047436118797,0.007170807672677066,1.0,0.39099963173840846
72_LensData_21_7.1_85,0.6030220733082547,0.6030220733082547,0.6029751513250453,0.6160861845111057,0.574903921637439,0.0052007583447104605,0.006341862109171653,0.001267436295302074,0.003128881793738462,1.0,0.39094984619124074
73_LensData_21_7.1_85,0.6796639066060359,0.6796639066060359,0.6796278172546267,0.6771710356258979,0.6262548175812601,0.014578099198070588,0.015553326129912316,0.009180306347142958,0.008919929255004757,1.0,0.38984624620516506
74_LensData_21_8_85,0.5794439326953239,0.5794439326953239,0.5793933127373917,0.60149812361849,0.5641427980038081,0.0017789160992419707,0.0007906820151797061,0.0033328018050031165,0.0011582405583206337,1.0,0.4490417686816418
75_LensData_21_8_85,0.602925575538826,0.602925575538826,0.6028788689209881,0.6265174650338362,0.588484899472877,0.0068891255541642165,0.005699481648529008,0.003989593087628535,0.007038804233859806,1.0,0.44852743609928525
76_LensData_21_8_85,0.6172880175091365,0.6172880175091365,0.6172434190298427,0.6222212586448213,0.5782891780393847,0.005543970009103794,0.007010289056696336,0.001152517333136284,0.002672656828305051,1.0,0.4484421862890651
77_LensData_21_8_85,0.6335168709550758,0.6335168709550758,0.6334735891598782,0.6544732901795889,0.6127555396875709,0.007543059732079208,0.0057465095866279636,0.005332353746876797,0.007708360569900933,1.0,0.44774987892560436
78_LensData_21_8_35,0.6382225913010677,0.6382225913010677,0.6381798718279197,0.6830073757314181,0.6372514148187257,0.009582116550644155,0.004439321604721165,0.009686877729411566,0.01006410009791323,1.0,0.44408816170287085
79_LensData_21_8_35,0.6305031967057307,0.6305031967057307,0.6304605669758906,0.6469759822599521,0.5944028825688165,0.008495614520995148,0.008109891451330129,0.007048220370333449,0.0061218443078719645,1.0,0.4469958465222486
7_LensData_21_2_50,0.6253626031395527,0.6253626031395527,0.6253180116401492,0.6485234593458761,0.5997756312534674,0.08858200610735449,0.08174982965504236,0.05782086672261157,0.06924302697159769,1.0,0.06362367573925615
80_LensData_21_8_35,0.635719416346955,0.635719416346955,0.635677748308172,0.6486187555087481,0.595090504139957,0.009755467745482546,0.009708805106716428,0.007812498273068536,0.006444306567244446,1.0,0.4467884230281362
81_LensData_21_7.1_35,0.6083356174667,0.6083356174667,0.6082890304482452,0.6289021281433719,0.5783668248646875,0.0029396784104325836,0.003247287566489233,0.002322173453620547,0.002138340325746867,1.0,0.39016287788799836
82_LensData_21_7.1_35,0.6228116825300744,0.6228116825300744,0.622767330560982,0.6408567125672421,0.5891035571531331,0.005734631282257053,0.005880099455529878,0.004249937991478776,0.004158685373591392,1.0,0.38961857137709677
83_LensData_21_6.3_35,0.6846107966577825,0.6846107966577825,0.6845768527806851,0.6914028063431157,0.6339438303889517,0.03315270755738636,0.02958827505703534,0.029053412199576738,0.02289645188039053,1.0,0.33675071133115875
84_LensData_21_6.3_35,0.6890250554147116,0.6890250554147116,0.6889916542180013,0.6938805727513034,0.635827445426824,0.03261063802319346,0.02954342309689193,0.028260603196712007,0.02212872740323587,1.0,0.33665805353900613
85_LensData_21_5.6_35,0.6627455610271122,0.6627455610271122,0.6627072275760973,0.6759546498411158,0.6210232154775961,0.023644751146393347,0.021095737063497506,0.02010158399551435,0.017120871024497934,1.0,0.29268715536547363
86_LensData_21_5.6_35,0.7231323065801125,0.7231323065801125,0.7231040579025991,0.7236577844899428,0.6629121907102772,0.05380998811727151,0.047360684518555116,0.047704073989899294,0.03706100995646222,1.0,0.29126647787407406
87_LensData_21_4_35,0.7429666925399911,0.7429666925399911,0.7429393511890159,0.7463075730450823,0.6851174962302049,0.08251773449451417,0.06947682275117516,0.07408217794349009,0.060030774596902294,1.0,0.18925730248078843
88_LensData_21_4_35,0.8337860282083941,0.8337860282083941,0.8337737314007622,0.8194390748488936,0.7497694563001065,0.16917876405985918,0.1436918810965887,0.15415764098504137,0.11838087558061561,1.0,0.18766068389170054
89_LensData_21_2_100,0.7146728407415506,0.7146728407415506,0.7146365054396269,0.7639044465797131,0.7255246139787981,0.26434733938597604,0.12108771836155621,0.23695409988591562,0.2781906649925602,1.0,0.06354088711347038
8_LensData_21_2_50,0.6278857442469212,0.6278857442469212,0.6278416848091084,0.643326216739498,0.5924749112483174,0.07677743955605555,0.0802709476282832,0.043777770653818215,0.04832921322593217,1.0,0.06387158357980802
90_LensData_21_2_100,0.6083039184813946,0.6083039184813946,0.6082567246086047,0.64474094345344,0.609601633361781,0.11821943835189683,0.07491149206341033,0.06694878139813404,0.12990428361512663,1.0,0.06396272679692419
91_LensData_21_2_100,0.8842860850579787,0.8842860850579787,0.88427135709605,0.9157546501625301,0.8642895014840007,0.5608255519223255,0.29850003279755427,0.5475963402533623,0.5375165397261259,1.0,0.06314605938722004
92_LensData_21_2_100,0.6871440372851301,0.6871440372851301,0.6871085929954129,0.6832137866782065,0.6344293661334935,0.22935380958484958,0.21839716327886993,0.15143714255764756,0.1670204089449326,1.0,0.06410116384098673
93_LensData_21_2_100,0.6370896246657014,0.6370896246657014,0.6370459394575592,0.6531016991436296,0.6112328716293696,0.09209479906337081,0.06422412384494276,0.048882933376579486,0.09817144204114106,1.0,0.06418775111867855
94_LensData_21_2_100,0.880072438787642,0.880072438787642,0.8800551493995137,0.89180422118327,0.8358923439072378,0.3531601288028823,0.22057185288657177,0.3286962350097773,0.3259678577580208,1.0,0.0628243160136385
95_LensData_21_2.8_100,0.6616318036632202,0.6616318036632202,0.661590450294886,0.7016889371528392,0.6651075961873323,0.110232346743202,0.06368305016530541,0.08970176652402506,0.1136056365351313,1.0,0.11498591994860216
96_LensData_21_2.8_100,0.5985937000646032,0.5985937000646032,0.5985459740084289,0.6191879599118328,0.5815276521676155,0.03809223763500767,0.036415205367464135,0.005401219375331466,0.034599565652170775,1.0,0.11535365021744534
97_LensData_21_2.8_100,0.7285866645185198,0.7285866645185198,0.7285497718866173,0.7863036927562469,0.7508630321580395,0.1339176879383784,0.04666237754278745,0.11177048029983626,0.15197548797966923,1.0,0.11463809290574274
98_LensData_21_2.8_100,0.7536859356774614,0.7536859356774614,0.7536560915124431,0.7754218648194214,0.7293870584824524,0.17403951926811878,0.11409094224516193,0.15443407576224763,0.1615375819999555,1.0,0.11474329479920582
99_LensData_21_2.8_100,0.6210884140895726,0.6210884140895726,0.6210440962268898,0.6268281897028276,0.5841486264891976,0.05669570258071527,0.0599775672556865,0.016925269525339837,0.04117434230140903,1.0,0.11547654454591148
9_LensData_21_2_50,0.7022006050575067,0.7022006050575067,0.7021661182524869,0.7313632868901351,0.6801498077214523,0.23721755691693275,0.146951392839936,0.2243045721071436,0.2177860364490011,1.0,0.06273816845127986
